date,product_line,step,device,channel,users,source
2026-06-29,auto,page_view,mobile,sea,842,dummy
2026-06-29,auto,view_item,mobile,sea,337,dummy
2026-06-29,auto,add_to_cart,mobile,sea,105,dummy
2026-06-29,auto,begin_checkout,mobile,sea,33,dummy
2026-06-29,auto,add_payment_info,mobile,sea,22,dummy
2026-06-29,auto,purchase,mobile,sea,16,dummy
2026-06-29,auto,page_view,mobile,seo,743,dummy
2026-06-29,auto,view_item,mobile,seo,307,dummy
2026-06-29,auto,add_to_cart,mobile,seo,140,dummy
2026-06-29,auto,begin_checkout,mobile,seo,47,dummy
2026-06-29,auto,add_payment_info,mobile,seo,31,dummy
2026-06-29,auto,purchase,mobile,seo,27,dummy
2026-06-29,auto,page_view,mobile,direct,434,dummy
2026-06-29,auto,view_item,mobile,direct,169,dummy
2026-06-29,auto,add_to_cart,mobile,direct,66,dummy
2026-06-29,auto,begin_checkout,mobile,direct,19,dummy
2026-06-29,auto,add_payment_info,mobile,direct,12,dummy
2026-06-29,auto,purchase,mobile,direct,12,dummy
2026-06-29,auto,page_view,mobile,email,250,dummy
2026-06-29,auto,view_item,mobile,email,109,dummy
2026-06-29,auto,add_to_cart,mobile,email,48,dummy
2026-06-29,auto,begin_checkout,mobile,email,11,dummy
2026-06-29,auto,add_payment_info,mobile,email,9,dummy
2026-06-29,auto,purchase,mobile,email,9,dummy
2026-06-29,auto,page_view,mobile,paid_social,205,dummy
2026-06-29,auto,view_item,mobile,paid_social,79,dummy
2026-06-29,auto,add_to_cart,mobile,paid_social,34,dummy
2026-06-29,auto,begin_checkout,mobile,paid_social,13,dummy
2026-06-29,auto,add_payment_info,mobile,paid_social,10,dummy
2026-06-29,auto,purchase,mobile,paid_social,7,dummy
2026-06-29,auto,page_view,mobile,affiliate,292,dummy
2026-06-29,auto,view_item,mobile,affiliate,110,dummy
2026-06-29,auto,add_to_cart,mobile,affiliate,54,dummy
2026-06-29,auto,begin_checkout,mobile,affiliate,16,dummy
2026-06-29,auto,add_payment_info,mobile,affiliate,11,dummy
2026-06-29,auto,purchase,mobile,affiliate,9,dummy
2026-06-29,auto,page_view,mobile,referral,140,dummy
2026-06-29,auto,view_item,mobile,referral,60,dummy
2026-06-29,auto,add_to_cart,mobile,referral,20,dummy
2026-06-29,auto,begin_checkout,mobile,referral,6,dummy
2026-06-29,auto,add_payment_info,mobile,referral,3,dummy
2026-06-29,auto,purchase,mobile,referral,1,dummy
2026-06-29,auto,page_view,desktop,sea,511,dummy
2026-06-29,auto,view_item,desktop,sea,276,dummy
2026-06-29,auto,add_to_cart,desktop,sea,93,dummy
2026-06-29,auto,begin_checkout,desktop,sea,23,dummy
2026-06-29,auto,add_payment_info,desktop,sea,16,dummy
2026-06-29,auto,purchase,desktop,sea,12,dummy
2026-06-29,auto,page_view,desktop,seo,433,dummy
2026-06-29,auto,view_item,desktop,seo,235,dummy
2026-06-29,auto,add_to_cart,desktop,seo,86,dummy
2026-06-29,auto,begin_checkout,desktop,seo,28,dummy
2026-06-29,auto,add_payment_info,desktop,seo,17,dummy
2026-06-29,auto,purchase,desktop,seo,14,dummy
2026-06-29,auto,page_view,desktop,direct,246,dummy
2026-06-29,auto,view_item,desktop,direct,132,dummy
2026-06-29,auto,add_to_cart,desktop,direct,61,dummy
2026-06-29,auto,begin_checkout,desktop,direct,15,dummy
2026-06-29,auto,add_payment_info,desktop,direct,11,dummy
2026-06-29,auto,purchase,desktop,direct,11,dummy
2026-06-29,auto,page_view,desktop,email,114,dummy
2026-06-29,auto,view_item,desktop,email,65,dummy
2026-06-29,auto,add_to_cart,desktop,email,28,dummy
2026-06-29,auto,begin_checkout,desktop,email,6,dummy
2026-06-29,auto,add_payment_info,desktop,email,3,dummy
2026-06-29,auto,purchase,desktop,email,3,dummy
2026-06-29,auto,page_view,desktop,paid_social,113,dummy
2026-06-29,auto,view_item,desktop,paid_social,66,dummy
2026-06-29,auto,add_to_cart,desktop,paid_social,28,dummy
2026-06-29,auto,begin_checkout,desktop,paid_social,6,dummy
2026-06-29,auto,add_payment_info,desktop,paid_social,4,dummy
2026-06-29,auto,purchase,desktop,paid_social,4,dummy
2026-06-29,auto,page_view,desktop,affiliate,160,dummy
2026-06-29,auto,view_item,desktop,affiliate,87,dummy
2026-06-29,auto,add_to_cart,desktop,affiliate,36,dummy
2026-06-29,auto,begin_checkout,desktop,affiliate,12,dummy
2026-06-29,auto,add_payment_info,desktop,affiliate,10,dummy
2026-06-29,auto,purchase,desktop,affiliate,9,dummy
2026-06-29,auto,page_view,desktop,referral,83,dummy
2026-06-29,auto,view_item,desktop,referral,39,dummy
2026-06-29,auto,add_to_cart,desktop,referral,23,dummy
2026-06-29,auto,begin_checkout,desktop,referral,8,dummy
2026-06-29,auto,add_payment_info,desktop,referral,2,dummy
2026-06-29,auto,purchase,desktop,referral,2,dummy
2026-06-29,auto,page_view,tablet,sea,106,dummy
2026-06-29,auto,view_item,tablet,sea,57,dummy
2026-06-29,auto,add_to_cart,tablet,sea,16,dummy
2026-06-29,auto,begin_checkout,tablet,sea,5,dummy
2026-06-29,auto,add_payment_info,tablet,sea,4,dummy
2026-06-29,auto,purchase,tablet,sea,4,dummy
2026-06-29,auto,page_view,tablet,seo,84,dummy
2026-06-29,auto,view_item,tablet,seo,53,dummy
2026-06-29,auto,add_to_cart,tablet,seo,21,dummy
2026-06-29,auto,begin_checkout,tablet,seo,2,dummy
2026-06-29,auto,add_payment_info,tablet,seo,1,dummy
2026-06-29,auto,purchase,tablet,seo,1,dummy
2026-06-29,auto,page_view,tablet,direct,54,dummy
2026-06-29,auto,view_item,tablet,direct,29,dummy
2026-06-29,auto,add_to_cart,tablet,direct,17,dummy
2026-06-29,auto,begin_checkout,tablet,direct,4,dummy
2026-06-29,auto,add_payment_info,tablet,direct,4,dummy
2026-06-29,auto,purchase,tablet,direct,3,dummy
2026-06-29,auto,page_view,tablet,email,33,dummy
2026-06-29,auto,view_item,tablet,email,14,dummy
2026-06-29,auto,add_to_cart,tablet,email,9,dummy
2026-06-29,auto,begin_checkout,tablet,email,4,dummy
2026-06-29,auto,add_payment_info,tablet,email,3,dummy
2026-06-29,auto,purchase,tablet,email,3,dummy
2026-06-29,auto,page_view,tablet,paid_social,24,dummy
2026-06-29,auto,view_item,tablet,paid_social,11,dummy
2026-06-29,auto,add_to_cart,tablet,paid_social,4,dummy
2026-06-29,auto,begin_checkout,tablet,paid_social,1,dummy
2026-06-29,auto,add_payment_info,tablet,paid_social,1,dummy
2026-06-29,auto,purchase,tablet,paid_social,1,dummy
2026-06-29,auto,page_view,tablet,affiliate,34,dummy
2026-06-29,auto,view_item,tablet,affiliate,20,dummy
2026-06-29,auto,add_to_cart,tablet,affiliate,10,dummy
2026-06-29,auto,begin_checkout,tablet,affiliate,3,dummy
2026-06-29,auto,add_payment_info,tablet,affiliate,3,dummy
2026-06-29,auto,purchase,tablet,affiliate,3,dummy
2026-06-29,auto,page_view,tablet,referral,13,dummy
2026-06-29,auto,view_item,tablet,referral,5,dummy
2026-06-29,auto,add_to_cart,tablet,referral,1,dummy
2026-06-29,auto,begin_checkout,tablet,referral,0,dummy
2026-06-29,auto,add_payment_info,tablet,referral,0,dummy
2026-06-29,auto,purchase,tablet,referral,0,dummy
2026-06-30,auto,page_view,mobile,sea,909,dummy
2026-06-30,auto,view_item,mobile,sea,302,dummy
2026-06-30,auto,add_to_cart,mobile,sea,100,dummy
2026-06-30,auto,begin_checkout,mobile,sea,26,dummy
2026-06-30,auto,add_payment_info,mobile,sea,21,dummy
2026-06-30,auto,purchase,mobile,sea,17,dummy
2026-06-30,auto,page_view,mobile,seo,801,dummy
2026-06-30,auto,view_item,mobile,seo,305,dummy
2026-06-30,auto,add_to_cart,mobile,seo,130,dummy
2026-06-30,auto,begin_checkout,mobile,seo,38,dummy
2026-06-30,auto,add_payment_info,mobile,seo,24,dummy
2026-06-30,auto,purchase,mobile,seo,19,dummy
2026-06-30,auto,page_view,mobile,direct,451,dummy
2026-06-30,auto,view_item,mobile,direct,180,dummy
2026-06-30,auto,add_to_cart,mobile,direct,94,dummy
2026-06-30,auto,begin_checkout,mobile,direct,29,dummy
2026-06-30,auto,add_payment_info,mobile,direct,20,dummy
2026-06-30,auto,purchase,mobile,direct,15,dummy
2026-06-30,auto,page_view,mobile,email,246,dummy
2026-06-30,auto,view_item,mobile,email,75,dummy
2026-06-30,auto,add_to_cart,mobile,email,27,dummy
2026-06-30,auto,begin_checkout,mobile,email,10,dummy
2026-06-30,auto,add_payment_info,mobile,email,7,dummy
2026-06-30,auto,purchase,mobile,email,5,dummy
2026-06-30,auto,page_view,mobile,paid_social,221,dummy
2026-06-30,auto,view_item,mobile,paid_social,98,dummy
2026-06-30,auto,add_to_cart,mobile,paid_social,48,dummy
2026-06-30,auto,begin_checkout,mobile,paid_social,13,dummy
2026-06-30,auto,add_payment_info,mobile,paid_social,10,dummy
2026-06-30,auto,purchase,mobile,paid_social,6,dummy
2026-06-30,auto,page_view,mobile,affiliate,307,dummy
2026-06-30,auto,view_item,mobile,affiliate,110,dummy
2026-06-30,auto,add_to_cart,mobile,affiliate,50,dummy
2026-06-30,auto,begin_checkout,mobile,affiliate,14,dummy
2026-06-30,auto,add_payment_info,mobile,affiliate,8,dummy
2026-06-30,auto,purchase,mobile,affiliate,6,dummy
2026-06-30,auto,page_view,mobile,referral,170,dummy
2026-06-30,auto,view_item,mobile,referral,62,dummy
2026-06-30,auto,add_to_cart,mobile,referral,21,dummy
2026-06-30,auto,begin_checkout,mobile,referral,6,dummy
2026-06-30,auto,add_payment_info,mobile,referral,5,dummy
2026-06-30,auto,purchase,mobile,referral,4,dummy
2026-06-30,auto,page_view,desktop,sea,536,dummy
2026-06-30,auto,view_item,desktop,sea,304,dummy
2026-06-30,auto,add_to_cart,desktop,sea,110,dummy
2026-06-30,auto,begin_checkout,desktop,sea,31,dummy
2026-06-30,auto,add_payment_info,desktop,sea,22,dummy
2026-06-30,auto,purchase,desktop,sea,16,dummy
2026-06-30,auto,page_view,desktop,seo,406,dummy
2026-06-30,auto,view_item,desktop,seo,227,dummy
2026-06-30,auto,add_to_cart,desktop,seo,96,dummy
2026-06-30,auto,begin_checkout,desktop,seo,29,dummy
2026-06-30,auto,add_payment_info,desktop,seo,21,dummy
2026-06-30,auto,purchase,desktop,seo,17,dummy
2026-06-30,auto,page_view,desktop,direct,224,dummy
2026-06-30,auto,view_item,desktop,direct,124,dummy
2026-06-30,auto,add_to_cart,desktop,direct,47,dummy
2026-06-30,auto,begin_checkout,desktop,direct,8,dummy
2026-06-30,auto,add_payment_info,desktop,direct,6,dummy
2026-06-30,auto,purchase,desktop,direct,5,dummy
2026-06-30,auto,page_view,desktop,email,126,dummy
2026-06-30,auto,view_item,desktop,email,70,dummy
2026-06-30,auto,add_to_cart,desktop,email,40,dummy
2026-06-30,auto,begin_checkout,desktop,email,12,dummy
2026-06-30,auto,add_payment_info,desktop,email,7,dummy
2026-06-30,auto,purchase,desktop,email,7,dummy
2026-06-30,auto,page_view,desktop,paid_social,122,dummy
2026-06-30,auto,view_item,desktop,paid_social,57,dummy
2026-06-30,auto,add_to_cart,desktop,paid_social,23,dummy
2026-06-30,auto,begin_checkout,desktop,paid_social,6,dummy
2026-06-30,auto,add_payment_info,desktop,paid_social,4,dummy
2026-06-30,auto,purchase,desktop,paid_social,4,dummy
2026-06-30,auto,page_view,desktop,affiliate,179,dummy
2026-06-30,auto,view_item,desktop,affiliate,104,dummy
2026-06-30,auto,add_to_cart,desktop,affiliate,56,dummy
2026-06-30,auto,begin_checkout,desktop,affiliate,16,dummy
2026-06-30,auto,add_payment_info,desktop,affiliate,8,dummy
2026-06-30,auto,purchase,desktop,affiliate,5,dummy
2026-06-30,auto,page_view,desktop,referral,90,dummy
2026-06-30,auto,view_item,desktop,referral,45,dummy
2026-06-30,auto,add_to_cart,desktop,referral,18,dummy
2026-06-30,auto,begin_checkout,desktop,referral,6,dummy
2026-06-30,auto,add_payment_info,desktop,referral,5,dummy
2026-06-30,auto,purchase,desktop,referral,3,dummy
2026-06-30,auto,page_view,tablet,sea,108,dummy
2026-06-30,auto,view_item,tablet,sea,56,dummy
2026-06-30,auto,add_to_cart,tablet,sea,20,dummy
2026-06-30,auto,begin_checkout,tablet,sea,6,dummy
2026-06-30,auto,add_payment_info,tablet,sea,4,dummy
2026-06-30,auto,purchase,tablet,sea,3,dummy
2026-06-30,auto,page_view,tablet,seo,80,dummy
2026-06-30,auto,view_item,tablet,seo,44,dummy
2026-06-30,auto,add_to_cart,tablet,seo,20,dummy
2026-06-30,auto,begin_checkout,tablet,seo,6,dummy
2026-06-30,auto,add_payment_info,tablet,seo,2,dummy
2026-06-30,auto,purchase,tablet,seo,2,dummy
2026-06-30,auto,page_view,tablet,direct,64,dummy
2026-06-30,auto,view_item,tablet,direct,41,dummy
2026-06-30,auto,add_to_cart,tablet,direct,15,dummy
2026-06-30,auto,begin_checkout,tablet,direct,4,dummy
2026-06-30,auto,add_payment_info,tablet,direct,2,dummy
2026-06-30,auto,purchase,tablet,direct,2,dummy
2026-06-30,auto,page_view,tablet,email,26,dummy
2026-06-30,auto,view_item,tablet,email,10,dummy
2026-06-30,auto,add_to_cart,tablet,email,6,dummy
2026-06-30,auto,begin_checkout,tablet,email,0,dummy
2026-06-30,auto,add_payment_info,tablet,email,0,dummy
2026-06-30,auto,purchase,tablet,email,0,dummy
2026-06-30,auto,page_view,tablet,paid_social,22,dummy
2026-06-30,auto,view_item,tablet,paid_social,16,dummy
2026-06-30,auto,add_to_cart,tablet,paid_social,7,dummy
2026-06-30,auto,begin_checkout,tablet,paid_social,2,dummy
2026-06-30,auto,add_payment_info,tablet,paid_social,2,dummy
2026-06-30,auto,purchase,tablet,paid_social,1,dummy
2026-06-30,auto,page_view,tablet,affiliate,33,dummy
2026-06-30,auto,view_item,tablet,affiliate,22,dummy
2026-06-30,auto,add_to_cart,tablet,affiliate,11,dummy
2026-06-30,auto,begin_checkout,tablet,affiliate,3,dummy
2026-06-30,auto,add_payment_info,tablet,affiliate,2,dummy
2026-06-30,auto,purchase,tablet,affiliate,2,dummy
2026-06-30,auto,page_view,tablet,referral,16,dummy
2026-06-30,auto,view_item,tablet,referral,6,dummy
2026-06-30,auto,add_to_cart,tablet,referral,4,dummy
2026-06-30,auto,begin_checkout,tablet,referral,2,dummy
2026-06-30,auto,add_payment_info,tablet,referral,1,dummy
2026-06-30,auto,purchase,tablet,referral,1,dummy
2026-07-01,auto,page_view,mobile,sea,909,dummy
2026-07-01,auto,view_item,mobile,sea,349,dummy
2026-07-01,auto,add_to_cart,mobile,sea,110,dummy
2026-07-01,auto,begin_checkout,mobile,sea,39,dummy
2026-07-01,auto,add_payment_info,mobile,sea,27,dummy
2026-07-01,auto,purchase,mobile,sea,17,dummy
2026-07-01,auto,page_view,mobile,seo,797,dummy
2026-07-01,auto,view_item,mobile,seo,301,dummy
2026-07-01,auto,add_to_cart,mobile,seo,126,dummy
2026-07-01,auto,begin_checkout,mobile,seo,42,dummy
2026-07-01,auto,add_payment_info,mobile,seo,26,dummy
2026-07-01,auto,purchase,mobile,seo,20,dummy
2026-07-01,auto,page_view,mobile,direct,458,dummy
2026-07-01,auto,view_item,mobile,direct,181,dummy
2026-07-01,auto,add_to_cart,mobile,direct,76,dummy
2026-07-01,auto,begin_checkout,mobile,direct,22,dummy
2026-07-01,auto,add_payment_info,mobile,direct,13,dummy
2026-07-01,auto,purchase,mobile,direct,12,dummy
2026-07-01,auto,page_view,mobile,email,230,dummy
2026-07-01,auto,view_item,mobile,email,97,dummy
2026-07-01,auto,add_to_cart,mobile,email,40,dummy
2026-07-01,auto,begin_checkout,mobile,email,12,dummy
2026-07-01,auto,add_payment_info,mobile,email,10,dummy
2026-07-01,auto,purchase,mobile,email,7,dummy
2026-07-01,auto,page_view,mobile,paid_social,217,dummy
2026-07-01,auto,view_item,mobile,paid_social,71,dummy
2026-07-01,auto,add_to_cart,mobile,paid_social,35,dummy
2026-07-01,auto,begin_checkout,mobile,paid_social,10,dummy
2026-07-01,auto,add_payment_info,mobile,paid_social,5,dummy
2026-07-01,auto,purchase,mobile,paid_social,5,dummy
2026-07-01,auto,page_view,mobile,affiliate,313,dummy
2026-07-01,auto,view_item,mobile,affiliate,113,dummy
2026-07-01,auto,add_to_cart,mobile,affiliate,53,dummy
2026-07-01,auto,begin_checkout,mobile,affiliate,15,dummy
2026-07-01,auto,add_payment_info,mobile,affiliate,10,dummy
2026-07-01,auto,purchase,mobile,affiliate,9,dummy
2026-07-01,auto,page_view,mobile,referral,130,dummy
2026-07-01,auto,view_item,mobile,referral,57,dummy
2026-07-01,auto,add_to_cart,mobile,referral,27,dummy
2026-07-01,auto,begin_checkout,mobile,referral,8,dummy
2026-07-01,auto,add_payment_info,mobile,referral,4,dummy
2026-07-01,auto,purchase,mobile,referral,4,dummy
2026-07-01,auto,page_view,desktop,sea,456,dummy
2026-07-01,auto,view_item,desktop,sea,249,dummy
2026-07-01,auto,add_to_cart,desktop,sea,94,dummy
2026-07-01,auto,begin_checkout,desktop,sea,28,dummy
2026-07-01,auto,add_payment_info,desktop,sea,16,dummy
2026-07-01,auto,purchase,desktop,sea,10,dummy
2026-07-01,auto,page_view,desktop,seo,406,dummy
2026-07-01,auto,view_item,desktop,seo,225,dummy
2026-07-01,auto,add_to_cart,desktop,seo,106,dummy
2026-07-01,auto,begin_checkout,desktop,seo,30,dummy
2026-07-01,auto,add_payment_info,desktop,seo,20,dummy
2026-07-01,auto,purchase,desktop,seo,12,dummy
2026-07-01,auto,page_view,desktop,direct,235,dummy
2026-07-01,auto,view_item,desktop,direct,125,dummy
2026-07-01,auto,add_to_cart,desktop,direct,65,dummy
2026-07-01,auto,begin_checkout,desktop,direct,16,dummy
2026-07-01,auto,add_payment_info,desktop,direct,12,dummy
2026-07-01,auto,purchase,desktop,direct,11,dummy
2026-07-01,auto,page_view,desktop,email,150,dummy
2026-07-01,auto,view_item,desktop,email,81,dummy
2026-07-01,auto,add_to_cart,desktop,email,40,dummy
2026-07-01,auto,begin_checkout,desktop,email,11,dummy
2026-07-01,auto,add_payment_info,desktop,email,9,dummy
2026-07-01,auto,purchase,desktop,email,5,dummy
2026-07-01,auto,page_view,desktop,paid_social,126,dummy
2026-07-01,auto,view_item,desktop,paid_social,72,dummy
2026-07-01,auto,add_to_cart,desktop,paid_social,31,dummy
2026-07-01,auto,begin_checkout,desktop,paid_social,9,dummy
2026-07-01,auto,add_payment_info,desktop,paid_social,6,dummy
2026-07-01,auto,purchase,desktop,paid_social,0,dummy
2026-07-01,auto,page_view,desktop,affiliate,146,dummy
2026-07-01,auto,view_item,desktop,affiliate,87,dummy
2026-07-01,auto,add_to_cart,desktop,affiliate,44,dummy
2026-07-01,auto,begin_checkout,desktop,affiliate,13,dummy
2026-07-01,auto,add_payment_info,desktop,affiliate,6,dummy
2026-07-01,auto,purchase,desktop,affiliate,6,dummy
2026-07-01,auto,page_view,desktop,referral,85,dummy
2026-07-01,auto,view_item,desktop,referral,47,dummy
2026-07-01,auto,add_to_cart,desktop,referral,21,dummy
2026-07-01,auto,begin_checkout,desktop,referral,4,dummy
2026-07-01,auto,add_payment_info,desktop,referral,2,dummy
2026-07-01,auto,purchase,desktop,referral,1,dummy
2026-07-01,auto,page_view,tablet,sea,119,dummy
2026-07-01,auto,view_item,tablet,sea,58,dummy
2026-07-01,auto,add_to_cart,tablet,sea,19,dummy
2026-07-01,auto,begin_checkout,tablet,sea,9,dummy
2026-07-01,auto,add_payment_info,tablet,sea,5,dummy
2026-07-01,auto,purchase,tablet,sea,1,dummy
2026-07-01,auto,page_view,tablet,seo,87,dummy
2026-07-01,auto,view_item,tablet,seo,43,dummy
2026-07-01,auto,add_to_cart,tablet,seo,18,dummy
2026-07-01,auto,begin_checkout,tablet,seo,3,dummy
2026-07-01,auto,add_payment_info,tablet,seo,0,dummy
2026-07-01,auto,purchase,tablet,seo,0,dummy
2026-07-01,auto,page_view,tablet,direct,51,dummy
2026-07-01,auto,view_item,tablet,direct,31,dummy
2026-07-01,auto,add_to_cart,tablet,direct,12,dummy
2026-07-01,auto,begin_checkout,tablet,direct,2,dummy
2026-07-01,auto,add_payment_info,tablet,direct,1,dummy
2026-07-01,auto,purchase,tablet,direct,1,dummy
2026-07-01,auto,page_view,tablet,email,29,dummy
2026-07-01,auto,view_item,tablet,email,18,dummy
2026-07-01,auto,add_to_cart,tablet,email,10,dummy
2026-07-01,auto,begin_checkout,tablet,email,2,dummy
2026-07-01,auto,add_payment_info,tablet,email,1,dummy
2026-07-01,auto,purchase,tablet,email,1,dummy
2026-07-01,auto,page_view,tablet,paid_social,33,dummy
2026-07-01,auto,view_item,tablet,paid_social,19,dummy
2026-07-01,auto,add_to_cart,tablet,paid_social,8,dummy
2026-07-01,auto,begin_checkout,tablet,paid_social,4,dummy
2026-07-01,auto,add_payment_info,tablet,paid_social,3,dummy
2026-07-01,auto,purchase,tablet,paid_social,0,dummy
2026-07-01,auto,page_view,tablet,affiliate,38,dummy
2026-07-01,auto,view_item,tablet,affiliate,21,dummy
2026-07-01,auto,add_to_cart,tablet,affiliate,10,dummy
2026-07-01,auto,begin_checkout,tablet,affiliate,3,dummy
2026-07-01,auto,add_payment_info,tablet,affiliate,1,dummy
2026-07-01,auto,purchase,tablet,affiliate,0,dummy
2026-07-01,auto,page_view,tablet,referral,24,dummy
2026-07-01,auto,view_item,tablet,referral,15,dummy
2026-07-01,auto,add_to_cart,tablet,referral,7,dummy
2026-07-01,auto,begin_checkout,tablet,referral,2,dummy
2026-07-01,auto,add_payment_info,tablet,referral,2,dummy
2026-07-01,auto,purchase,tablet,referral,2,dummy
2026-07-02,auto,page_view,mobile,sea,914,dummy
2026-07-02,auto,view_item,mobile,sea,372,dummy
2026-07-02,auto,add_to_cart,mobile,sea,116,dummy
2026-07-02,auto,begin_checkout,mobile,sea,45,dummy
2026-07-02,auto,add_payment_info,mobile,sea,31,dummy
2026-07-02,auto,purchase,mobile,sea,29,dummy
2026-07-02,auto,page_view,mobile,seo,743,dummy
2026-07-02,auto,view_item,mobile,seo,305,dummy
2026-07-02,auto,add_to_cart,mobile,seo,152,dummy
2026-07-02,auto,begin_checkout,mobile,seo,47,dummy
2026-07-02,auto,add_payment_info,mobile,seo,33,dummy
2026-07-02,auto,purchase,mobile,seo,20,dummy
2026-07-02,auto,page_view,mobile,direct,396,dummy
2026-07-02,auto,view_item,mobile,direct,148,dummy
2026-07-02,auto,add_to_cart,mobile,direct,77,dummy
2026-07-02,auto,begin_checkout,mobile,direct,25,dummy
2026-07-02,auto,add_payment_info,mobile,direct,18,dummy
2026-07-02,auto,purchase,mobile,direct,17,dummy
2026-07-02,auto,page_view,mobile,email,215,dummy
2026-07-02,auto,view_item,mobile,email,72,dummy
2026-07-02,auto,add_to_cart,mobile,email,37,dummy
2026-07-02,auto,begin_checkout,mobile,email,8,dummy
2026-07-02,auto,add_payment_info,mobile,email,8,dummy
2026-07-02,auto,purchase,mobile,email,7,dummy
2026-07-02,auto,page_view,mobile,paid_social,208,dummy
2026-07-02,auto,view_item,mobile,paid_social,76,dummy
2026-07-02,auto,add_to_cart,mobile,paid_social,32,dummy
2026-07-02,auto,begin_checkout,mobile,paid_social,10,dummy
2026-07-02,auto,add_payment_info,mobile,paid_social,7,dummy
2026-07-02,auto,purchase,mobile,paid_social,6,dummy
2026-07-02,auto,page_view,mobile,affiliate,282,dummy
2026-07-02,auto,view_item,mobile,affiliate,101,dummy
2026-07-02,auto,add_to_cart,mobile,affiliate,52,dummy
2026-07-02,auto,begin_checkout,mobile,affiliate,14,dummy
2026-07-02,auto,add_payment_info,mobile,affiliate,10,dummy
2026-07-02,auto,purchase,mobile,affiliate,9,dummy
2026-07-02,auto,page_view,mobile,referral,171,dummy
2026-07-02,auto,view_item,mobile,referral,61,dummy
2026-07-02,auto,add_to_cart,mobile,referral,23,dummy
2026-07-02,auto,begin_checkout,mobile,referral,5,dummy
2026-07-02,auto,add_payment_info,mobile,referral,2,dummy
2026-07-02,auto,purchase,mobile,referral,2,dummy
2026-07-02,auto,page_view,desktop,sea,474,dummy
2026-07-02,auto,view_item,desktop,sea,265,dummy
2026-07-02,auto,add_to_cart,desktop,sea,94,dummy
2026-07-02,auto,begin_checkout,desktop,sea,25,dummy
2026-07-02,auto,add_payment_info,desktop,sea,18,dummy
2026-07-02,auto,purchase,desktop,sea,17,dummy
2026-07-02,auto,page_view,desktop,seo,435,dummy
2026-07-02,auto,view_item,desktop,seo,235,dummy
2026-07-02,auto,add_to_cart,desktop,seo,105,dummy
2026-07-02,auto,begin_checkout,desktop,seo,27,dummy
2026-07-02,auto,add_payment_info,desktop,seo,17,dummy
2026-07-02,auto,purchase,desktop,seo,13,dummy
2026-07-02,auto,page_view,desktop,direct,248,dummy
2026-07-02,auto,view_item,desktop,direct,141,dummy
2026-07-02,auto,add_to_cart,desktop,direct,79,dummy
2026-07-02,auto,begin_checkout,desktop,direct,31,dummy
2026-07-02,auto,add_payment_info,desktop,direct,19,dummy
2026-07-02,auto,purchase,desktop,direct,16,dummy
2026-07-02,auto,page_view,desktop,email,116,dummy
2026-07-02,auto,view_item,desktop,email,66,dummy
2026-07-02,auto,add_to_cart,desktop,email,30,dummy
2026-07-02,auto,begin_checkout,desktop,email,8,dummy
2026-07-02,auto,add_payment_info,desktop,email,6,dummy
2026-07-02,auto,purchase,desktop,email,6,dummy
2026-07-02,auto,page_view,desktop,paid_social,98,dummy
2026-07-02,auto,view_item,desktop,paid_social,55,dummy
2026-07-02,auto,add_to_cart,desktop,paid_social,27,dummy
2026-07-02,auto,begin_checkout,desktop,paid_social,6,dummy
2026-07-02,auto,add_payment_info,desktop,paid_social,4,dummy
2026-07-02,auto,purchase,desktop,paid_social,3,dummy
2026-07-02,auto,page_view,desktop,affiliate,152,dummy
2026-07-02,auto,view_item,desktop,affiliate,92,dummy
2026-07-02,auto,add_to_cart,desktop,affiliate,34,dummy
2026-07-02,auto,begin_checkout,desktop,affiliate,14,dummy
2026-07-02,auto,add_payment_info,desktop,affiliate,8,dummy
2026-07-02,auto,purchase,desktop,affiliate,7,dummy
2026-07-02,auto,page_view,desktop,referral,75,dummy
2026-07-02,auto,view_item,desktop,referral,37,dummy
2026-07-02,auto,add_to_cart,desktop,referral,13,dummy
2026-07-02,auto,begin_checkout,desktop,referral,3,dummy
2026-07-02,auto,add_payment_info,desktop,referral,0,dummy
2026-07-02,auto,purchase,desktop,referral,0,dummy
2026-07-02,auto,page_view,tablet,sea,110,dummy
2026-07-02,auto,view_item,tablet,sea,53,dummy
2026-07-02,auto,add_to_cart,tablet,sea,21,dummy
2026-07-02,auto,begin_checkout,tablet,sea,4,dummy
2026-07-02,auto,add_payment_info,tablet,sea,3,dummy
2026-07-02,auto,purchase,tablet,sea,3,dummy
2026-07-02,auto,page_view,tablet,seo,99,dummy
2026-07-02,auto,view_item,tablet,seo,41,dummy
2026-07-02,auto,add_to_cart,tablet,seo,26,dummy
2026-07-02,auto,begin_checkout,tablet,seo,5,dummy
2026-07-02,auto,add_payment_info,tablet,seo,3,dummy
2026-07-02,auto,purchase,tablet,seo,1,dummy
2026-07-02,auto,page_view,tablet,direct,49,dummy
2026-07-02,auto,view_item,tablet,direct,24,dummy
2026-07-02,auto,add_to_cart,tablet,direct,12,dummy
2026-07-02,auto,begin_checkout,tablet,direct,1,dummy
2026-07-02,auto,add_payment_info,tablet,direct,1,dummy
2026-07-02,auto,purchase,tablet,direct,0,dummy
2026-07-02,auto,page_view,tablet,email,24,dummy
2026-07-02,auto,view_item,tablet,email,16,dummy
2026-07-02,auto,add_to_cart,tablet,email,9,dummy
2026-07-02,auto,begin_checkout,tablet,email,3,dummy
2026-07-02,auto,add_payment_info,tablet,email,0,dummy
2026-07-02,auto,purchase,tablet,email,0,dummy
2026-07-02,auto,page_view,tablet,paid_social,23,dummy
2026-07-02,auto,view_item,tablet,paid_social,12,dummy
2026-07-02,auto,add_to_cart,tablet,paid_social,7,dummy
2026-07-02,auto,begin_checkout,tablet,paid_social,2,dummy
2026-07-02,auto,add_payment_info,tablet,paid_social,2,dummy
2026-07-02,auto,purchase,tablet,paid_social,1,dummy
2026-07-02,auto,page_view,tablet,affiliate,33,dummy
2026-07-02,auto,view_item,tablet,affiliate,16,dummy
2026-07-02,auto,add_to_cart,tablet,affiliate,6,dummy
2026-07-02,auto,begin_checkout,tablet,affiliate,2,dummy
2026-07-02,auto,add_payment_info,tablet,affiliate,1,dummy
2026-07-02,auto,purchase,tablet,affiliate,1,dummy
2026-07-02,auto,page_view,tablet,referral,13,dummy
2026-07-02,auto,view_item,tablet,referral,7,dummy
2026-07-02,auto,add_to_cart,tablet,referral,2,dummy
2026-07-02,auto,begin_checkout,tablet,referral,1,dummy
2026-07-02,auto,add_payment_info,tablet,referral,1,dummy
2026-07-02,auto,purchase,tablet,referral,1,dummy
2026-07-03,auto,page_view,mobile,sea,924,dummy
2026-07-03,auto,view_item,mobile,sea,333,dummy
2026-07-03,auto,add_to_cart,mobile,sea,102,dummy
2026-07-03,auto,begin_checkout,mobile,sea,29,dummy
2026-07-03,auto,add_payment_info,mobile,sea,18,dummy
2026-07-03,auto,purchase,mobile,sea,14,dummy
2026-07-03,auto,page_view,mobile,seo,733,dummy
2026-07-03,auto,view_item,mobile,seo,275,dummy
2026-07-03,auto,add_to_cart,mobile,seo,119,dummy
2026-07-03,auto,begin_checkout,mobile,seo,35,dummy
2026-07-03,auto,add_payment_info,mobile,seo,26,dummy
2026-07-03,auto,purchase,mobile,seo,22,dummy
2026-07-03,auto,page_view,mobile,direct,458,dummy
2026-07-03,auto,view_item,mobile,direct,169,dummy
2026-07-03,auto,add_to_cart,mobile,direct,79,dummy
2026-07-03,auto,begin_checkout,mobile,direct,21,dummy
2026-07-03,auto,add_payment_info,mobile,direct,14,dummy
2026-07-03,auto,purchase,mobile,direct,11,dummy
2026-07-03,auto,page_view,mobile,email,217,dummy
2026-07-03,auto,view_item,mobile,email,77,dummy
2026-07-03,auto,add_to_cart,mobile,email,40,dummy
2026-07-03,auto,begin_checkout,mobile,email,16,dummy
2026-07-03,auto,add_payment_info,mobile,email,11,dummy
2026-07-03,auto,purchase,mobile,email,9,dummy
2026-07-03,auto,page_view,mobile,paid_social,206,dummy
2026-07-03,auto,view_item,mobile,paid_social,71,dummy
2026-07-03,auto,add_to_cart,mobile,paid_social,34,dummy
2026-07-03,auto,begin_checkout,mobile,paid_social,7,dummy
2026-07-03,auto,add_payment_info,mobile,paid_social,5,dummy
2026-07-03,auto,purchase,mobile,paid_social,2,dummy
2026-07-03,auto,page_view,mobile,affiliate,339,dummy
2026-07-03,auto,view_item,mobile,affiliate,136,dummy
2026-07-03,auto,add_to_cart,mobile,affiliate,63,dummy
2026-07-03,auto,begin_checkout,mobile,affiliate,21,dummy
2026-07-03,auto,add_payment_info,mobile,affiliate,11,dummy
2026-07-03,auto,purchase,mobile,affiliate,8,dummy
2026-07-03,auto,page_view,mobile,referral,162,dummy
2026-07-03,auto,view_item,mobile,referral,70,dummy
2026-07-03,auto,add_to_cart,mobile,referral,32,dummy
2026-07-03,auto,begin_checkout,mobile,referral,8,dummy
2026-07-03,auto,add_payment_info,mobile,referral,6,dummy
2026-07-03,auto,purchase,mobile,referral,4,dummy
2026-07-03,auto,page_view,desktop,sea,456,dummy
2026-07-03,auto,view_item,desktop,sea,239,dummy
2026-07-03,auto,add_to_cart,desktop,sea,66,dummy
2026-07-03,auto,begin_checkout,desktop,sea,18,dummy
2026-07-03,auto,add_payment_info,desktop,sea,10,dummy
2026-07-03,auto,purchase,desktop,sea,9,dummy
2026-07-03,auto,page_view,desktop,seo,399,dummy
2026-07-03,auto,view_item,desktop,seo,224,dummy
2026-07-03,auto,add_to_cart,desktop,seo,103,dummy
2026-07-03,auto,begin_checkout,desktop,seo,36,dummy
2026-07-03,auto,add_payment_info,desktop,seo,24,dummy
2026-07-03,auto,purchase,desktop,seo,21,dummy
2026-07-03,auto,page_view,desktop,direct,246,dummy
2026-07-03,auto,view_item,desktop,direct,136,dummy
2026-07-03,auto,add_to_cart,desktop,direct,60,dummy
2026-07-03,auto,begin_checkout,desktop,direct,17,dummy
2026-07-03,auto,add_payment_info,desktop,direct,10,dummy
2026-07-03,auto,purchase,desktop,direct,7,dummy
2026-07-03,auto,page_view,desktop,email,143,dummy
2026-07-03,auto,view_item,desktop,email,83,dummy
2026-07-03,auto,add_to_cart,desktop,email,48,dummy
2026-07-03,auto,begin_checkout,desktop,email,13,dummy
2026-07-03,auto,add_payment_info,desktop,email,5,dummy
2026-07-03,auto,purchase,desktop,email,4,dummy
2026-07-03,auto,page_view,desktop,paid_social,108,dummy
2026-07-03,auto,view_item,desktop,paid_social,55,dummy
2026-07-03,auto,add_to_cart,desktop,paid_social,27,dummy
2026-07-03,auto,begin_checkout,desktop,paid_social,9,dummy
2026-07-03,auto,add_payment_info,desktop,paid_social,8,dummy
2026-07-03,auto,purchase,desktop,paid_social,6,dummy
2026-07-03,auto,page_view,desktop,affiliate,172,dummy
2026-07-03,auto,view_item,desktop,affiliate,91,dummy
2026-07-03,auto,add_to_cart,desktop,affiliate,40,dummy
2026-07-03,auto,begin_checkout,desktop,affiliate,13,dummy
2026-07-03,auto,add_payment_info,desktop,affiliate,9,dummy
2026-07-03,auto,purchase,desktop,affiliate,5,dummy
2026-07-03,auto,page_view,desktop,referral,80,dummy
2026-07-03,auto,view_item,desktop,referral,46,dummy
2026-07-03,auto,add_to_cart,desktop,referral,16,dummy
2026-07-03,auto,begin_checkout,desktop,referral,4,dummy
2026-07-03,auto,add_payment_info,desktop,referral,4,dummy
2026-07-03,auto,purchase,desktop,referral,3,dummy
2026-07-03,auto,page_view,tablet,sea,115,dummy
2026-07-03,auto,view_item,tablet,sea,64,dummy
2026-07-03,auto,add_to_cart,tablet,sea,22,dummy
2026-07-03,auto,begin_checkout,tablet,sea,7,dummy
2026-07-03,auto,add_payment_info,tablet,sea,5,dummy
2026-07-03,auto,purchase,tablet,sea,4,dummy
2026-07-03,auto,page_view,tablet,seo,70,dummy
2026-07-03,auto,view_item,tablet,seo,36,dummy
2026-07-03,auto,add_to_cart,tablet,seo,16,dummy
2026-07-03,auto,begin_checkout,tablet,seo,4,dummy
2026-07-03,auto,add_payment_info,tablet,seo,1,dummy
2026-07-03,auto,purchase,tablet,seo,1,dummy
2026-07-03,auto,page_view,tablet,direct,53,dummy
2026-07-03,auto,view_item,tablet,direct,22,dummy
2026-07-03,auto,add_to_cart,tablet,direct,10,dummy
2026-07-03,auto,begin_checkout,tablet,direct,2,dummy
2026-07-03,auto,add_payment_info,tablet,direct,1,dummy
2026-07-03,auto,purchase,tablet,direct,0,dummy
2026-07-03,auto,page_view,tablet,email,29,dummy
2026-07-03,auto,view_item,tablet,email,15,dummy
2026-07-03,auto,add_to_cart,tablet,email,8,dummy
2026-07-03,auto,begin_checkout,tablet,email,2,dummy
2026-07-03,auto,add_payment_info,tablet,email,2,dummy
2026-07-03,auto,purchase,tablet,email,1,dummy
2026-07-03,auto,page_view,tablet,paid_social,21,dummy
2026-07-03,auto,view_item,tablet,paid_social,12,dummy
2026-07-03,auto,add_to_cart,tablet,paid_social,5,dummy
2026-07-03,auto,begin_checkout,tablet,paid_social,1,dummy
2026-07-03,auto,add_payment_info,tablet,paid_social,0,dummy
2026-07-03,auto,purchase,tablet,paid_social,0,dummy
2026-07-03,auto,page_view,tablet,affiliate,29,dummy
2026-07-03,auto,view_item,tablet,affiliate,14,dummy
2026-07-03,auto,add_to_cart,tablet,affiliate,6,dummy
2026-07-03,auto,begin_checkout,tablet,affiliate,2,dummy
2026-07-03,auto,add_payment_info,tablet,affiliate,1,dummy
2026-07-03,auto,purchase,tablet,affiliate,1,dummy
2026-07-03,auto,page_view,tablet,referral,18,dummy
2026-07-03,auto,view_item,tablet,referral,11,dummy
2026-07-03,auto,add_to_cart,tablet,referral,6,dummy
2026-07-03,auto,begin_checkout,tablet,referral,2,dummy
2026-07-03,auto,add_payment_info,tablet,referral,2,dummy
2026-07-03,auto,purchase,tablet,referral,2,dummy
2026-07-04,auto,page_view,mobile,sea,696,dummy
2026-07-04,auto,view_item,mobile,sea,274,dummy
2026-07-04,auto,add_to_cart,mobile,sea,81,dummy
2026-07-04,auto,begin_checkout,mobile,sea,24,dummy
2026-07-04,auto,add_payment_info,mobile,sea,11,dummy
2026-07-04,auto,purchase,mobile,sea,8,dummy
2026-07-04,auto,page_view,mobile,seo,592,dummy
2026-07-04,auto,view_item,mobile,seo,238,dummy
2026-07-04,auto,add_to_cart,mobile,seo,99,dummy
2026-07-04,auto,begin_checkout,mobile,seo,28,dummy
2026-07-04,auto,add_payment_info,mobile,seo,16,dummy
2026-07-04,auto,purchase,mobile,seo,15,dummy
2026-07-04,auto,page_view,mobile,direct,347,dummy
2026-07-04,auto,view_item,mobile,direct,126,dummy
2026-07-04,auto,add_to_cart,mobile,direct,53,dummy
2026-07-04,auto,begin_checkout,mobile,direct,13,dummy
2026-07-04,auto,add_payment_info,mobile,direct,11,dummy
2026-07-04,auto,purchase,mobile,direct,10,dummy
2026-07-04,auto,page_view,mobile,email,181,dummy
2026-07-04,auto,view_item,mobile,email,75,dummy
2026-07-04,auto,add_to_cart,mobile,email,38,dummy
2026-07-04,auto,begin_checkout,mobile,email,10,dummy
2026-07-04,auto,add_payment_info,mobile,email,6,dummy
2026-07-04,auto,purchase,mobile,email,6,dummy
2026-07-04,auto,page_view,mobile,paid_social,178,dummy
2026-07-04,auto,view_item,mobile,paid_social,72,dummy
2026-07-04,auto,add_to_cart,mobile,paid_social,30,dummy
2026-07-04,auto,begin_checkout,mobile,paid_social,16,dummy
2026-07-04,auto,add_payment_info,mobile,paid_social,12,dummy
2026-07-04,auto,purchase,mobile,paid_social,10,dummy
2026-07-04,auto,page_view,mobile,affiliate,211,dummy
2026-07-04,auto,view_item,mobile,affiliate,87,dummy
2026-07-04,auto,add_to_cart,mobile,affiliate,47,dummy
2026-07-04,auto,begin_checkout,mobile,affiliate,17,dummy
2026-07-04,auto,add_payment_info,mobile,affiliate,12,dummy
2026-07-04,auto,purchase,mobile,affiliate,11,dummy
2026-07-04,auto,page_view,mobile,referral,135,dummy
2026-07-04,auto,view_item,mobile,referral,57,dummy
2026-07-04,auto,add_to_cart,mobile,referral,27,dummy
2026-07-04,auto,begin_checkout,mobile,referral,3,dummy
2026-07-04,auto,add_payment_info,mobile,referral,2,dummy
2026-07-04,auto,purchase,mobile,referral,2,dummy
2026-07-04,auto,page_view,desktop,sea,394,dummy
2026-07-04,auto,view_item,desktop,sea,227,dummy
2026-07-04,auto,add_to_cart,desktop,sea,85,dummy
2026-07-04,auto,begin_checkout,desktop,sea,24,dummy
2026-07-04,auto,add_payment_info,desktop,sea,13,dummy
2026-07-04,auto,purchase,desktop,sea,11,dummy
2026-07-04,auto,page_view,desktop,seo,310,dummy
2026-07-04,auto,view_item,desktop,seo,167,dummy
2026-07-04,auto,add_to_cart,desktop,seo,76,dummy
2026-07-04,auto,begin_checkout,desktop,seo,27,dummy
2026-07-04,auto,add_payment_info,desktop,seo,15,dummy
2026-07-04,auto,purchase,desktop,seo,12,dummy
2026-07-04,auto,page_view,desktop,direct,197,dummy
2026-07-04,auto,view_item,desktop,direct,117,dummy
2026-07-04,auto,add_to_cart,desktop,direct,53,dummy
2026-07-04,auto,begin_checkout,desktop,direct,17,dummy
2026-07-04,auto,add_payment_info,desktop,direct,10,dummy
2026-07-04,auto,purchase,desktop,direct,7,dummy
2026-07-04,auto,page_view,desktop,email,118,dummy
2026-07-04,auto,view_item,desktop,email,71,dummy
2026-07-04,auto,add_to_cart,desktop,email,38,dummy
2026-07-04,auto,begin_checkout,desktop,email,12,dummy
2026-07-04,auto,add_payment_info,desktop,email,9,dummy
2026-07-04,auto,purchase,desktop,email,8,dummy
2026-07-04,auto,page_view,desktop,paid_social,84,dummy
2026-07-04,auto,view_item,desktop,paid_social,51,dummy
2026-07-04,auto,add_to_cart,desktop,paid_social,21,dummy
2026-07-04,auto,begin_checkout,desktop,paid_social,10,dummy
2026-07-04,auto,add_payment_info,desktop,paid_social,7,dummy
2026-07-04,auto,purchase,desktop,paid_social,5,dummy
2026-07-04,auto,page_view,desktop,affiliate,142,dummy
2026-07-04,auto,view_item,desktop,affiliate,77,dummy
2026-07-04,auto,add_to_cart,desktop,affiliate,38,dummy
2026-07-04,auto,begin_checkout,desktop,affiliate,15,dummy
2026-07-04,auto,add_payment_info,desktop,affiliate,11,dummy
2026-07-04,auto,purchase,desktop,affiliate,10,dummy
2026-07-04,auto,page_view,desktop,referral,52,dummy
2026-07-04,auto,view_item,desktop,referral,30,dummy
2026-07-04,auto,add_to_cart,desktop,referral,14,dummy
2026-07-04,auto,begin_checkout,desktop,referral,3,dummy
2026-07-04,auto,add_payment_info,desktop,referral,2,dummy
2026-07-04,auto,purchase,desktop,referral,2,dummy
2026-07-04,auto,page_view,tablet,sea,96,dummy
2026-07-04,auto,view_item,tablet,sea,55,dummy
2026-07-04,auto,add_to_cart,tablet,sea,16,dummy
2026-07-04,auto,begin_checkout,tablet,sea,7,dummy
2026-07-04,auto,add_payment_info,tablet,sea,4,dummy
2026-07-04,auto,purchase,tablet,sea,4,dummy
2026-07-04,auto,page_view,tablet,seo,68,dummy
2026-07-04,auto,view_item,tablet,seo,36,dummy
2026-07-04,auto,add_to_cart,tablet,seo,17,dummy
2026-07-04,auto,begin_checkout,tablet,seo,3,dummy
2026-07-04,auto,add_payment_info,tablet,seo,2,dummy
2026-07-04,auto,purchase,tablet,seo,2,dummy
2026-07-04,auto,page_view,tablet,direct,42,dummy
2026-07-04,auto,view_item,tablet,direct,17,dummy
2026-07-04,auto,add_to_cart,tablet,direct,10,dummy
2026-07-04,auto,begin_checkout,tablet,direct,1,dummy
2026-07-04,auto,add_payment_info,tablet,direct,1,dummy
2026-07-04,auto,purchase,tablet,direct,1,dummy
2026-07-04,auto,page_view,tablet,email,20,dummy
2026-07-04,auto,view_item,tablet,email,15,dummy
2026-07-04,auto,add_to_cart,tablet,email,7,dummy
2026-07-04,auto,begin_checkout,tablet,email,0,dummy
2026-07-04,auto,add_payment_info,tablet,email,0,dummy
2026-07-04,auto,purchase,tablet,email,0,dummy
2026-07-04,auto,page_view,tablet,paid_social,18,dummy
2026-07-04,auto,view_item,tablet,paid_social,9,dummy
2026-07-04,auto,add_to_cart,tablet,paid_social,4,dummy
2026-07-04,auto,begin_checkout,tablet,paid_social,1,dummy
2026-07-04,auto,add_payment_info,tablet,paid_social,1,dummy
2026-07-04,auto,purchase,tablet,paid_social,1,dummy
2026-07-04,auto,page_view,tablet,affiliate,34,dummy
2026-07-04,auto,view_item,tablet,affiliate,15,dummy
2026-07-04,auto,add_to_cart,tablet,affiliate,7,dummy
2026-07-04,auto,begin_checkout,tablet,affiliate,3,dummy
2026-07-04,auto,add_payment_info,tablet,affiliate,2,dummy
2026-07-04,auto,purchase,tablet,affiliate,2,dummy
2026-07-04,auto,page_view,tablet,referral,14,dummy
2026-07-04,auto,view_item,tablet,referral,10,dummy
2026-07-04,auto,add_to_cart,tablet,referral,5,dummy
2026-07-04,auto,begin_checkout,tablet,referral,0,dummy
2026-07-04,auto,add_payment_info,tablet,referral,0,dummy
2026-07-04,auto,purchase,tablet,referral,0,dummy
2026-07-05,auto,page_view,mobile,sea,716,dummy
2026-07-05,auto,view_item,mobile,sea,236,dummy
2026-07-05,auto,add_to_cart,mobile,sea,79,dummy
2026-07-05,auto,begin_checkout,mobile,sea,18,dummy
2026-07-05,auto,add_payment_info,mobile,sea,9,dummy
2026-07-05,auto,purchase,mobile,sea,5,dummy
2026-07-05,auto,page_view,mobile,seo,564,dummy
2026-07-05,auto,view_item,mobile,seo,211,dummy
2026-07-05,auto,add_to_cart,mobile,seo,95,dummy
2026-07-05,auto,begin_checkout,mobile,seo,26,dummy
2026-07-05,auto,add_payment_info,mobile,seo,17,dummy
2026-07-05,auto,purchase,mobile,seo,14,dummy
2026-07-05,auto,page_view,mobile,direct,381,dummy
2026-07-05,auto,view_item,mobile,direct,151,dummy
2026-07-05,auto,add_to_cart,mobile,direct,74,dummy
2026-07-05,auto,begin_checkout,mobile,direct,15,dummy
2026-07-05,auto,add_payment_info,mobile,direct,11,dummy
2026-07-05,auto,purchase,mobile,direct,9,dummy
2026-07-05,auto,page_view,mobile,email,184,dummy
2026-07-05,auto,view_item,mobile,email,76,dummy
2026-07-05,auto,add_to_cart,mobile,email,39,dummy
2026-07-05,auto,begin_checkout,mobile,email,8,dummy
2026-07-05,auto,add_payment_info,mobile,email,4,dummy
2026-07-05,auto,purchase,mobile,email,4,dummy
2026-07-05,auto,page_view,mobile,paid_social,190,dummy
2026-07-05,auto,view_item,mobile,paid_social,85,dummy
2026-07-05,auto,add_to_cart,mobile,paid_social,36,dummy
2026-07-05,auto,begin_checkout,mobile,paid_social,6,dummy
2026-07-05,auto,add_payment_info,mobile,paid_social,6,dummy
2026-07-05,auto,purchase,mobile,paid_social,5,dummy
2026-07-05,auto,page_view,mobile,affiliate,255,dummy
2026-07-05,auto,view_item,mobile,affiliate,105,dummy
2026-07-05,auto,add_to_cart,mobile,affiliate,50,dummy
2026-07-05,auto,begin_checkout,mobile,affiliate,13,dummy
2026-07-05,auto,add_payment_info,mobile,affiliate,10,dummy
2026-07-05,auto,purchase,mobile,affiliate,9,dummy
2026-07-05,auto,page_view,mobile,referral,122,dummy
2026-07-05,auto,view_item,mobile,referral,46,dummy
2026-07-05,auto,add_to_cart,mobile,referral,19,dummy
2026-07-05,auto,begin_checkout,mobile,referral,8,dummy
2026-07-05,auto,add_payment_info,mobile,referral,6,dummy
2026-07-05,auto,purchase,mobile,referral,3,dummy
2026-07-05,auto,page_view,desktop,sea,387,dummy
2026-07-05,auto,view_item,desktop,sea,207,dummy
2026-07-05,auto,add_to_cart,desktop,sea,68,dummy
2026-07-05,auto,begin_checkout,desktop,sea,23,dummy
2026-07-05,auto,add_payment_info,desktop,sea,16,dummy
2026-07-05,auto,purchase,desktop,sea,15,dummy
2026-07-05,auto,page_view,desktop,seo,330,dummy
2026-07-05,auto,view_item,desktop,seo,171,dummy
2026-07-05,auto,add_to_cart,desktop,seo,84,dummy
2026-07-05,auto,begin_checkout,desktop,seo,32,dummy
2026-07-05,auto,add_payment_info,desktop,seo,19,dummy
2026-07-05,auto,purchase,desktop,seo,15,dummy
2026-07-05,auto,page_view,desktop,direct,203,dummy
2026-07-05,auto,view_item,desktop,direct,112,dummy
2026-07-05,auto,add_to_cart,desktop,direct,48,dummy
2026-07-05,auto,begin_checkout,desktop,direct,17,dummy
2026-07-05,auto,add_payment_info,desktop,direct,9,dummy
2026-07-05,auto,purchase,desktop,direct,8,dummy
2026-07-05,auto,page_view,desktop,email,126,dummy
2026-07-05,auto,view_item,desktop,email,70,dummy
2026-07-05,auto,add_to_cart,desktop,email,40,dummy
2026-07-05,auto,begin_checkout,desktop,email,13,dummy
2026-07-05,auto,add_payment_info,desktop,email,7,dummy
2026-07-05,auto,purchase,desktop,email,5,dummy
2026-07-05,auto,page_view,desktop,paid_social,86,dummy
2026-07-05,auto,view_item,desktop,paid_social,47,dummy
2026-07-05,auto,add_to_cart,desktop,paid_social,17,dummy
2026-07-05,auto,begin_checkout,desktop,paid_social,6,dummy
2026-07-05,auto,add_payment_info,desktop,paid_social,6,dummy
2026-07-05,auto,purchase,desktop,paid_social,3,dummy
2026-07-05,auto,page_view,desktop,affiliate,142,dummy
2026-07-05,auto,view_item,desktop,affiliate,81,dummy
2026-07-05,auto,add_to_cart,desktop,affiliate,30,dummy
2026-07-05,auto,begin_checkout,desktop,affiliate,5,dummy
2026-07-05,auto,add_payment_info,desktop,affiliate,4,dummy
2026-07-05,auto,purchase,desktop,affiliate,3,dummy
2026-07-05,auto,page_view,desktop,referral,64,dummy
2026-07-05,auto,view_item,desktop,referral,37,dummy
2026-07-05,auto,add_to_cart,desktop,referral,15,dummy
2026-07-05,auto,begin_checkout,desktop,referral,5,dummy
2026-07-05,auto,add_payment_info,desktop,referral,5,dummy
2026-07-05,auto,purchase,desktop,referral,4,dummy
2026-07-05,auto,page_view,tablet,sea,94,dummy
2026-07-05,auto,view_item,tablet,sea,54,dummy
2026-07-05,auto,add_to_cart,tablet,sea,16,dummy
2026-07-05,auto,begin_checkout,tablet,sea,4,dummy
2026-07-05,auto,add_payment_info,tablet,sea,2,dummy
2026-07-05,auto,purchase,tablet,sea,2,dummy
2026-07-05,auto,page_view,tablet,seo,67,dummy
2026-07-05,auto,view_item,tablet,seo,31,dummy
2026-07-05,auto,add_to_cart,tablet,seo,14,dummy
2026-07-05,auto,begin_checkout,tablet,seo,3,dummy
2026-07-05,auto,add_payment_info,tablet,seo,2,dummy
2026-07-05,auto,purchase,tablet,seo,1,dummy
2026-07-05,auto,page_view,tablet,direct,38,dummy
2026-07-05,auto,view_item,tablet,direct,19,dummy
2026-07-05,auto,add_to_cart,tablet,direct,8,dummy
2026-07-05,auto,begin_checkout,tablet,direct,2,dummy
2026-07-05,auto,add_payment_info,tablet,direct,2,dummy
2026-07-05,auto,purchase,tablet,direct,2,dummy
2026-07-05,auto,page_view,tablet,email,25,dummy
2026-07-05,auto,view_item,tablet,email,15,dummy
2026-07-05,auto,add_to_cart,tablet,email,9,dummy
2026-07-05,auto,begin_checkout,tablet,email,0,dummy
2026-07-05,auto,add_payment_info,tablet,email,0,dummy
2026-07-05,auto,purchase,tablet,email,0,dummy
2026-07-05,auto,page_view,tablet,paid_social,13,dummy
2026-07-05,auto,view_item,tablet,paid_social,8,dummy
2026-07-05,auto,add_to_cart,tablet,paid_social,2,dummy
2026-07-05,auto,begin_checkout,tablet,paid_social,1,dummy
2026-07-05,auto,add_payment_info,tablet,paid_social,0,dummy
2026-07-05,auto,purchase,tablet,paid_social,0,dummy
2026-07-05,auto,page_view,tablet,affiliate,37,dummy
2026-07-05,auto,view_item,tablet,affiliate,21,dummy
2026-07-05,auto,add_to_cart,tablet,affiliate,11,dummy
2026-07-05,auto,begin_checkout,tablet,affiliate,4,dummy
2026-07-05,auto,add_payment_info,tablet,affiliate,2,dummy
2026-07-05,auto,purchase,tablet,affiliate,2,dummy
2026-07-05,auto,page_view,tablet,referral,16,dummy
2026-07-05,auto,view_item,tablet,referral,8,dummy
2026-07-05,auto,add_to_cart,tablet,referral,2,dummy
2026-07-05,auto,begin_checkout,tablet,referral,0,dummy
2026-07-05,auto,add_payment_info,tablet,referral,0,dummy
2026-07-05,auto,purchase,tablet,referral,0,dummy
2026-07-06,auto,page_view,mobile,sea,923,dummy
2026-07-06,auto,view_item,mobile,sea,372,dummy
2026-07-06,auto,add_to_cart,mobile,sea,136,dummy
2026-07-06,auto,begin_checkout,mobile,sea,41,dummy
2026-07-06,auto,add_payment_info,mobile,sea,28,dummy
2026-07-06,auto,purchase,mobile,sea,20,dummy
2026-07-06,auto,page_view,mobile,seo,757,dummy
2026-07-06,auto,view_item,mobile,seo,287,dummy
2026-07-06,auto,add_to_cart,mobile,seo,138,dummy
2026-07-06,auto,begin_checkout,mobile,seo,38,dummy
2026-07-06,auto,add_payment_info,mobile,seo,33,dummy
2026-07-06,auto,purchase,mobile,seo,26,dummy
2026-07-06,auto,page_view,mobile,direct,461,dummy
2026-07-06,auto,view_item,mobile,direct,173,dummy
2026-07-06,auto,add_to_cart,mobile,direct,77,dummy
2026-07-06,auto,begin_checkout,mobile,direct,24,dummy
2026-07-06,auto,add_payment_info,mobile,direct,20,dummy
2026-07-06,auto,purchase,mobile,direct,16,dummy
2026-07-06,auto,page_view,mobile,email,236,dummy
2026-07-06,auto,view_item,mobile,email,98,dummy
2026-07-06,auto,add_to_cart,mobile,email,51,dummy
2026-07-06,auto,begin_checkout,mobile,email,13,dummy
2026-07-06,auto,add_payment_info,mobile,email,8,dummy
2026-07-06,auto,purchase,mobile,email,7,dummy
2026-07-06,auto,page_view,mobile,paid_social,196,dummy
2026-07-06,auto,view_item,mobile,paid_social,80,dummy
2026-07-06,auto,add_to_cart,mobile,paid_social,34,dummy
2026-07-06,auto,begin_checkout,mobile,paid_social,11,dummy
2026-07-06,auto,add_payment_info,mobile,paid_social,7,dummy
2026-07-06,auto,purchase,mobile,paid_social,4,dummy
2026-07-06,auto,page_view,mobile,affiliate,273,dummy
2026-07-06,auto,view_item,mobile,affiliate,127,dummy
2026-07-06,auto,add_to_cart,mobile,affiliate,63,dummy
2026-07-06,auto,begin_checkout,mobile,affiliate,21,dummy
2026-07-06,auto,add_payment_info,mobile,affiliate,15,dummy
2026-07-06,auto,purchase,mobile,affiliate,13,dummy
2026-07-06,auto,page_view,mobile,referral,141,dummy
2026-07-06,auto,view_item,mobile,referral,60,dummy
2026-07-06,auto,add_to_cart,mobile,referral,30,dummy
2026-07-06,auto,begin_checkout,mobile,referral,7,dummy
2026-07-06,auto,add_payment_info,mobile,referral,4,dummy
2026-07-06,auto,purchase,mobile,referral,4,dummy
2026-07-06,auto,page_view,desktop,sea,503,dummy
2026-07-06,auto,view_item,desktop,sea,275,dummy
2026-07-06,auto,add_to_cart,desktop,sea,89,dummy
2026-07-06,auto,begin_checkout,desktop,sea,28,dummy
2026-07-06,auto,add_payment_info,desktop,sea,18,dummy
2026-07-06,auto,purchase,desktop,sea,13,dummy
2026-07-06,auto,page_view,desktop,seo,387,dummy
2026-07-06,auto,view_item,desktop,seo,213,dummy
2026-07-06,auto,add_to_cart,desktop,seo,90,dummy
2026-07-06,auto,begin_checkout,desktop,seo,31,dummy
2026-07-06,auto,add_payment_info,desktop,seo,17,dummy
2026-07-06,auto,purchase,desktop,seo,14,dummy
2026-07-06,auto,page_view,desktop,direct,241,dummy
2026-07-06,auto,view_item,desktop,direct,127,dummy
2026-07-06,auto,add_to_cart,desktop,direct,61,dummy
2026-07-06,auto,begin_checkout,desktop,direct,25,dummy
2026-07-06,auto,add_payment_info,desktop,direct,19,dummy
2026-07-06,auto,purchase,desktop,direct,15,dummy
2026-07-06,auto,page_view,desktop,email,122,dummy
2026-07-06,auto,view_item,desktop,email,61,dummy
2026-07-06,auto,add_to_cart,desktop,email,29,dummy
2026-07-06,auto,begin_checkout,desktop,email,8,dummy
2026-07-06,auto,add_payment_info,desktop,email,4,dummy
2026-07-06,auto,purchase,desktop,email,4,dummy
2026-07-06,auto,page_view,desktop,paid_social,131,dummy
2026-07-06,auto,view_item,desktop,paid_social,60,dummy
2026-07-06,auto,add_to_cart,desktop,paid_social,19,dummy
2026-07-06,auto,begin_checkout,desktop,paid_social,4,dummy
2026-07-06,auto,add_payment_info,desktop,paid_social,2,dummy
2026-07-06,auto,purchase,desktop,paid_social,2,dummy
2026-07-06,auto,page_view,desktop,affiliate,156,dummy
2026-07-06,auto,view_item,desktop,affiliate,89,dummy
2026-07-06,auto,add_to_cart,desktop,affiliate,37,dummy
2026-07-06,auto,begin_checkout,desktop,affiliate,11,dummy
2026-07-06,auto,add_payment_info,desktop,affiliate,5,dummy
2026-07-06,auto,purchase,desktop,affiliate,3,dummy
2026-07-06,auto,page_view,desktop,referral,94,dummy
2026-07-06,auto,view_item,desktop,referral,56,dummy
2026-07-06,auto,add_to_cart,desktop,referral,22,dummy
2026-07-06,auto,begin_checkout,desktop,referral,4,dummy
2026-07-06,auto,add_payment_info,desktop,referral,2,dummy
2026-07-06,auto,purchase,desktop,referral,2,dummy
2026-07-06,auto,page_view,tablet,sea,100,dummy
2026-07-06,auto,view_item,tablet,sea,50,dummy
2026-07-06,auto,add_to_cart,tablet,sea,15,dummy
2026-07-06,auto,begin_checkout,tablet,sea,4,dummy
2026-07-06,auto,add_payment_info,tablet,sea,2,dummy
2026-07-06,auto,purchase,tablet,sea,0,dummy
2026-07-06,auto,page_view,tablet,seo,88,dummy
2026-07-06,auto,view_item,tablet,seo,52,dummy
2026-07-06,auto,add_to_cart,tablet,seo,20,dummy
2026-07-06,auto,begin_checkout,tablet,seo,4,dummy
2026-07-06,auto,add_payment_info,tablet,seo,3,dummy
2026-07-06,auto,purchase,tablet,seo,3,dummy
2026-07-06,auto,page_view,tablet,direct,59,dummy
2026-07-06,auto,view_item,tablet,direct,42,dummy
2026-07-06,auto,add_to_cart,tablet,direct,19,dummy
2026-07-06,auto,begin_checkout,tablet,direct,4,dummy
2026-07-06,auto,add_payment_info,tablet,direct,2,dummy
2026-07-06,auto,purchase,tablet,direct,2,dummy
2026-07-06,auto,page_view,tablet,email,31,dummy
2026-07-06,auto,view_item,tablet,email,13,dummy
2026-07-06,auto,add_to_cart,tablet,email,7,dummy
2026-07-06,auto,begin_checkout,tablet,email,2,dummy
2026-07-06,auto,add_payment_info,tablet,email,1,dummy
2026-07-06,auto,purchase,tablet,email,1,dummy
2026-07-06,auto,page_view,tablet,paid_social,18,dummy
2026-07-06,auto,view_item,tablet,paid_social,12,dummy
2026-07-06,auto,add_to_cart,tablet,paid_social,5,dummy
2026-07-06,auto,begin_checkout,tablet,paid_social,0,dummy
2026-07-06,auto,add_payment_info,tablet,paid_social,0,dummy
2026-07-06,auto,purchase,tablet,paid_social,0,dummy
2026-07-06,auto,page_view,tablet,affiliate,45,dummy
2026-07-06,auto,view_item,tablet,affiliate,23,dummy
2026-07-06,auto,add_to_cart,tablet,affiliate,11,dummy
2026-07-06,auto,begin_checkout,tablet,affiliate,4,dummy
2026-07-06,auto,add_payment_info,tablet,affiliate,3,dummy
2026-07-06,auto,purchase,tablet,affiliate,3,dummy
2026-07-06,auto,page_view,tablet,referral,16,dummy
2026-07-06,auto,view_item,tablet,referral,7,dummy
2026-07-06,auto,add_to_cart,tablet,referral,4,dummy
2026-07-06,auto,begin_checkout,tablet,referral,1,dummy
2026-07-06,auto,add_payment_info,tablet,referral,0,dummy
2026-07-06,auto,purchase,tablet,referral,0,dummy
2026-07-07,auto,page_view,mobile,sea,903,dummy
2026-07-07,auto,view_item,mobile,sea,353,dummy
2026-07-07,auto,add_to_cart,mobile,sea,102,dummy
2026-07-07,auto,begin_checkout,mobile,sea,27,dummy
2026-07-07,auto,add_payment_info,mobile,sea,20,dummy
2026-07-07,auto,purchase,mobile,sea,15,dummy
2026-07-07,auto,page_view,mobile,seo,726,dummy
2026-07-07,auto,view_item,mobile,seo,302,dummy
2026-07-07,auto,add_to_cart,mobile,seo,140,dummy
2026-07-07,auto,begin_checkout,mobile,seo,51,dummy
2026-07-07,auto,add_payment_info,mobile,seo,34,dummy
2026-07-07,auto,purchase,mobile,seo,29,dummy
2026-07-07,auto,page_view,mobile,direct,451,dummy
2026-07-07,auto,view_item,mobile,direct,163,dummy
2026-07-07,auto,add_to_cart,mobile,direct,85,dummy
2026-07-07,auto,begin_checkout,mobile,direct,28,dummy
2026-07-07,auto,add_payment_info,mobile,direct,19,dummy
2026-07-07,auto,purchase,mobile,direct,12,dummy
2026-07-07,auto,page_view,mobile,email,272,dummy
2026-07-07,auto,view_item,mobile,email,110,dummy
2026-07-07,auto,add_to_cart,mobile,email,59,dummy
2026-07-07,auto,begin_checkout,mobile,email,20,dummy
2026-07-07,auto,add_payment_info,mobile,email,13,dummy
2026-07-07,auto,purchase,mobile,email,10,dummy
2026-07-07,auto,page_view,mobile,paid_social,190,dummy
2026-07-07,auto,view_item,mobile,paid_social,74,dummy
2026-07-07,auto,add_to_cart,mobile,paid_social,28,dummy
2026-07-07,auto,begin_checkout,mobile,paid_social,13,dummy
2026-07-07,auto,add_payment_info,mobile,paid_social,7,dummy
2026-07-07,auto,purchase,mobile,paid_social,6,dummy
2026-07-07,auto,page_view,mobile,affiliate,321,dummy
2026-07-07,auto,view_item,mobile,affiliate,124,dummy
2026-07-07,auto,add_to_cart,mobile,affiliate,62,dummy
2026-07-07,auto,begin_checkout,mobile,affiliate,14,dummy
2026-07-07,auto,add_payment_info,mobile,affiliate,11,dummy
2026-07-07,auto,purchase,mobile,affiliate,8,dummy
2026-07-07,auto,page_view,mobile,referral,136,dummy
2026-07-07,auto,view_item,mobile,referral,52,dummy
2026-07-07,auto,add_to_cart,mobile,referral,28,dummy
2026-07-07,auto,begin_checkout,mobile,referral,7,dummy
2026-07-07,auto,add_payment_info,mobile,referral,7,dummy
2026-07-07,auto,purchase,mobile,referral,6,dummy
2026-07-07,auto,page_view,desktop,sea,504,dummy
2026-07-07,auto,view_item,desktop,sea,284,dummy
2026-07-07,auto,add_to_cart,desktop,sea,105,dummy
2026-07-07,auto,begin_checkout,desktop,sea,23,dummy
2026-07-07,auto,add_payment_info,desktop,sea,11,dummy
2026-07-07,auto,purchase,desktop,sea,11,dummy
2026-07-07,auto,page_view,desktop,seo,454,dummy
2026-07-07,auto,view_item,desktop,seo,250,dummy
2026-07-07,auto,add_to_cart,desktop,seo,112,dummy
2026-07-07,auto,begin_checkout,desktop,seo,31,dummy
2026-07-07,auto,add_payment_info,desktop,seo,19,dummy
2026-07-07,auto,purchase,desktop,seo,18,dummy
2026-07-07,auto,page_view,desktop,direct,277,dummy
2026-07-07,auto,view_item,desktop,direct,152,dummy
2026-07-07,auto,add_to_cart,desktop,direct,87,dummy
2026-07-07,auto,begin_checkout,desktop,direct,23,dummy
2026-07-07,auto,add_payment_info,desktop,direct,15,dummy
2026-07-07,auto,purchase,desktop,direct,14,dummy
2026-07-07,auto,page_view,desktop,email,156,dummy
2026-07-07,auto,view_item,desktop,email,88,dummy
2026-07-07,auto,add_to_cart,desktop,email,46,dummy
2026-07-07,auto,begin_checkout,desktop,email,13,dummy
2026-07-07,auto,add_payment_info,desktop,email,7,dummy
2026-07-07,auto,purchase,desktop,email,7,dummy
2026-07-07,auto,page_view,desktop,paid_social,115,dummy
2026-07-07,auto,view_item,desktop,paid_social,59,dummy
2026-07-07,auto,add_to_cart,desktop,paid_social,26,dummy
2026-07-07,auto,begin_checkout,desktop,paid_social,10,dummy
2026-07-07,auto,add_payment_info,desktop,paid_social,7,dummy
2026-07-07,auto,purchase,desktop,paid_social,6,dummy
2026-07-07,auto,page_view,desktop,affiliate,194,dummy
2026-07-07,auto,view_item,desktop,affiliate,96,dummy
2026-07-07,auto,add_to_cart,desktop,affiliate,39,dummy
2026-07-07,auto,begin_checkout,desktop,affiliate,9,dummy
2026-07-07,auto,add_payment_info,desktop,affiliate,6,dummy
2026-07-07,auto,purchase,desktop,affiliate,6,dummy
2026-07-07,auto,page_view,desktop,referral,86,dummy
2026-07-07,auto,view_item,desktop,referral,47,dummy
2026-07-07,auto,add_to_cart,desktop,referral,21,dummy
2026-07-07,auto,begin_checkout,desktop,referral,7,dummy
2026-07-07,auto,add_payment_info,desktop,referral,6,dummy
2026-07-07,auto,purchase,desktop,referral,4,dummy
2026-07-07,auto,page_view,tablet,sea,95,dummy
2026-07-07,auto,view_item,tablet,sea,48,dummy
2026-07-07,auto,add_to_cart,tablet,sea,14,dummy
2026-07-07,auto,begin_checkout,tablet,sea,7,dummy
2026-07-07,auto,add_payment_info,tablet,sea,4,dummy
2026-07-07,auto,purchase,tablet,sea,3,dummy
2026-07-07,auto,page_view,tablet,seo,107,dummy
2026-07-07,auto,view_item,tablet,seo,58,dummy
2026-07-07,auto,add_to_cart,tablet,seo,27,dummy
2026-07-07,auto,begin_checkout,tablet,seo,6,dummy
2026-07-07,auto,add_payment_info,tablet,seo,6,dummy
2026-07-07,auto,purchase,tablet,seo,5,dummy
2026-07-07,auto,page_view,tablet,direct,49,dummy
2026-07-07,auto,view_item,tablet,direct,28,dummy
2026-07-07,auto,add_to_cart,tablet,direct,10,dummy
2026-07-07,auto,begin_checkout,tablet,direct,4,dummy
2026-07-07,auto,add_payment_info,tablet,direct,4,dummy
2026-07-07,auto,purchase,tablet,direct,3,dummy
2026-07-07,auto,page_view,tablet,email,25,dummy
2026-07-07,auto,view_item,tablet,email,11,dummy
2026-07-07,auto,add_to_cart,tablet,email,6,dummy
2026-07-07,auto,begin_checkout,tablet,email,0,dummy
2026-07-07,auto,add_payment_info,tablet,email,0,dummy
2026-07-07,auto,purchase,tablet,email,0,dummy
2026-07-07,auto,page_view,tablet,paid_social,25,dummy
2026-07-07,auto,view_item,tablet,paid_social,14,dummy
2026-07-07,auto,add_to_cart,tablet,paid_social,4,dummy
2026-07-07,auto,begin_checkout,tablet,paid_social,1,dummy
2026-07-07,auto,add_payment_info,tablet,paid_social,0,dummy
2026-07-07,auto,purchase,tablet,paid_social,0,dummy
2026-07-07,auto,page_view,tablet,affiliate,37,dummy
2026-07-07,auto,view_item,tablet,affiliate,19,dummy
2026-07-07,auto,add_to_cart,tablet,affiliate,8,dummy
2026-07-07,auto,begin_checkout,tablet,affiliate,3,dummy
2026-07-07,auto,add_payment_info,tablet,affiliate,2,dummy
2026-07-07,auto,purchase,tablet,affiliate,2,dummy
2026-07-07,auto,page_view,tablet,referral,24,dummy
2026-07-07,auto,view_item,tablet,referral,15,dummy
2026-07-07,auto,add_to_cart,tablet,referral,8,dummy
2026-07-07,auto,begin_checkout,tablet,referral,4,dummy
2026-07-07,auto,add_payment_info,tablet,referral,3,dummy
2026-07-07,auto,purchase,tablet,referral,2,dummy
2026-07-08,auto,page_view,mobile,sea,966,dummy
2026-07-08,auto,view_item,mobile,sea,376,dummy
2026-07-08,auto,add_to_cart,mobile,sea,122,dummy
2026-07-08,auto,begin_checkout,mobile,sea,36,dummy
2026-07-08,auto,add_payment_info,mobile,sea,20,dummy
2026-07-08,auto,purchase,mobile,sea,14,dummy
2026-07-08,auto,page_view,mobile,seo,731,dummy
2026-07-08,auto,view_item,mobile,seo,285,dummy
2026-07-08,auto,add_to_cart,mobile,seo,137,dummy
2026-07-08,auto,begin_checkout,mobile,seo,44,dummy
2026-07-08,auto,add_payment_info,mobile,seo,32,dummy
2026-07-08,auto,purchase,mobile,seo,24,dummy
2026-07-08,auto,page_view,mobile,direct,463,dummy
2026-07-08,auto,view_item,mobile,direct,171,dummy
2026-07-08,auto,add_to_cart,mobile,direct,81,dummy
2026-07-08,auto,begin_checkout,mobile,direct,29,dummy
2026-07-08,auto,add_payment_info,mobile,direct,21,dummy
2026-07-08,auto,purchase,mobile,direct,14,dummy
2026-07-08,auto,page_view,mobile,email,252,dummy
2026-07-08,auto,view_item,mobile,email,101,dummy
2026-07-08,auto,add_to_cart,mobile,email,56,dummy
2026-07-08,auto,begin_checkout,mobile,email,21,dummy
2026-07-08,auto,add_payment_info,mobile,email,16,dummy
2026-07-08,auto,purchase,mobile,email,13,dummy
2026-07-08,auto,page_view,mobile,paid_social,201,dummy
2026-07-08,auto,view_item,mobile,paid_social,76,dummy
2026-07-08,auto,add_to_cart,mobile,paid_social,36,dummy
2026-07-08,auto,begin_checkout,mobile,paid_social,7,dummy
2026-07-08,auto,add_payment_info,mobile,paid_social,6,dummy
2026-07-08,auto,purchase,mobile,paid_social,2,dummy
2026-07-08,auto,page_view,mobile,affiliate,277,dummy
2026-07-08,auto,view_item,mobile,affiliate,108,dummy
2026-07-08,auto,add_to_cart,mobile,affiliate,60,dummy
2026-07-08,auto,begin_checkout,mobile,affiliate,18,dummy
2026-07-08,auto,add_payment_info,mobile,affiliate,10,dummy
2026-07-08,auto,purchase,mobile,affiliate,8,dummy
2026-07-08,auto,page_view,mobile,referral,158,dummy
2026-07-08,auto,view_item,mobile,referral,72,dummy
2026-07-08,auto,add_to_cart,mobile,referral,33,dummy
2026-07-08,auto,begin_checkout,mobile,referral,15,dummy
2026-07-08,auto,add_payment_info,mobile,referral,13,dummy
2026-07-08,auto,purchase,mobile,referral,12,dummy
2026-07-08,auto,page_view,desktop,sea,489,dummy
2026-07-08,auto,view_item,desktop,sea,260,dummy
2026-07-08,auto,add_to_cart,desktop,sea,94,dummy
2026-07-08,auto,begin_checkout,desktop,sea,28,dummy
2026-07-08,auto,add_payment_info,desktop,sea,16,dummy
2026-07-08,auto,purchase,desktop,sea,14,dummy
2026-07-08,auto,page_view,desktop,seo,414,dummy
2026-07-08,auto,view_item,desktop,seo,211,dummy
2026-07-08,auto,add_to_cart,desktop,seo,90,dummy
2026-07-08,auto,begin_checkout,desktop,seo,35,dummy
2026-07-08,auto,add_payment_info,desktop,seo,26,dummy
2026-07-08,auto,purchase,desktop,seo,21,dummy
2026-07-08,auto,page_view,desktop,direct,264,dummy
2026-07-08,auto,view_item,desktop,direct,149,dummy
2026-07-08,auto,add_to_cart,desktop,direct,77,dummy
2026-07-08,auto,begin_checkout,desktop,direct,27,dummy
2026-07-08,auto,add_payment_info,desktop,direct,16,dummy
2026-07-08,auto,purchase,desktop,direct,16,dummy
2026-07-08,auto,page_view,desktop,email,133,dummy
2026-07-08,auto,view_item,desktop,email,61,dummy
2026-07-08,auto,add_to_cart,desktop,email,29,dummy
2026-07-08,auto,begin_checkout,desktop,email,11,dummy
2026-07-08,auto,add_payment_info,desktop,email,9,dummy
2026-07-08,auto,purchase,desktop,email,9,dummy
2026-07-08,auto,page_view,desktop,paid_social,124,dummy
2026-07-08,auto,view_item,desktop,paid_social,65,dummy
2026-07-08,auto,add_to_cart,desktop,paid_social,25,dummy
2026-07-08,auto,begin_checkout,desktop,paid_social,10,dummy
2026-07-08,auto,add_payment_info,desktop,paid_social,8,dummy
2026-07-08,auto,purchase,desktop,paid_social,7,dummy
2026-07-08,auto,page_view,desktop,affiliate,143,dummy
2026-07-08,auto,view_item,desktop,affiliate,72,dummy
2026-07-08,auto,add_to_cart,desktop,affiliate,31,dummy
2026-07-08,auto,begin_checkout,desktop,affiliate,7,dummy
2026-07-08,auto,add_payment_info,desktop,affiliate,5,dummy
2026-07-08,auto,purchase,desktop,affiliate,5,dummy
2026-07-08,auto,page_view,desktop,referral,67,dummy
2026-07-08,auto,view_item,desktop,referral,35,dummy
2026-07-08,auto,add_to_cart,desktop,referral,15,dummy
2026-07-08,auto,begin_checkout,desktop,referral,6,dummy
2026-07-08,auto,add_payment_info,desktop,referral,4,dummy
2026-07-08,auto,purchase,desktop,referral,3,dummy
2026-07-08,auto,page_view,tablet,sea,113,dummy
2026-07-08,auto,view_item,tablet,sea,58,dummy
2026-07-08,auto,add_to_cart,tablet,sea,18,dummy
2026-07-08,auto,begin_checkout,tablet,sea,8,dummy
2026-07-08,auto,add_payment_info,tablet,sea,4,dummy
2026-07-08,auto,purchase,tablet,sea,4,dummy
2026-07-08,auto,page_view,tablet,seo,79,dummy
2026-07-08,auto,view_item,tablet,seo,37,dummy
2026-07-08,auto,add_to_cart,tablet,seo,14,dummy
2026-07-08,auto,begin_checkout,tablet,seo,3,dummy
2026-07-08,auto,add_payment_info,tablet,seo,2,dummy
2026-07-08,auto,purchase,tablet,seo,1,dummy
2026-07-08,auto,page_view,tablet,direct,45,dummy
2026-07-08,auto,view_item,tablet,direct,22,dummy
2026-07-08,auto,add_to_cart,tablet,direct,10,dummy
2026-07-08,auto,begin_checkout,tablet,direct,2,dummy
2026-07-08,auto,add_payment_info,tablet,direct,1,dummy
2026-07-08,auto,purchase,tablet,direct,0,dummy
2026-07-08,auto,page_view,tablet,email,26,dummy
2026-07-08,auto,view_item,tablet,email,12,dummy
2026-07-08,auto,add_to_cart,tablet,email,3,dummy
2026-07-08,auto,begin_checkout,tablet,email,1,dummy
2026-07-08,auto,add_payment_info,tablet,email,1,dummy
2026-07-08,auto,purchase,tablet,email,0,dummy
2026-07-08,auto,page_view,tablet,paid_social,20,dummy
2026-07-08,auto,view_item,tablet,paid_social,14,dummy
2026-07-08,auto,add_to_cart,tablet,paid_social,4,dummy
2026-07-08,auto,begin_checkout,tablet,paid_social,2,dummy
2026-07-08,auto,add_payment_info,tablet,paid_social,0,dummy
2026-07-08,auto,purchase,tablet,paid_social,0,dummy
2026-07-08,auto,page_view,tablet,affiliate,34,dummy
2026-07-08,auto,view_item,tablet,affiliate,17,dummy
2026-07-08,auto,add_to_cart,tablet,affiliate,6,dummy
2026-07-08,auto,begin_checkout,tablet,affiliate,2,dummy
2026-07-08,auto,add_payment_info,tablet,affiliate,2,dummy
2026-07-08,auto,purchase,tablet,affiliate,2,dummy
2026-07-08,auto,page_view,tablet,referral,18,dummy
2026-07-08,auto,view_item,tablet,referral,12,dummy
2026-07-08,auto,add_to_cart,tablet,referral,4,dummy
2026-07-08,auto,begin_checkout,tablet,referral,2,dummy
2026-07-08,auto,add_payment_info,tablet,referral,0,dummy
2026-07-08,auto,purchase,tablet,referral,0,dummy
2026-07-09,auto,page_view,mobile,sea,900,dummy
2026-07-09,auto,view_item,mobile,sea,335,dummy
2026-07-09,auto,add_to_cart,mobile,sea,103,dummy
2026-07-09,auto,begin_checkout,mobile,sea,33,dummy
2026-07-09,auto,add_payment_info,mobile,sea,22,dummy
2026-07-09,auto,purchase,mobile,sea,16,dummy
2026-07-09,auto,page_view,mobile,seo,755,dummy
2026-07-09,auto,view_item,mobile,seo,303,dummy
2026-07-09,auto,add_to_cart,mobile,seo,142,dummy
2026-07-09,auto,begin_checkout,mobile,seo,45,dummy
2026-07-09,auto,add_payment_info,mobile,seo,27,dummy
2026-07-09,auto,purchase,mobile,seo,23,dummy
2026-07-09,auto,page_view,mobile,direct,450,dummy
2026-07-09,auto,view_item,mobile,direct,174,dummy
2026-07-09,auto,add_to_cart,mobile,direct,92,dummy
2026-07-09,auto,begin_checkout,mobile,direct,29,dummy
2026-07-09,auto,add_payment_info,mobile,direct,21,dummy
2026-07-09,auto,purchase,mobile,direct,16,dummy
2026-07-09,auto,page_view,mobile,email,231,dummy
2026-07-09,auto,view_item,mobile,email,93,dummy
2026-07-09,auto,add_to_cart,mobile,email,37,dummy
2026-07-09,auto,begin_checkout,mobile,email,11,dummy
2026-07-09,auto,add_payment_info,mobile,email,7,dummy
2026-07-09,auto,purchase,mobile,email,5,dummy
2026-07-09,auto,page_view,mobile,paid_social,193,dummy
2026-07-09,auto,view_item,mobile,paid_social,66,dummy
2026-07-09,auto,add_to_cart,mobile,paid_social,40,dummy
2026-07-09,auto,begin_checkout,mobile,paid_social,10,dummy
2026-07-09,auto,add_payment_info,mobile,paid_social,5,dummy
2026-07-09,auto,purchase,mobile,paid_social,4,dummy
2026-07-09,auto,page_view,mobile,affiliate,292,dummy
2026-07-09,auto,view_item,mobile,affiliate,109,dummy
2026-07-09,auto,add_to_cart,mobile,affiliate,42,dummy
2026-07-09,auto,begin_checkout,mobile,affiliate,11,dummy
2026-07-09,auto,add_payment_info,mobile,affiliate,7,dummy
2026-07-09,auto,purchase,mobile,affiliate,4,dummy
2026-07-09,auto,page_view,mobile,referral,159,dummy
2026-07-09,auto,view_item,mobile,referral,57,dummy
2026-07-09,auto,add_to_cart,mobile,referral,25,dummy
2026-07-09,auto,begin_checkout,mobile,referral,5,dummy
2026-07-09,auto,add_payment_info,mobile,referral,1,dummy
2026-07-09,auto,purchase,mobile,referral,1,dummy
2026-07-09,auto,page_view,desktop,sea,493,dummy
2026-07-09,auto,view_item,desktop,sea,275,dummy
2026-07-09,auto,add_to_cart,desktop,sea,81,dummy
2026-07-09,auto,begin_checkout,desktop,sea,20,dummy
2026-07-09,auto,add_payment_info,desktop,sea,13,dummy
2026-07-09,auto,purchase,desktop,sea,12,dummy
2026-07-09,auto,page_view,desktop,seo,416,dummy
2026-07-09,auto,view_item,desktop,seo,223,dummy
2026-07-09,auto,add_to_cart,desktop,seo,94,dummy
2026-07-09,auto,begin_checkout,desktop,seo,25,dummy
2026-07-09,auto,add_payment_info,desktop,seo,18,dummy
2026-07-09,auto,purchase,desktop,seo,14,dummy
2026-07-09,auto,page_view,desktop,direct,227,dummy
2026-07-09,auto,view_item,desktop,direct,128,dummy
2026-07-09,auto,add_to_cart,desktop,direct,53,dummy
2026-07-09,auto,begin_checkout,desktop,direct,18,dummy
2026-07-09,auto,add_payment_info,desktop,direct,13,dummy
2026-07-09,auto,purchase,desktop,direct,12,dummy
2026-07-09,auto,page_view,desktop,email,122,dummy
2026-07-09,auto,view_item,desktop,email,70,dummy
2026-07-09,auto,add_to_cart,desktop,email,26,dummy
2026-07-09,auto,begin_checkout,desktop,email,7,dummy
2026-07-09,auto,add_payment_info,desktop,email,3,dummy
2026-07-09,auto,purchase,desktop,email,3,dummy
2026-07-09,auto,page_view,desktop,paid_social,114,dummy
2026-07-09,auto,view_item,desktop,paid_social,61,dummy
2026-07-09,auto,add_to_cart,desktop,paid_social,23,dummy
2026-07-09,auto,begin_checkout,desktop,paid_social,9,dummy
2026-07-09,auto,add_payment_info,desktop,paid_social,5,dummy
2026-07-09,auto,purchase,desktop,paid_social,5,dummy
2026-07-09,auto,page_view,desktop,affiliate,175,dummy
2026-07-09,auto,view_item,desktop,affiliate,101,dummy
2026-07-09,auto,add_to_cart,desktop,affiliate,52,dummy
2026-07-09,auto,begin_checkout,desktop,affiliate,15,dummy
2026-07-09,auto,add_payment_info,desktop,affiliate,9,dummy
2026-07-09,auto,purchase,desktop,affiliate,7,dummy
2026-07-09,auto,page_view,desktop,referral,94,dummy
2026-07-09,auto,view_item,desktop,referral,51,dummy
2026-07-09,auto,add_to_cart,desktop,referral,26,dummy
2026-07-09,auto,begin_checkout,desktop,referral,8,dummy
2026-07-09,auto,add_payment_info,desktop,referral,4,dummy
2026-07-09,auto,purchase,desktop,referral,4,dummy
2026-07-09,auto,page_view,tablet,sea,108,dummy
2026-07-09,auto,view_item,tablet,sea,59,dummy
2026-07-09,auto,add_to_cart,tablet,sea,18,dummy
2026-07-09,auto,begin_checkout,tablet,sea,6,dummy
2026-07-09,auto,add_payment_info,tablet,sea,4,dummy
2026-07-09,auto,purchase,tablet,sea,2,dummy
2026-07-09,auto,page_view,tablet,seo,78,dummy
2026-07-09,auto,view_item,tablet,seo,39,dummy
2026-07-09,auto,add_to_cart,tablet,seo,10,dummy
2026-07-09,auto,begin_checkout,tablet,seo,5,dummy
2026-07-09,auto,add_payment_info,tablet,seo,5,dummy
2026-07-09,auto,purchase,tablet,seo,5,dummy
2026-07-09,auto,page_view,tablet,direct,47,dummy
2026-07-09,auto,view_item,tablet,direct,23,dummy
2026-07-09,auto,add_to_cart,tablet,direct,10,dummy
2026-07-09,auto,begin_checkout,tablet,direct,3,dummy
2026-07-09,auto,add_payment_info,tablet,direct,2,dummy
2026-07-09,auto,purchase,tablet,direct,0,dummy
2026-07-09,auto,page_view,tablet,email,21,dummy
2026-07-09,auto,view_item,tablet,email,7,dummy
2026-07-09,auto,add_to_cart,tablet,email,4,dummy
2026-07-09,auto,begin_checkout,tablet,email,1,dummy
2026-07-09,auto,add_payment_info,tablet,email,0,dummy
2026-07-09,auto,purchase,tablet,email,0,dummy
2026-07-09,auto,page_view,tablet,paid_social,20,dummy
2026-07-09,auto,view_item,tablet,paid_social,12,dummy
2026-07-09,auto,add_to_cart,tablet,paid_social,5,dummy
2026-07-09,auto,begin_checkout,tablet,paid_social,2,dummy
2026-07-09,auto,add_payment_info,tablet,paid_social,2,dummy
2026-07-09,auto,purchase,tablet,paid_social,2,dummy
2026-07-09,auto,page_view,tablet,affiliate,33,dummy
2026-07-09,auto,view_item,tablet,affiliate,18,dummy
2026-07-09,auto,add_to_cart,tablet,affiliate,7,dummy
2026-07-09,auto,begin_checkout,tablet,affiliate,3,dummy
2026-07-09,auto,add_payment_info,tablet,affiliate,2,dummy
2026-07-09,auto,purchase,tablet,affiliate,1,dummy
2026-07-09,auto,page_view,tablet,referral,15,dummy
2026-07-09,auto,view_item,tablet,referral,7,dummy
2026-07-09,auto,add_to_cart,tablet,referral,2,dummy
2026-07-09,auto,begin_checkout,tablet,referral,2,dummy
2026-07-09,auto,add_payment_info,tablet,referral,1,dummy
2026-07-09,auto,purchase,tablet,referral,1,dummy
2026-07-10,auto,page_view,mobile,sea,936,dummy
2026-07-10,auto,view_item,mobile,sea,369,dummy
2026-07-10,auto,add_to_cart,mobile,sea,123,dummy
2026-07-10,auto,begin_checkout,mobile,sea,37,dummy
2026-07-10,auto,add_payment_info,mobile,sea,23,dummy
2026-07-10,auto,purchase,mobile,sea,18,dummy
2026-07-10,auto,page_view,mobile,seo,759,dummy
2026-07-10,auto,view_item,mobile,seo,297,dummy
2026-07-10,auto,add_to_cart,mobile,seo,134,dummy
2026-07-10,auto,begin_checkout,mobile,seo,44,dummy
2026-07-10,auto,add_payment_info,mobile,seo,23,dummy
2026-07-10,auto,purchase,mobile,seo,21,dummy
2026-07-10,auto,page_view,mobile,direct,435,dummy
2026-07-10,auto,view_item,mobile,direct,145,dummy
2026-07-10,auto,add_to_cart,mobile,direct,66,dummy
2026-07-10,auto,begin_checkout,mobile,direct,20,dummy
2026-07-10,auto,add_payment_info,mobile,direct,8,dummy
2026-07-10,auto,purchase,mobile,direct,7,dummy
2026-07-10,auto,page_view,mobile,email,217,dummy
2026-07-10,auto,view_item,mobile,email,84,dummy
2026-07-10,auto,add_to_cart,mobile,email,39,dummy
2026-07-10,auto,begin_checkout,mobile,email,14,dummy
2026-07-10,auto,add_payment_info,mobile,email,10,dummy
2026-07-10,auto,purchase,mobile,email,9,dummy
2026-07-10,auto,page_view,mobile,paid_social,214,dummy
2026-07-10,auto,view_item,mobile,paid_social,77,dummy
2026-07-10,auto,add_to_cart,mobile,paid_social,29,dummy
2026-07-10,auto,begin_checkout,mobile,paid_social,9,dummy
2026-07-10,auto,add_payment_info,mobile,paid_social,5,dummy
2026-07-10,auto,purchase,mobile,paid_social,3,dummy
2026-07-10,auto,page_view,mobile,affiliate,315,dummy
2026-07-10,auto,view_item,mobile,affiliate,137,dummy
2026-07-10,auto,add_to_cart,mobile,affiliate,70,dummy
2026-07-10,auto,begin_checkout,mobile,affiliate,24,dummy
2026-07-10,auto,add_payment_info,mobile,affiliate,16,dummy
2026-07-10,auto,purchase,mobile,affiliate,13,dummy
2026-07-10,auto,page_view,mobile,referral,151,dummy
2026-07-10,auto,view_item,mobile,referral,59,dummy
2026-07-10,auto,add_to_cart,mobile,referral,28,dummy
2026-07-10,auto,begin_checkout,mobile,referral,8,dummy
2026-07-10,auto,add_payment_info,mobile,referral,5,dummy
2026-07-10,auto,purchase,mobile,referral,5,dummy
2026-07-10,auto,page_view,desktop,sea,510,dummy
2026-07-10,auto,view_item,desktop,sea,285,dummy
2026-07-10,auto,add_to_cart,desktop,sea,95,dummy
2026-07-10,auto,begin_checkout,desktop,sea,27,dummy
2026-07-10,auto,add_payment_info,desktop,sea,18,dummy
2026-07-10,auto,purchase,desktop,sea,15,dummy
2026-07-10,auto,page_view,desktop,seo,385,dummy
2026-07-10,auto,view_item,desktop,seo,205,dummy
2026-07-10,auto,add_to_cart,desktop,seo,100,dummy
2026-07-10,auto,begin_checkout,desktop,seo,29,dummy
2026-07-10,auto,add_payment_info,desktop,seo,21,dummy
2026-07-10,auto,purchase,desktop,seo,19,dummy
2026-07-10,auto,page_view,desktop,direct,237,dummy
2026-07-10,auto,view_item,desktop,direct,133,dummy
2026-07-10,auto,add_to_cart,desktop,direct,66,dummy
2026-07-10,auto,begin_checkout,desktop,direct,21,dummy
2026-07-10,auto,add_payment_info,desktop,direct,11,dummy
2026-07-10,auto,purchase,desktop,direct,7,dummy
2026-07-10,auto,page_view,desktop,email,127,dummy
2026-07-10,auto,view_item,desktop,email,74,dummy
2026-07-10,auto,add_to_cart,desktop,email,47,dummy
2026-07-10,auto,begin_checkout,desktop,email,17,dummy
2026-07-10,auto,add_payment_info,desktop,email,9,dummy
2026-07-10,auto,purchase,desktop,email,7,dummy
2026-07-10,auto,page_view,desktop,paid_social,112,dummy
2026-07-10,auto,view_item,desktop,paid_social,57,dummy
2026-07-10,auto,add_to_cart,desktop,paid_social,27,dummy
2026-07-10,auto,begin_checkout,desktop,paid_social,7,dummy
2026-07-10,auto,add_payment_info,desktop,paid_social,7,dummy
2026-07-10,auto,purchase,desktop,paid_social,5,dummy
2026-07-10,auto,page_view,desktop,affiliate,162,dummy
2026-07-10,auto,view_item,desktop,affiliate,79,dummy
2026-07-10,auto,add_to_cart,desktop,affiliate,40,dummy
2026-07-10,auto,begin_checkout,desktop,affiliate,13,dummy
2026-07-10,auto,add_payment_info,desktop,affiliate,9,dummy
2026-07-10,auto,purchase,desktop,affiliate,5,dummy
2026-07-10,auto,page_view,desktop,referral,86,dummy
2026-07-10,auto,view_item,desktop,referral,51,dummy
2026-07-10,auto,add_to_cart,desktop,referral,23,dummy
2026-07-10,auto,begin_checkout,desktop,referral,11,dummy
2026-07-10,auto,add_payment_info,desktop,referral,7,dummy
2026-07-10,auto,purchase,desktop,referral,6,dummy
2026-07-10,auto,page_view,tablet,sea,110,dummy
2026-07-10,auto,view_item,tablet,sea,52,dummy
2026-07-10,auto,add_to_cart,tablet,sea,10,dummy
2026-07-10,auto,begin_checkout,tablet,sea,3,dummy
2026-07-10,auto,add_payment_info,tablet,sea,1,dummy
2026-07-10,auto,purchase,tablet,sea,1,dummy
2026-07-10,auto,page_view,tablet,seo,80,dummy
2026-07-10,auto,view_item,tablet,seo,50,dummy
2026-07-10,auto,add_to_cart,tablet,seo,25,dummy
2026-07-10,auto,begin_checkout,tablet,seo,8,dummy
2026-07-10,auto,add_payment_info,tablet,seo,4,dummy
2026-07-10,auto,purchase,tablet,seo,1,dummy
2026-07-10,auto,page_view,tablet,direct,59,dummy
2026-07-10,auto,view_item,tablet,direct,36,dummy
2026-07-10,auto,add_to_cart,tablet,direct,19,dummy
2026-07-10,auto,begin_checkout,tablet,direct,4,dummy
2026-07-10,auto,add_payment_info,tablet,direct,3,dummy
2026-07-10,auto,purchase,tablet,direct,2,dummy
2026-07-10,auto,page_view,tablet,email,28,dummy
2026-07-10,auto,view_item,tablet,email,17,dummy
2026-07-10,auto,add_to_cart,tablet,email,10,dummy
2026-07-10,auto,begin_checkout,tablet,email,4,dummy
2026-07-10,auto,add_payment_info,tablet,email,4,dummy
2026-07-10,auto,purchase,tablet,email,2,dummy
2026-07-10,auto,page_view,tablet,paid_social,30,dummy
2026-07-10,auto,view_item,tablet,paid_social,15,dummy
2026-07-10,auto,add_to_cart,tablet,paid_social,6,dummy
2026-07-10,auto,begin_checkout,tablet,paid_social,2,dummy
2026-07-10,auto,add_payment_info,tablet,paid_social,1,dummy
2026-07-10,auto,purchase,tablet,paid_social,1,dummy
2026-07-10,auto,page_view,tablet,affiliate,39,dummy
2026-07-10,auto,view_item,tablet,affiliate,21,dummy
2026-07-10,auto,add_to_cart,tablet,affiliate,5,dummy
2026-07-10,auto,begin_checkout,tablet,affiliate,2,dummy
2026-07-10,auto,add_payment_info,tablet,affiliate,1,dummy
2026-07-10,auto,purchase,tablet,affiliate,1,dummy
2026-07-10,auto,page_view,tablet,referral,14,dummy
2026-07-10,auto,view_item,tablet,referral,10,dummy
2026-07-10,auto,add_to_cart,tablet,referral,7,dummy
2026-07-10,auto,begin_checkout,tablet,referral,2,dummy
2026-07-10,auto,add_payment_info,tablet,referral,0,dummy
2026-07-10,auto,purchase,tablet,referral,0,dummy
2026-07-11,auto,page_view,mobile,sea,666,dummy
2026-07-11,auto,view_item,mobile,sea,260,dummy
2026-07-11,auto,add_to_cart,mobile,sea,77,dummy
2026-07-11,auto,begin_checkout,mobile,sea,22,dummy
2026-07-11,auto,add_payment_info,mobile,sea,16,dummy
2026-07-11,auto,purchase,mobile,sea,13,dummy
2026-07-11,auto,page_view,mobile,seo,630,dummy
2026-07-11,auto,view_item,mobile,seo,246,dummy
2026-07-11,auto,add_to_cart,mobile,seo,102,dummy
2026-07-11,auto,begin_checkout,mobile,seo,26,dummy
2026-07-11,auto,add_payment_info,mobile,seo,13,dummy
2026-07-11,auto,purchase,mobile,seo,10,dummy
2026-07-11,auto,page_view,mobile,direct,326,dummy
2026-07-11,auto,view_item,mobile,direct,131,dummy
2026-07-11,auto,add_to_cart,mobile,direct,55,dummy
2026-07-11,auto,begin_checkout,mobile,direct,15,dummy
2026-07-11,auto,add_payment_info,mobile,direct,11,dummy
2026-07-11,auto,purchase,mobile,direct,10,dummy
2026-07-11,auto,page_view,mobile,email,183,dummy
2026-07-11,auto,view_item,mobile,email,68,dummy
2026-07-11,auto,add_to_cart,mobile,email,34,dummy
2026-07-11,auto,begin_checkout,mobile,email,10,dummy
2026-07-11,auto,add_payment_info,mobile,email,4,dummy
2026-07-11,auto,purchase,mobile,email,3,dummy
2026-07-11,auto,page_view,mobile,paid_social,181,dummy
2026-07-11,auto,view_item,mobile,paid_social,71,dummy
2026-07-11,auto,add_to_cart,mobile,paid_social,24,dummy
2026-07-11,auto,begin_checkout,mobile,paid_social,5,dummy
2026-07-11,auto,add_payment_info,mobile,paid_social,5,dummy
2026-07-11,auto,purchase,mobile,paid_social,4,dummy
2026-07-11,auto,page_view,mobile,affiliate,230,dummy
2026-07-11,auto,view_item,mobile,affiliate,84,dummy
2026-07-11,auto,add_to_cart,mobile,affiliate,38,dummy
2026-07-11,auto,begin_checkout,mobile,affiliate,9,dummy
2026-07-11,auto,add_payment_info,mobile,affiliate,4,dummy
2026-07-11,auto,purchase,mobile,affiliate,4,dummy
2026-07-11,auto,page_view,mobile,referral,112,dummy
2026-07-11,auto,view_item,mobile,referral,35,dummy
2026-07-11,auto,add_to_cart,mobile,referral,19,dummy
2026-07-11,auto,begin_checkout,mobile,referral,7,dummy
2026-07-11,auto,add_payment_info,mobile,referral,3,dummy
2026-07-11,auto,purchase,mobile,referral,3,dummy
2026-07-11,auto,page_view,desktop,sea,415,dummy
2026-07-11,auto,view_item,desktop,sea,238,dummy
2026-07-11,auto,add_to_cart,desktop,sea,80,dummy
2026-07-11,auto,begin_checkout,desktop,sea,21,dummy
2026-07-11,auto,add_payment_info,desktop,sea,16,dummy
2026-07-11,auto,purchase,desktop,sea,14,dummy
2026-07-11,auto,page_view,desktop,seo,315,dummy
2026-07-11,auto,view_item,desktop,seo,169,dummy
2026-07-11,auto,add_to_cart,desktop,seo,72,dummy
2026-07-11,auto,begin_checkout,desktop,seo,22,dummy
2026-07-11,auto,add_payment_info,desktop,seo,14,dummy
2026-07-11,auto,purchase,desktop,seo,12,dummy
2026-07-11,auto,page_view,desktop,direct,176,dummy
2026-07-11,auto,view_item,desktop,direct,104,dummy
2026-07-11,auto,add_to_cart,desktop,direct,49,dummy
2026-07-11,auto,begin_checkout,desktop,direct,19,dummy
2026-07-11,auto,add_payment_info,desktop,direct,13,dummy
2026-07-11,auto,purchase,desktop,direct,10,dummy
2026-07-11,auto,page_view,desktop,email,116,dummy
2026-07-11,auto,view_item,desktop,email,60,dummy
2026-07-11,auto,add_to_cart,desktop,email,29,dummy
2026-07-11,auto,begin_checkout,desktop,email,11,dummy
2026-07-11,auto,add_payment_info,desktop,email,6,dummy
2026-07-11,auto,purchase,desktop,email,5,dummy
2026-07-11,auto,page_view,desktop,paid_social,80,dummy
2026-07-11,auto,view_item,desktop,paid_social,42,dummy
2026-07-11,auto,add_to_cart,desktop,paid_social,20,dummy
2026-07-11,auto,begin_checkout,desktop,paid_social,5,dummy
2026-07-11,auto,add_payment_info,desktop,paid_social,2,dummy
2026-07-11,auto,purchase,desktop,paid_social,0,dummy
2026-07-11,auto,page_view,desktop,affiliate,128,dummy
2026-07-11,auto,view_item,desktop,affiliate,76,dummy
2026-07-11,auto,add_to_cart,desktop,affiliate,24,dummy
2026-07-11,auto,begin_checkout,desktop,affiliate,6,dummy
2026-07-11,auto,add_payment_info,desktop,affiliate,4,dummy
2026-07-11,auto,purchase,desktop,affiliate,3,dummy
2026-07-11,auto,page_view,desktop,referral,64,dummy
2026-07-11,auto,view_item,desktop,referral,35,dummy
2026-07-11,auto,add_to_cart,desktop,referral,14,dummy
2026-07-11,auto,begin_checkout,desktop,referral,2,dummy
2026-07-11,auto,add_payment_info,desktop,referral,2,dummy
2026-07-11,auto,purchase,desktop,referral,0,dummy
2026-07-11,auto,page_view,tablet,sea,85,dummy
2026-07-11,auto,view_item,tablet,sea,39,dummy
2026-07-11,auto,add_to_cart,tablet,sea,12,dummy
2026-07-11,auto,begin_checkout,tablet,sea,7,dummy
2026-07-11,auto,add_payment_info,tablet,sea,4,dummy
2026-07-11,auto,purchase,tablet,sea,3,dummy
2026-07-11,auto,page_view,tablet,seo,57,dummy
2026-07-11,auto,view_item,tablet,seo,32,dummy
2026-07-11,auto,add_to_cart,tablet,seo,15,dummy
2026-07-11,auto,begin_checkout,tablet,seo,2,dummy
2026-07-11,auto,add_payment_info,tablet,seo,1,dummy
2026-07-11,auto,purchase,tablet,seo,1,dummy
2026-07-11,auto,page_view,tablet,direct,41,dummy
2026-07-11,auto,view_item,tablet,direct,21,dummy
2026-07-11,auto,add_to_cart,tablet,direct,10,dummy
2026-07-11,auto,begin_checkout,tablet,direct,3,dummy
2026-07-11,auto,add_payment_info,tablet,direct,0,dummy
2026-07-11,auto,purchase,tablet,direct,0,dummy
2026-07-11,auto,page_view,tablet,email,17,dummy
2026-07-11,auto,view_item,tablet,email,7,dummy
2026-07-11,auto,add_to_cart,tablet,email,3,dummy
2026-07-11,auto,begin_checkout,tablet,email,1,dummy
2026-07-11,auto,add_payment_info,tablet,email,0,dummy
2026-07-11,auto,purchase,tablet,email,0,dummy
2026-07-11,auto,page_view,tablet,paid_social,27,dummy
2026-07-11,auto,view_item,tablet,paid_social,13,dummy
2026-07-11,auto,add_to_cart,tablet,paid_social,5,dummy
2026-07-11,auto,begin_checkout,tablet,paid_social,4,dummy
2026-07-11,auto,add_payment_info,tablet,paid_social,3,dummy
2026-07-11,auto,purchase,tablet,paid_social,2,dummy
2026-07-11,auto,page_view,tablet,affiliate,30,dummy
2026-07-11,auto,view_item,tablet,affiliate,16,dummy
2026-07-11,auto,add_to_cart,tablet,affiliate,9,dummy
2026-07-11,auto,begin_checkout,tablet,affiliate,3,dummy
2026-07-11,auto,add_payment_info,tablet,affiliate,1,dummy
2026-07-11,auto,purchase,tablet,affiliate,1,dummy
2026-07-11,auto,page_view,tablet,referral,9,dummy
2026-07-11,auto,view_item,tablet,referral,7,dummy
2026-07-11,auto,add_to_cart,tablet,referral,3,dummy
2026-07-11,auto,begin_checkout,tablet,referral,1,dummy
2026-07-11,auto,add_payment_info,tablet,referral,1,dummy
2026-07-11,auto,purchase,tablet,referral,1,dummy
2026-07-12,auto,page_view,mobile,sea,728,dummy
2026-07-12,auto,view_item,mobile,sea,281,dummy
2026-07-12,auto,add_to_cart,mobile,sea,93,dummy
2026-07-12,auto,begin_checkout,mobile,sea,22,dummy
2026-07-12,auto,add_payment_info,mobile,sea,13,dummy
2026-07-12,auto,purchase,mobile,sea,10,dummy
2026-07-12,auto,page_view,mobile,seo,598,dummy
2026-07-12,auto,view_item,mobile,seo,230,dummy
2026-07-12,auto,add_to_cart,mobile,seo,111,dummy
2026-07-12,auto,begin_checkout,mobile,seo,37,dummy
2026-07-12,auto,add_payment_info,mobile,seo,24,dummy
2026-07-12,auto,purchase,mobile,seo,21,dummy
2026-07-12,auto,page_view,mobile,direct,344,dummy
2026-07-12,auto,view_item,mobile,direct,123,dummy
2026-07-12,auto,add_to_cart,mobile,direct,53,dummy
2026-07-12,auto,begin_checkout,mobile,direct,17,dummy
2026-07-12,auto,add_payment_info,mobile,direct,14,dummy
2026-07-12,auto,purchase,mobile,direct,14,dummy
2026-07-12,auto,page_view,mobile,email,204,dummy
2026-07-12,auto,view_item,mobile,email,85,dummy
2026-07-12,auto,add_to_cart,mobile,email,47,dummy
2026-07-12,auto,begin_checkout,mobile,email,11,dummy
2026-07-12,auto,add_payment_info,mobile,email,8,dummy
2026-07-12,auto,purchase,mobile,email,7,dummy
2026-07-12,auto,page_view,mobile,paid_social,164,dummy
2026-07-12,auto,view_item,mobile,paid_social,63,dummy
2026-07-12,auto,add_to_cart,mobile,paid_social,21,dummy
2026-07-12,auto,begin_checkout,mobile,paid_social,13,dummy
2026-07-12,auto,add_payment_info,mobile,paid_social,8,dummy
2026-07-12,auto,purchase,mobile,paid_social,6,dummy
2026-07-12,auto,page_view,mobile,affiliate,269,dummy
2026-07-12,auto,view_item,mobile,affiliate,112,dummy
2026-07-12,auto,add_to_cart,mobile,affiliate,63,dummy
2026-07-12,auto,begin_checkout,mobile,affiliate,16,dummy
2026-07-12,auto,add_payment_info,mobile,affiliate,8,dummy
2026-07-12,auto,purchase,mobile,affiliate,6,dummy
2026-07-12,auto,page_view,mobile,referral,137,dummy
2026-07-12,auto,view_item,mobile,referral,58,dummy
2026-07-12,auto,add_to_cart,mobile,referral,19,dummy
2026-07-12,auto,begin_checkout,mobile,referral,5,dummy
2026-07-12,auto,add_payment_info,mobile,referral,2,dummy
2026-07-12,auto,purchase,mobile,referral,2,dummy
2026-07-12,auto,page_view,desktop,sea,395,dummy
2026-07-12,auto,view_item,desktop,sea,238,dummy
2026-07-12,auto,add_to_cart,desktop,sea,77,dummy
2026-07-12,auto,begin_checkout,desktop,sea,29,dummy
2026-07-12,auto,add_payment_info,desktop,sea,17,dummy
2026-07-12,auto,purchase,desktop,sea,14,dummy
2026-07-12,auto,page_view,desktop,seo,344,dummy
2026-07-12,auto,view_item,desktop,seo,183,dummy
2026-07-12,auto,add_to_cart,desktop,seo,82,dummy
2026-07-12,auto,begin_checkout,desktop,seo,26,dummy
2026-07-12,auto,add_payment_info,desktop,seo,16,dummy
2026-07-12,auto,purchase,desktop,seo,16,dummy
2026-07-12,auto,page_view,desktop,direct,199,dummy
2026-07-12,auto,view_item,desktop,direct,111,dummy
2026-07-12,auto,add_to_cart,desktop,direct,65,dummy
2026-07-12,auto,begin_checkout,desktop,direct,21,dummy
2026-07-12,auto,add_payment_info,desktop,direct,14,dummy
2026-07-12,auto,purchase,desktop,direct,12,dummy
2026-07-12,auto,page_view,desktop,email,113,dummy
2026-07-12,auto,view_item,desktop,email,69,dummy
2026-07-12,auto,add_to_cart,desktop,email,36,dummy
2026-07-12,auto,begin_checkout,desktop,email,15,dummy
2026-07-12,auto,add_payment_info,desktop,email,8,dummy
2026-07-12,auto,purchase,desktop,email,7,dummy
2026-07-12,auto,page_view,desktop,paid_social,90,dummy
2026-07-12,auto,view_item,desktop,paid_social,52,dummy
2026-07-12,auto,add_to_cart,desktop,paid_social,21,dummy
2026-07-12,auto,begin_checkout,desktop,paid_social,8,dummy
2026-07-12,auto,add_payment_info,desktop,paid_social,7,dummy
2026-07-12,auto,purchase,desktop,paid_social,6,dummy
2026-07-12,auto,page_view,desktop,affiliate,147,dummy
2026-07-12,auto,view_item,desktop,affiliate,75,dummy
2026-07-12,auto,add_to_cart,desktop,affiliate,35,dummy
2026-07-12,auto,begin_checkout,desktop,affiliate,13,dummy
2026-07-12,auto,add_payment_info,desktop,affiliate,5,dummy
2026-07-12,auto,purchase,desktop,affiliate,3,dummy
2026-07-12,auto,page_view,desktop,referral,78,dummy
2026-07-12,auto,view_item,desktop,referral,46,dummy
2026-07-12,auto,add_to_cart,desktop,referral,20,dummy
2026-07-12,auto,begin_checkout,desktop,referral,7,dummy
2026-07-12,auto,add_payment_info,desktop,referral,6,dummy
2026-07-12,auto,purchase,desktop,referral,6,dummy
2026-07-12,auto,page_view,tablet,sea,85,dummy
2026-07-12,auto,view_item,tablet,sea,46,dummy
2026-07-12,auto,add_to_cart,tablet,sea,21,dummy
2026-07-12,auto,begin_checkout,tablet,sea,4,dummy
2026-07-12,auto,add_payment_info,tablet,sea,2,dummy
2026-07-12,auto,purchase,tablet,sea,1,dummy
2026-07-12,auto,page_view,tablet,seo,63,dummy
2026-07-12,auto,view_item,tablet,seo,32,dummy
2026-07-12,auto,add_to_cart,tablet,seo,16,dummy
2026-07-12,auto,begin_checkout,tablet,seo,8,dummy
2026-07-12,auto,add_payment_info,tablet,seo,3,dummy
2026-07-12,auto,purchase,tablet,seo,3,dummy
2026-07-12,auto,page_view,tablet,direct,34,dummy
2026-07-12,auto,view_item,tablet,direct,14,dummy
2026-07-12,auto,add_to_cart,tablet,direct,5,dummy
2026-07-12,auto,begin_checkout,tablet,direct,1,dummy
2026-07-12,auto,add_payment_info,tablet,direct,1,dummy
2026-07-12,auto,purchase,tablet,direct,1,dummy
2026-07-12,auto,page_view,tablet,email,29,dummy
2026-07-12,auto,view_item,tablet,email,15,dummy
2026-07-12,auto,add_to_cart,tablet,email,10,dummy
2026-07-12,auto,begin_checkout,tablet,email,5,dummy
2026-07-12,auto,add_payment_info,tablet,email,3,dummy
2026-07-12,auto,purchase,tablet,email,3,dummy
2026-07-12,auto,page_view,tablet,paid_social,17,dummy
2026-07-12,auto,view_item,tablet,paid_social,11,dummy
2026-07-12,auto,add_to_cart,tablet,paid_social,8,dummy
2026-07-12,auto,begin_checkout,tablet,paid_social,2,dummy
2026-07-12,auto,add_payment_info,tablet,paid_social,1,dummy
2026-07-12,auto,purchase,tablet,paid_social,1,dummy
2026-07-12,auto,page_view,tablet,affiliate,32,dummy
2026-07-12,auto,view_item,tablet,affiliate,18,dummy
2026-07-12,auto,add_to_cart,tablet,affiliate,10,dummy
2026-07-12,auto,begin_checkout,tablet,affiliate,6,dummy
2026-07-12,auto,add_payment_info,tablet,affiliate,4,dummy
2026-07-12,auto,purchase,tablet,affiliate,4,dummy
2026-07-12,auto,page_view,tablet,referral,18,dummy
2026-07-12,auto,view_item,tablet,referral,10,dummy
2026-07-12,auto,add_to_cart,tablet,referral,3,dummy
2026-07-12,auto,begin_checkout,tablet,referral,0,dummy
2026-07-12,auto,add_payment_info,tablet,referral,0,dummy
2026-07-12,auto,purchase,tablet,referral,0,dummy
2026-07-13,auto,page_view,mobile,sea,901,dummy
2026-07-13,auto,view_item,mobile,sea,335,dummy
2026-07-13,auto,add_to_cart,mobile,sea,105,dummy
2026-07-13,auto,begin_checkout,mobile,sea,31,dummy
2026-07-13,auto,add_payment_info,mobile,sea,23,dummy
2026-07-13,auto,purchase,mobile,sea,19,dummy
2026-07-13,auto,page_view,mobile,seo,754,dummy
2026-07-13,auto,view_item,mobile,seo,312,dummy
2026-07-13,auto,add_to_cart,mobile,seo,132,dummy
2026-07-13,auto,begin_checkout,mobile,seo,43,dummy
2026-07-13,auto,add_payment_info,mobile,seo,29,dummy
2026-07-13,auto,purchase,mobile,seo,25,dummy
2026-07-13,auto,page_view,mobile,direct,462,dummy
2026-07-13,auto,view_item,mobile,direct,183,dummy
2026-07-13,auto,add_to_cart,mobile,direct,87,dummy
2026-07-13,auto,begin_checkout,mobile,direct,28,dummy
2026-07-13,auto,add_payment_info,mobile,direct,17,dummy
2026-07-13,auto,purchase,mobile,direct,15,dummy
2026-07-13,auto,page_view,mobile,email,263,dummy
2026-07-13,auto,view_item,mobile,email,107,dummy
2026-07-13,auto,add_to_cart,mobile,email,59,dummy
2026-07-13,auto,begin_checkout,mobile,email,14,dummy
2026-07-13,auto,add_payment_info,mobile,email,7,dummy
2026-07-13,auto,purchase,mobile,email,7,dummy
2026-07-13,auto,page_view,mobile,paid_social,215,dummy
2026-07-13,auto,view_item,mobile,paid_social,77,dummy
2026-07-13,auto,add_to_cart,mobile,paid_social,28,dummy
2026-07-13,auto,begin_checkout,mobile,paid_social,6,dummy
2026-07-13,auto,add_payment_info,mobile,paid_social,5,dummy
2026-07-13,auto,purchase,mobile,paid_social,4,dummy
2026-07-13,auto,page_view,mobile,affiliate,322,dummy
2026-07-13,auto,view_item,mobile,affiliate,136,dummy
2026-07-13,auto,add_to_cart,mobile,affiliate,65,dummy
2026-07-13,auto,begin_checkout,mobile,affiliate,19,dummy
2026-07-13,auto,add_payment_info,mobile,affiliate,13,dummy
2026-07-13,auto,purchase,mobile,affiliate,13,dummy
2026-07-13,auto,page_view,mobile,referral,139,dummy
2026-07-13,auto,view_item,mobile,referral,57,dummy
2026-07-13,auto,add_to_cart,mobile,referral,28,dummy
2026-07-13,auto,begin_checkout,mobile,referral,10,dummy
2026-07-13,auto,add_payment_info,mobile,referral,7,dummy
2026-07-13,auto,purchase,mobile,referral,5,dummy
2026-07-13,auto,page_view,desktop,sea,491,dummy
2026-07-13,auto,view_item,desktop,sea,251,dummy
2026-07-13,auto,add_to_cart,desktop,sea,81,dummy
2026-07-13,auto,begin_checkout,desktop,sea,25,dummy
2026-07-13,auto,add_payment_info,desktop,sea,14,dummy
2026-07-13,auto,purchase,desktop,sea,10,dummy
2026-07-13,auto,page_view,desktop,seo,434,dummy
2026-07-13,auto,view_item,desktop,seo,234,dummy
2026-07-13,auto,add_to_cart,desktop,seo,117,dummy
2026-07-13,auto,begin_checkout,desktop,seo,30,dummy
2026-07-13,auto,add_payment_info,desktop,seo,21,dummy
2026-07-13,auto,purchase,desktop,seo,15,dummy
2026-07-13,auto,page_view,desktop,direct,232,dummy
2026-07-13,auto,view_item,desktop,direct,129,dummy
2026-07-13,auto,add_to_cart,desktop,direct,60,dummy
2026-07-13,auto,begin_checkout,desktop,direct,20,dummy
2026-07-13,auto,add_payment_info,desktop,direct,9,dummy
2026-07-13,auto,purchase,desktop,direct,8,dummy
2026-07-13,auto,page_view,desktop,email,149,dummy
2026-07-13,auto,view_item,desktop,email,82,dummy
2026-07-13,auto,add_to_cart,desktop,email,44,dummy
2026-07-13,auto,begin_checkout,desktop,email,19,dummy
2026-07-13,auto,add_payment_info,desktop,email,12,dummy
2026-07-13,auto,purchase,desktop,email,9,dummy
2026-07-13,auto,page_view,desktop,paid_social,99,dummy
2026-07-13,auto,view_item,desktop,paid_social,64,dummy
2026-07-13,auto,add_to_cart,desktop,paid_social,28,dummy
2026-07-13,auto,begin_checkout,desktop,paid_social,9,dummy
2026-07-13,auto,add_payment_info,desktop,paid_social,6,dummy
2026-07-13,auto,purchase,desktop,paid_social,4,dummy
2026-07-13,auto,page_view,desktop,affiliate,179,dummy
2026-07-13,auto,view_item,desktop,affiliate,99,dummy
2026-07-13,auto,add_to_cart,desktop,affiliate,51,dummy
2026-07-13,auto,begin_checkout,desktop,affiliate,16,dummy
2026-07-13,auto,add_payment_info,desktop,affiliate,15,dummy
2026-07-13,auto,purchase,desktop,affiliate,12,dummy
2026-07-13,auto,page_view,desktop,referral,74,dummy
2026-07-13,auto,view_item,desktop,referral,37,dummy
2026-07-13,auto,add_to_cart,desktop,referral,14,dummy
2026-07-13,auto,begin_checkout,desktop,referral,2,dummy
2026-07-13,auto,add_payment_info,desktop,referral,2,dummy
2026-07-13,auto,purchase,desktop,referral,2,dummy
2026-07-13,auto,page_view,tablet,sea,103,dummy
2026-07-13,auto,view_item,tablet,sea,61,dummy
2026-07-13,auto,add_to_cart,tablet,sea,22,dummy
2026-07-13,auto,begin_checkout,tablet,sea,5,dummy
2026-07-13,auto,add_payment_info,tablet,sea,2,dummy
2026-07-13,auto,purchase,tablet,sea,1,dummy
2026-07-13,auto,page_view,tablet,seo,80,dummy
2026-07-13,auto,view_item,tablet,seo,35,dummy
2026-07-13,auto,add_to_cart,tablet,seo,16,dummy
2026-07-13,auto,begin_checkout,tablet,seo,6,dummy
2026-07-13,auto,add_payment_info,tablet,seo,5,dummy
2026-07-13,auto,purchase,tablet,seo,4,dummy
2026-07-13,auto,page_view,tablet,direct,64,dummy
2026-07-13,auto,view_item,tablet,direct,32,dummy
2026-07-13,auto,add_to_cart,tablet,direct,16,dummy
2026-07-13,auto,begin_checkout,tablet,direct,4,dummy
2026-07-13,auto,add_payment_info,tablet,direct,3,dummy
2026-07-13,auto,purchase,tablet,direct,1,dummy
2026-07-13,auto,page_view,tablet,email,19,dummy
2026-07-13,auto,view_item,tablet,email,7,dummy
2026-07-13,auto,add_to_cart,tablet,email,5,dummy
2026-07-13,auto,begin_checkout,tablet,email,1,dummy
2026-07-13,auto,add_payment_info,tablet,email,1,dummy
2026-07-13,auto,purchase,tablet,email,1,dummy
2026-07-13,auto,page_view,tablet,paid_social,26,dummy
2026-07-13,auto,view_item,tablet,paid_social,18,dummy
2026-07-13,auto,add_to_cart,tablet,paid_social,8,dummy
2026-07-13,auto,begin_checkout,tablet,paid_social,3,dummy
2026-07-13,auto,add_payment_info,tablet,paid_social,1,dummy
2026-07-13,auto,purchase,tablet,paid_social,1,dummy
2026-07-13,auto,page_view,tablet,affiliate,35,dummy
2026-07-13,auto,view_item,tablet,affiliate,18,dummy
2026-07-13,auto,add_to_cart,tablet,affiliate,11,dummy
2026-07-13,auto,begin_checkout,tablet,affiliate,1,dummy
2026-07-13,auto,add_payment_info,tablet,affiliate,0,dummy
2026-07-13,auto,purchase,tablet,affiliate,0,dummy
2026-07-13,auto,page_view,tablet,referral,33,dummy
2026-07-13,auto,view_item,tablet,referral,15,dummy
2026-07-13,auto,add_to_cart,tablet,referral,6,dummy
2026-07-13,auto,begin_checkout,tablet,referral,4,dummy
2026-07-13,auto,add_payment_info,tablet,referral,3,dummy
2026-07-13,auto,purchase,tablet,referral,1,dummy
2026-07-14,auto,page_view,mobile,sea,938,dummy
2026-07-14,auto,view_item,mobile,sea,368,dummy
2026-07-14,auto,add_to_cart,mobile,sea,135,dummy
2026-07-14,auto,begin_checkout,mobile,sea,45,dummy
2026-07-14,auto,add_payment_info,mobile,sea,29,dummy
2026-07-14,auto,purchase,mobile,sea,23,dummy
2026-07-14,auto,page_view,mobile,seo,735,dummy
2026-07-14,auto,view_item,mobile,seo,256,dummy
2026-07-14,auto,add_to_cart,mobile,seo,113,dummy
2026-07-14,auto,begin_checkout,mobile,seo,31,dummy
2026-07-14,auto,add_payment_info,mobile,seo,21,dummy
2026-07-14,auto,purchase,mobile,seo,17,dummy
2026-07-14,auto,page_view,mobile,direct,449,dummy
2026-07-14,auto,view_item,mobile,direct,168,dummy
2026-07-14,auto,add_to_cart,mobile,direct,77,dummy
2026-07-14,auto,begin_checkout,mobile,direct,28,dummy
2026-07-14,auto,add_payment_info,mobile,direct,20,dummy
2026-07-14,auto,purchase,mobile,direct,17,dummy
2026-07-14,auto,page_view,mobile,email,243,dummy
2026-07-14,auto,view_item,mobile,email,95,dummy
2026-07-14,auto,add_to_cart,mobile,email,37,dummy
2026-07-14,auto,begin_checkout,mobile,email,9,dummy
2026-07-14,auto,add_payment_info,mobile,email,6,dummy
2026-07-14,auto,purchase,mobile,email,4,dummy
2026-07-14,auto,page_view,mobile,paid_social,203,dummy
2026-07-14,auto,view_item,mobile,paid_social,82,dummy
2026-07-14,auto,add_to_cart,mobile,paid_social,35,dummy
2026-07-14,auto,begin_checkout,mobile,paid_social,10,dummy
2026-07-14,auto,add_payment_info,mobile,paid_social,8,dummy
2026-07-14,auto,purchase,mobile,paid_social,6,dummy
2026-07-14,auto,page_view,mobile,affiliate,309,dummy
2026-07-14,auto,view_item,mobile,affiliate,123,dummy
2026-07-14,auto,add_to_cart,mobile,affiliate,45,dummy
2026-07-14,auto,begin_checkout,mobile,affiliate,7,dummy
2026-07-14,auto,add_payment_info,mobile,affiliate,6,dummy
2026-07-14,auto,purchase,mobile,affiliate,4,dummy
2026-07-14,auto,page_view,mobile,referral,177,dummy
2026-07-14,auto,view_item,mobile,referral,61,dummy
2026-07-14,auto,add_to_cart,mobile,referral,25,dummy
2026-07-14,auto,begin_checkout,mobile,referral,12,dummy
2026-07-14,auto,add_payment_info,mobile,referral,9,dummy
2026-07-14,auto,purchase,mobile,referral,7,dummy
2026-07-14,auto,page_view,desktop,sea,470,dummy
2026-07-14,auto,view_item,desktop,sea,276,dummy
2026-07-14,auto,add_to_cart,desktop,sea,100,dummy
2026-07-14,auto,begin_checkout,desktop,sea,28,dummy
2026-07-14,auto,add_payment_info,desktop,sea,20,dummy
2026-07-14,auto,purchase,desktop,sea,15,dummy
2026-07-14,auto,page_view,desktop,seo,410,dummy
2026-07-14,auto,view_item,desktop,seo,226,dummy
2026-07-14,auto,add_to_cart,desktop,seo,103,dummy
2026-07-14,auto,begin_checkout,desktop,seo,32,dummy
2026-07-14,auto,add_payment_info,desktop,seo,22,dummy
2026-07-14,auto,purchase,desktop,seo,17,dummy
2026-07-14,auto,page_view,desktop,direct,278,dummy
2026-07-14,auto,view_item,desktop,direct,137,dummy
2026-07-14,auto,add_to_cart,desktop,direct,70,dummy
2026-07-14,auto,begin_checkout,desktop,direct,23,dummy
2026-07-14,auto,add_payment_info,desktop,direct,16,dummy
2026-07-14,auto,purchase,desktop,direct,13,dummy
2026-07-14,auto,page_view,desktop,email,157,dummy
2026-07-14,auto,view_item,desktop,email,82,dummy
2026-07-14,auto,add_to_cart,desktop,email,46,dummy
2026-07-14,auto,begin_checkout,desktop,email,15,dummy
2026-07-14,auto,add_payment_info,desktop,email,9,dummy
2026-07-14,auto,purchase,desktop,email,8,dummy
2026-07-14,auto,page_view,desktop,paid_social,118,dummy
2026-07-14,auto,view_item,desktop,paid_social,71,dummy
2026-07-14,auto,add_to_cart,desktop,paid_social,28,dummy
2026-07-14,auto,begin_checkout,desktop,paid_social,10,dummy
2026-07-14,auto,add_payment_info,desktop,paid_social,8,dummy
2026-07-14,auto,purchase,desktop,paid_social,7,dummy
2026-07-14,auto,page_view,desktop,affiliate,158,dummy
2026-07-14,auto,view_item,desktop,affiliate,88,dummy
2026-07-14,auto,add_to_cart,desktop,affiliate,41,dummy
2026-07-14,auto,begin_checkout,desktop,affiliate,15,dummy
2026-07-14,auto,add_payment_info,desktop,affiliate,9,dummy
2026-07-14,auto,purchase,desktop,affiliate,8,dummy
2026-07-14,auto,page_view,desktop,referral,81,dummy
2026-07-14,auto,view_item,desktop,referral,44,dummy
2026-07-14,auto,add_to_cart,desktop,referral,18,dummy
2026-07-14,auto,begin_checkout,desktop,referral,6,dummy
2026-07-14,auto,add_payment_info,desktop,referral,4,dummy
2026-07-14,auto,purchase,desktop,referral,4,dummy
2026-07-14,auto,page_view,tablet,sea,103,dummy
2026-07-14,auto,view_item,tablet,sea,56,dummy
2026-07-14,auto,add_to_cart,tablet,sea,10,dummy
2026-07-14,auto,begin_checkout,tablet,sea,3,dummy
2026-07-14,auto,add_payment_info,tablet,sea,3,dummy
2026-07-14,auto,purchase,tablet,sea,3,dummy
2026-07-14,auto,page_view,tablet,seo,70,dummy
2026-07-14,auto,view_item,tablet,seo,35,dummy
2026-07-14,auto,add_to_cart,tablet,seo,17,dummy
2026-07-14,auto,begin_checkout,tablet,seo,4,dummy
2026-07-14,auto,add_payment_info,tablet,seo,2,dummy
2026-07-14,auto,purchase,tablet,seo,2,dummy
2026-07-14,auto,page_view,tablet,direct,53,dummy
2026-07-14,auto,view_item,tablet,direct,27,dummy
2026-07-14,auto,add_to_cart,tablet,direct,15,dummy
2026-07-14,auto,begin_checkout,tablet,direct,5,dummy
2026-07-14,auto,add_payment_info,tablet,direct,3,dummy
2026-07-14,auto,purchase,tablet,direct,3,dummy
2026-07-14,auto,page_view,tablet,email,21,dummy
2026-07-14,auto,view_item,tablet,email,11,dummy
2026-07-14,auto,add_to_cart,tablet,email,5,dummy
2026-07-14,auto,begin_checkout,tablet,email,1,dummy
2026-07-14,auto,add_payment_info,tablet,email,1,dummy
2026-07-14,auto,purchase,tablet,email,0,dummy
2026-07-14,auto,page_view,tablet,paid_social,23,dummy
2026-07-14,auto,view_item,tablet,paid_social,8,dummy
2026-07-14,auto,add_to_cart,tablet,paid_social,2,dummy
2026-07-14,auto,begin_checkout,tablet,paid_social,1,dummy
2026-07-14,auto,add_payment_info,tablet,paid_social,1,dummy
2026-07-14,auto,purchase,tablet,paid_social,1,dummy
2026-07-14,auto,page_view,tablet,affiliate,25,dummy
2026-07-14,auto,view_item,tablet,affiliate,13,dummy
2026-07-14,auto,add_to_cart,tablet,affiliate,7,dummy
2026-07-14,auto,begin_checkout,tablet,affiliate,0,dummy
2026-07-14,auto,add_payment_info,tablet,affiliate,0,dummy
2026-07-14,auto,purchase,tablet,affiliate,0,dummy
2026-07-14,auto,page_view,tablet,referral,11,dummy
2026-07-14,auto,view_item,tablet,referral,6,dummy
2026-07-14,auto,add_to_cart,tablet,referral,2,dummy
2026-07-14,auto,begin_checkout,tablet,referral,0,dummy
2026-07-14,auto,add_payment_info,tablet,referral,0,dummy
2026-07-14,auto,purchase,tablet,referral,0,dummy
2026-07-15,auto,page_view,mobile,sea,916,dummy
2026-07-15,auto,view_item,mobile,sea,383,dummy
2026-07-15,auto,add_to_cart,mobile,sea,128,dummy
2026-07-15,auto,begin_checkout,mobile,sea,47,dummy
2026-07-15,auto,add_payment_info,mobile,sea,32,dummy
2026-07-15,auto,purchase,mobile,sea,25,dummy
2026-07-15,auto,page_view,mobile,seo,718,dummy
2026-07-15,auto,view_item,mobile,seo,282,dummy
2026-07-15,auto,add_to_cart,mobile,seo,131,dummy
2026-07-15,auto,begin_checkout,mobile,seo,36,dummy
2026-07-15,auto,add_payment_info,mobile,seo,22,dummy
2026-07-15,auto,purchase,mobile,seo,20,dummy
2026-07-15,auto,page_view,mobile,direct,446,dummy
2026-07-15,auto,view_item,mobile,direct,149,dummy
2026-07-15,auto,add_to_cart,mobile,direct,70,dummy
2026-07-15,auto,begin_checkout,mobile,direct,21,dummy
2026-07-15,auto,add_payment_info,mobile,direct,15,dummy
2026-07-15,auto,purchase,mobile,direct,12,dummy
2026-07-15,auto,page_view,mobile,email,233,dummy
2026-07-15,auto,view_item,mobile,email,92,dummy
2026-07-15,auto,add_to_cart,mobile,email,38,dummy
2026-07-15,auto,begin_checkout,mobile,email,12,dummy
2026-07-15,auto,add_payment_info,mobile,email,9,dummy
2026-07-15,auto,purchase,mobile,email,9,dummy
2026-07-15,auto,page_view,mobile,paid_social,181,dummy
2026-07-15,auto,view_item,mobile,paid_social,71,dummy
2026-07-15,auto,add_to_cart,mobile,paid_social,28,dummy
2026-07-15,auto,begin_checkout,mobile,paid_social,9,dummy
2026-07-15,auto,add_payment_info,mobile,paid_social,5,dummy
2026-07-15,auto,purchase,mobile,paid_social,4,dummy
2026-07-15,auto,page_view,mobile,affiliate,282,dummy
2026-07-15,auto,view_item,mobile,affiliate,102,dummy
2026-07-15,auto,add_to_cart,mobile,affiliate,50,dummy
2026-07-15,auto,begin_checkout,mobile,affiliate,11,dummy
2026-07-15,auto,add_payment_info,mobile,affiliate,6,dummy
2026-07-15,auto,purchase,mobile,affiliate,5,dummy
2026-07-15,auto,page_view,mobile,referral,163,dummy
2026-07-15,auto,view_item,mobile,referral,67,dummy
2026-07-15,auto,add_to_cart,mobile,referral,32,dummy
2026-07-15,auto,begin_checkout,mobile,referral,11,dummy
2026-07-15,auto,add_payment_info,mobile,referral,6,dummy
2026-07-15,auto,purchase,mobile,referral,6,dummy
2026-07-15,auto,page_view,desktop,sea,469,dummy
2026-07-15,auto,view_item,desktop,sea,242,dummy
2026-07-15,auto,add_to_cart,desktop,sea,76,dummy
2026-07-15,auto,begin_checkout,desktop,sea,23,dummy
2026-07-15,auto,add_payment_info,desktop,sea,19,dummy
2026-07-15,auto,purchase,desktop,sea,13,dummy
2026-07-15,auto,page_view,desktop,seo,435,dummy
2026-07-15,auto,view_item,desktop,seo,261,dummy
2026-07-15,auto,add_to_cart,desktop,seo,115,dummy
2026-07-15,auto,begin_checkout,desktop,seo,40,dummy
2026-07-15,auto,add_payment_info,desktop,seo,29,dummy
2026-07-15,auto,purchase,desktop,seo,24,dummy
2026-07-15,auto,page_view,desktop,direct,261,dummy
2026-07-15,auto,view_item,desktop,direct,146,dummy
2026-07-15,auto,add_to_cart,desktop,direct,60,dummy
2026-07-15,auto,begin_checkout,desktop,direct,16,dummy
2026-07-15,auto,add_payment_info,desktop,direct,10,dummy
2026-07-15,auto,purchase,desktop,direct,10,dummy
2026-07-15,auto,page_view,desktop,email,124,dummy
2026-07-15,auto,view_item,desktop,email,75,dummy
2026-07-15,auto,add_to_cart,desktop,email,28,dummy
2026-07-15,auto,begin_checkout,desktop,email,14,dummy
2026-07-15,auto,add_payment_info,desktop,email,10,dummy
2026-07-15,auto,purchase,desktop,email,6,dummy
2026-07-15,auto,page_view,desktop,paid_social,96,dummy
2026-07-15,auto,view_item,desktop,paid_social,49,dummy
2026-07-15,auto,add_to_cart,desktop,paid_social,17,dummy
2026-07-15,auto,begin_checkout,desktop,paid_social,8,dummy
2026-07-15,auto,add_payment_info,desktop,paid_social,6,dummy
2026-07-15,auto,purchase,desktop,paid_social,3,dummy
2026-07-15,auto,page_view,desktop,affiliate,185,dummy
2026-07-15,auto,view_item,desktop,affiliate,106,dummy
2026-07-15,auto,add_to_cart,desktop,affiliate,44,dummy
2026-07-15,auto,begin_checkout,desktop,affiliate,13,dummy
2026-07-15,auto,add_payment_info,desktop,affiliate,9,dummy
2026-07-15,auto,purchase,desktop,affiliate,9,dummy
2026-07-15,auto,page_view,desktop,referral,73,dummy
2026-07-15,auto,view_item,desktop,referral,35,dummy
2026-07-15,auto,add_to_cart,desktop,referral,17,dummy
2026-07-15,auto,begin_checkout,desktop,referral,3,dummy
2026-07-15,auto,add_payment_info,desktop,referral,0,dummy
2026-07-15,auto,purchase,desktop,referral,0,dummy
2026-07-15,auto,page_view,tablet,sea,101,dummy
2026-07-15,auto,view_item,tablet,sea,64,dummy
2026-07-15,auto,add_to_cart,tablet,sea,17,dummy
2026-07-15,auto,begin_checkout,tablet,sea,2,dummy
2026-07-15,auto,add_payment_info,tablet,sea,1,dummy
2026-07-15,auto,purchase,tablet,sea,1,dummy
2026-07-15,auto,page_view,tablet,seo,80,dummy
2026-07-15,auto,view_item,tablet,seo,41,dummy
2026-07-15,auto,add_to_cart,tablet,seo,22,dummy
2026-07-15,auto,begin_checkout,tablet,seo,7,dummy
2026-07-15,auto,add_payment_info,tablet,seo,5,dummy
2026-07-15,auto,purchase,tablet,seo,4,dummy
2026-07-15,auto,page_view,tablet,direct,59,dummy
2026-07-15,auto,view_item,tablet,direct,32,dummy
2026-07-15,auto,add_to_cart,tablet,direct,16,dummy
2026-07-15,auto,begin_checkout,tablet,direct,3,dummy
2026-07-15,auto,add_payment_info,tablet,direct,2,dummy
2026-07-15,auto,purchase,tablet,direct,2,dummy
2026-07-15,auto,page_view,tablet,email,36,dummy
2026-07-15,auto,view_item,tablet,email,27,dummy
2026-07-15,auto,add_to_cart,tablet,email,9,dummy
2026-07-15,auto,begin_checkout,tablet,email,2,dummy
2026-07-15,auto,add_payment_info,tablet,email,1,dummy
2026-07-15,auto,purchase,tablet,email,1,dummy
2026-07-15,auto,page_view,tablet,paid_social,24,dummy
2026-07-15,auto,view_item,tablet,paid_social,13,dummy
2026-07-15,auto,add_to_cart,tablet,paid_social,2,dummy
2026-07-15,auto,begin_checkout,tablet,paid_social,1,dummy
2026-07-15,auto,add_payment_info,tablet,paid_social,0,dummy
2026-07-15,auto,purchase,tablet,paid_social,0,dummy
2026-07-15,auto,page_view,tablet,affiliate,29,dummy
2026-07-15,auto,view_item,tablet,affiliate,14,dummy
2026-07-15,auto,add_to_cart,tablet,affiliate,9,dummy
2026-07-15,auto,begin_checkout,tablet,affiliate,3,dummy
2026-07-15,auto,add_payment_info,tablet,affiliate,1,dummy
2026-07-15,auto,purchase,tablet,affiliate,1,dummy
2026-07-15,auto,page_view,tablet,referral,20,dummy
2026-07-15,auto,view_item,tablet,referral,12,dummy
2026-07-15,auto,add_to_cart,tablet,referral,4,dummy
2026-07-15,auto,begin_checkout,tablet,referral,1,dummy
2026-07-15,auto,add_payment_info,tablet,referral,1,dummy
2026-07-15,auto,purchase,tablet,referral,0,dummy
2026-07-16,auto,page_view,mobile,sea,904,dummy
2026-07-16,auto,view_item,mobile,sea,361,dummy
2026-07-16,auto,add_to_cart,mobile,sea,124,dummy
2026-07-16,auto,begin_checkout,mobile,sea,40,dummy
2026-07-16,auto,add_payment_info,mobile,sea,24,dummy
2026-07-16,auto,purchase,mobile,sea,19,dummy
2026-07-16,auto,page_view,mobile,seo,742,dummy
2026-07-16,auto,view_item,mobile,seo,282,dummy
2026-07-16,auto,add_to_cart,mobile,seo,135,dummy
2026-07-16,auto,begin_checkout,mobile,seo,43,dummy
2026-07-16,auto,add_payment_info,mobile,seo,26,dummy
2026-07-16,auto,purchase,mobile,seo,22,dummy
2026-07-16,auto,page_view,mobile,direct,458,dummy
2026-07-16,auto,view_item,mobile,direct,162,dummy
2026-07-16,auto,add_to_cart,mobile,direct,83,dummy
2026-07-16,auto,begin_checkout,mobile,direct,26,dummy
2026-07-16,auto,add_payment_info,mobile,direct,17,dummy
2026-07-16,auto,purchase,mobile,direct,15,dummy
2026-07-16,auto,page_view,mobile,email,264,dummy
2026-07-16,auto,view_item,mobile,email,99,dummy
2026-07-16,auto,add_to_cart,mobile,email,50,dummy
2026-07-16,auto,begin_checkout,mobile,email,18,dummy
2026-07-16,auto,add_payment_info,mobile,email,12,dummy
2026-07-16,auto,purchase,mobile,email,10,dummy
2026-07-16,auto,page_view,mobile,paid_social,208,dummy
2026-07-16,auto,view_item,mobile,paid_social,99,dummy
2026-07-16,auto,add_to_cart,mobile,paid_social,38,dummy
2026-07-16,auto,begin_checkout,mobile,paid_social,14,dummy
2026-07-16,auto,add_payment_info,mobile,paid_social,13,dummy
2026-07-16,auto,purchase,mobile,paid_social,12,dummy
2026-07-16,auto,page_view,mobile,affiliate,314,dummy
2026-07-16,auto,view_item,mobile,affiliate,112,dummy
2026-07-16,auto,add_to_cart,mobile,affiliate,53,dummy
2026-07-16,auto,begin_checkout,mobile,affiliate,17,dummy
2026-07-16,auto,add_payment_info,mobile,affiliate,10,dummy
2026-07-16,auto,purchase,mobile,affiliate,10,dummy
2026-07-16,auto,page_view,mobile,referral,161,dummy
2026-07-16,auto,view_item,mobile,referral,67,dummy
2026-07-16,auto,add_to_cart,mobile,referral,22,dummy
2026-07-16,auto,begin_checkout,mobile,referral,8,dummy
2026-07-16,auto,add_payment_info,mobile,referral,7,dummy
2026-07-16,auto,purchase,mobile,referral,5,dummy
2026-07-16,auto,page_view,desktop,sea,467,dummy
2026-07-16,auto,view_item,desktop,sea,245,dummy
2026-07-16,auto,add_to_cart,desktop,sea,75,dummy
2026-07-16,auto,begin_checkout,desktop,sea,20,dummy
2026-07-16,auto,add_payment_info,desktop,sea,11,dummy
2026-07-16,auto,purchase,desktop,sea,11,dummy
2026-07-16,auto,page_view,desktop,seo,394,dummy
2026-07-16,auto,view_item,desktop,seo,226,dummy
2026-07-16,auto,add_to_cart,desktop,seo,106,dummy
2026-07-16,auto,begin_checkout,desktop,seo,30,dummy
2026-07-16,auto,add_payment_info,desktop,seo,17,dummy
2026-07-16,auto,purchase,desktop,seo,9,dummy
2026-07-16,auto,page_view,desktop,direct,217,dummy
2026-07-16,auto,view_item,desktop,direct,108,dummy
2026-07-16,auto,add_to_cart,desktop,direct,42,dummy
2026-07-16,auto,begin_checkout,desktop,direct,11,dummy
2026-07-16,auto,add_payment_info,desktop,direct,7,dummy
2026-07-16,auto,purchase,desktop,direct,7,dummy
2026-07-16,auto,page_view,desktop,email,120,dummy
2026-07-16,auto,view_item,desktop,email,67,dummy
2026-07-16,auto,add_to_cart,desktop,email,30,dummy
2026-07-16,auto,begin_checkout,desktop,email,9,dummy
2026-07-16,auto,add_payment_info,desktop,email,7,dummy
2026-07-16,auto,purchase,desktop,email,6,dummy
2026-07-16,auto,page_view,desktop,paid_social,120,dummy
2026-07-16,auto,view_item,desktop,paid_social,75,dummy
2026-07-16,auto,add_to_cart,desktop,paid_social,34,dummy
2026-07-16,auto,begin_checkout,desktop,paid_social,7,dummy
2026-07-16,auto,add_payment_info,desktop,paid_social,4,dummy
2026-07-16,auto,purchase,desktop,paid_social,4,dummy
2026-07-16,auto,page_view,desktop,affiliate,175,dummy
2026-07-16,auto,view_item,desktop,affiliate,101,dummy
2026-07-16,auto,add_to_cart,desktop,affiliate,54,dummy
2026-07-16,auto,begin_checkout,desktop,affiliate,18,dummy
2026-07-16,auto,add_payment_info,desktop,affiliate,13,dummy
2026-07-16,auto,purchase,desktop,affiliate,9,dummy
2026-07-16,auto,page_view,desktop,referral,85,dummy
2026-07-16,auto,view_item,desktop,referral,51,dummy
2026-07-16,auto,add_to_cart,desktop,referral,19,dummy
2026-07-16,auto,begin_checkout,desktop,referral,5,dummy
2026-07-16,auto,add_payment_info,desktop,referral,5,dummy
2026-07-16,auto,purchase,desktop,referral,4,dummy
2026-07-16,auto,page_view,tablet,sea,124,dummy
2026-07-16,auto,view_item,tablet,sea,65,dummy
2026-07-16,auto,add_to_cart,tablet,sea,19,dummy
2026-07-16,auto,begin_checkout,tablet,sea,8,dummy
2026-07-16,auto,add_payment_info,tablet,sea,4,dummy
2026-07-16,auto,purchase,tablet,sea,3,dummy
2026-07-16,auto,page_view,tablet,seo,83,dummy
2026-07-16,auto,view_item,tablet,seo,49,dummy
2026-07-16,auto,add_to_cart,tablet,seo,19,dummy
2026-07-16,auto,begin_checkout,tablet,seo,6,dummy
2026-07-16,auto,add_payment_info,tablet,seo,4,dummy
2026-07-16,auto,purchase,tablet,seo,2,dummy
2026-07-16,auto,page_view,tablet,direct,53,dummy
2026-07-16,auto,view_item,tablet,direct,33,dummy
2026-07-16,auto,add_to_cart,tablet,direct,15,dummy
2026-07-16,auto,begin_checkout,tablet,direct,1,dummy
2026-07-16,auto,add_payment_info,tablet,direct,1,dummy
2026-07-16,auto,purchase,tablet,direct,1,dummy
2026-07-16,auto,page_view,tablet,email,25,dummy
2026-07-16,auto,view_item,tablet,email,15,dummy
2026-07-16,auto,add_to_cart,tablet,email,10,dummy
2026-07-16,auto,begin_checkout,tablet,email,2,dummy
2026-07-16,auto,add_payment_info,tablet,email,1,dummy
2026-07-16,auto,purchase,tablet,email,1,dummy
2026-07-16,auto,page_view,tablet,paid_social,16,dummy
2026-07-16,auto,view_item,tablet,paid_social,11,dummy
2026-07-16,auto,add_to_cart,tablet,paid_social,4,dummy
2026-07-16,auto,begin_checkout,tablet,paid_social,2,dummy
2026-07-16,auto,add_payment_info,tablet,paid_social,2,dummy
2026-07-16,auto,purchase,tablet,paid_social,1,dummy
2026-07-16,auto,page_view,tablet,affiliate,33,dummy
2026-07-16,auto,view_item,tablet,affiliate,17,dummy
2026-07-16,auto,add_to_cart,tablet,affiliate,6,dummy
2026-07-16,auto,begin_checkout,tablet,affiliate,4,dummy
2026-07-16,auto,add_payment_info,tablet,affiliate,2,dummy
2026-07-16,auto,purchase,tablet,affiliate,2,dummy
2026-07-16,auto,page_view,tablet,referral,17,dummy
2026-07-16,auto,view_item,tablet,referral,6,dummy
2026-07-16,auto,add_to_cart,tablet,referral,3,dummy
2026-07-16,auto,begin_checkout,tablet,referral,0,dummy
2026-07-16,auto,add_payment_info,tablet,referral,0,dummy
2026-07-16,auto,purchase,tablet,referral,0,dummy
2026-07-17,auto,page_view,mobile,sea,889,dummy
2026-07-17,auto,view_item,mobile,sea,346,dummy
2026-07-17,auto,add_to_cart,mobile,sea,94,dummy
2026-07-17,auto,begin_checkout,mobile,sea,24,dummy
2026-07-17,auto,add_payment_info,mobile,sea,16,dummy
2026-07-17,auto,purchase,mobile,sea,13,dummy
2026-07-17,auto,page_view,mobile,seo,714,dummy
2026-07-17,auto,view_item,mobile,seo,274,dummy
2026-07-17,auto,add_to_cart,mobile,seo,126,dummy
2026-07-17,auto,begin_checkout,mobile,seo,26,dummy
2026-07-17,auto,add_payment_info,mobile,seo,15,dummy
2026-07-17,auto,purchase,mobile,seo,13,dummy
2026-07-17,auto,page_view,mobile,direct,476,dummy
2026-07-17,auto,view_item,mobile,direct,175,dummy
2026-07-17,auto,add_to_cart,mobile,direct,66,dummy
2026-07-17,auto,begin_checkout,mobile,direct,17,dummy
2026-07-17,auto,add_payment_info,mobile,direct,14,dummy
2026-07-17,auto,purchase,mobile,direct,14,dummy
2026-07-17,auto,page_view,mobile,email,249,dummy
2026-07-17,auto,view_item,mobile,email,96,dummy
2026-07-17,auto,add_to_cart,mobile,email,41,dummy
2026-07-17,auto,begin_checkout,mobile,email,12,dummy
2026-07-17,auto,add_payment_info,mobile,email,8,dummy
2026-07-17,auto,purchase,mobile,email,8,dummy
2026-07-17,auto,page_view,mobile,paid_social,191,dummy
2026-07-17,auto,view_item,mobile,paid_social,80,dummy
2026-07-17,auto,add_to_cart,mobile,paid_social,26,dummy
2026-07-17,auto,begin_checkout,mobile,paid_social,10,dummy
2026-07-17,auto,add_payment_info,mobile,paid_social,7,dummy
2026-07-17,auto,purchase,mobile,paid_social,4,dummy
2026-07-17,auto,page_view,mobile,affiliate,335,dummy
2026-07-17,auto,view_item,mobile,affiliate,141,dummy
2026-07-17,auto,add_to_cart,mobile,affiliate,62,dummy
2026-07-17,auto,begin_checkout,mobile,affiliate,17,dummy
2026-07-17,auto,add_payment_info,mobile,affiliate,13,dummy
2026-07-17,auto,purchase,mobile,affiliate,12,dummy
2026-07-17,auto,page_view,mobile,referral,165,dummy
2026-07-17,auto,view_item,mobile,referral,54,dummy
2026-07-17,auto,add_to_cart,mobile,referral,22,dummy
2026-07-17,auto,begin_checkout,mobile,referral,6,dummy
2026-07-17,auto,add_payment_info,mobile,referral,5,dummy
2026-07-17,auto,purchase,mobile,referral,5,dummy
2026-07-17,auto,page_view,desktop,sea,496,dummy
2026-07-17,auto,view_item,desktop,sea,274,dummy
2026-07-17,auto,add_to_cart,desktop,sea,95,dummy
2026-07-17,auto,begin_checkout,desktop,sea,30,dummy
2026-07-17,auto,add_payment_info,desktop,sea,20,dummy
2026-07-17,auto,purchase,desktop,sea,16,dummy
2026-07-17,auto,page_view,desktop,seo,401,dummy
2026-07-17,auto,view_item,desktop,seo,236,dummy
2026-07-17,auto,add_to_cart,desktop,seo,111,dummy
2026-07-17,auto,begin_checkout,desktop,seo,26,dummy
2026-07-17,auto,add_payment_info,desktop,seo,18,dummy
2026-07-17,auto,purchase,desktop,seo,17,dummy
2026-07-17,auto,page_view,desktop,direct,229,dummy
2026-07-17,auto,view_item,desktop,direct,132,dummy
2026-07-17,auto,add_to_cart,desktop,direct,63,dummy
2026-07-17,auto,begin_checkout,desktop,direct,22,dummy
2026-07-17,auto,add_payment_info,desktop,direct,18,dummy
2026-07-17,auto,purchase,desktop,direct,13,dummy
2026-07-17,auto,page_view,desktop,email,120,dummy
2026-07-17,auto,view_item,desktop,email,65,dummy
2026-07-17,auto,add_to_cart,desktop,email,28,dummy
2026-07-17,auto,begin_checkout,desktop,email,7,dummy
2026-07-17,auto,add_payment_info,desktop,email,3,dummy
2026-07-17,auto,purchase,desktop,email,3,dummy
2026-07-17,auto,page_view,desktop,paid_social,111,dummy
2026-07-17,auto,view_item,desktop,paid_social,65,dummy
2026-07-17,auto,add_to_cart,desktop,paid_social,29,dummy
2026-07-17,auto,begin_checkout,desktop,paid_social,5,dummy
2026-07-17,auto,add_payment_info,desktop,paid_social,5,dummy
2026-07-17,auto,purchase,desktop,paid_social,3,dummy
2026-07-17,auto,page_view,desktop,affiliate,163,dummy
2026-07-17,auto,view_item,desktop,affiliate,88,dummy
2026-07-17,auto,add_to_cart,desktop,affiliate,40,dummy
2026-07-17,auto,begin_checkout,desktop,affiliate,11,dummy
2026-07-17,auto,add_payment_info,desktop,affiliate,7,dummy
2026-07-17,auto,purchase,desktop,affiliate,7,dummy
2026-07-17,auto,page_view,desktop,referral,103,dummy
2026-07-17,auto,view_item,desktop,referral,57,dummy
2026-07-17,auto,add_to_cart,desktop,referral,27,dummy
2026-07-17,auto,begin_checkout,desktop,referral,7,dummy
2026-07-17,auto,add_payment_info,desktop,referral,5,dummy
2026-07-17,auto,purchase,desktop,referral,4,dummy
2026-07-17,auto,page_view,tablet,sea,100,dummy
2026-07-17,auto,view_item,tablet,sea,46,dummy
2026-07-17,auto,add_to_cart,tablet,sea,17,dummy
2026-07-17,auto,begin_checkout,tablet,sea,2,dummy
2026-07-17,auto,add_payment_info,tablet,sea,1,dummy
2026-07-17,auto,purchase,tablet,sea,1,dummy
2026-07-17,auto,page_view,tablet,seo,80,dummy
2026-07-17,auto,view_item,tablet,seo,47,dummy
2026-07-17,auto,add_to_cart,tablet,seo,22,dummy
2026-07-17,auto,begin_checkout,tablet,seo,6,dummy
2026-07-17,auto,add_payment_info,tablet,seo,5,dummy
2026-07-17,auto,purchase,tablet,seo,3,dummy
2026-07-17,auto,page_view,tablet,direct,50,dummy
2026-07-17,auto,view_item,tablet,direct,24,dummy
2026-07-17,auto,add_to_cart,tablet,direct,9,dummy
2026-07-17,auto,begin_checkout,tablet,direct,2,dummy
2026-07-17,auto,add_payment_info,tablet,direct,1,dummy
2026-07-17,auto,purchase,tablet,direct,0,dummy
2026-07-17,auto,page_view,tablet,email,36,dummy
2026-07-17,auto,view_item,tablet,email,20,dummy
2026-07-17,auto,add_to_cart,tablet,email,6,dummy
2026-07-17,auto,begin_checkout,tablet,email,4,dummy
2026-07-17,auto,add_payment_info,tablet,email,2,dummy
2026-07-17,auto,purchase,tablet,email,1,dummy
2026-07-17,auto,page_view,tablet,paid_social,24,dummy
2026-07-17,auto,view_item,tablet,paid_social,11,dummy
2026-07-17,auto,add_to_cart,tablet,paid_social,3,dummy
2026-07-17,auto,begin_checkout,tablet,paid_social,2,dummy
2026-07-17,auto,add_payment_info,tablet,paid_social,1,dummy
2026-07-17,auto,purchase,tablet,paid_social,1,dummy
2026-07-17,auto,page_view,tablet,affiliate,43,dummy
2026-07-17,auto,view_item,tablet,affiliate,24,dummy
2026-07-17,auto,add_to_cart,tablet,affiliate,14,dummy
2026-07-17,auto,begin_checkout,tablet,affiliate,4,dummy
2026-07-17,auto,add_payment_info,tablet,affiliate,2,dummy
2026-07-17,auto,purchase,tablet,affiliate,1,dummy
2026-07-17,auto,page_view,tablet,referral,17,dummy
2026-07-17,auto,view_item,tablet,referral,11,dummy
2026-07-17,auto,add_to_cart,tablet,referral,3,dummy
2026-07-17,auto,begin_checkout,tablet,referral,2,dummy
2026-07-17,auto,add_payment_info,tablet,referral,0,dummy
2026-07-17,auto,purchase,tablet,referral,0,dummy
2026-07-18,auto,page_view,mobile,sea,770,dummy
2026-07-18,auto,view_item,mobile,sea,299,dummy
2026-07-18,auto,add_to_cart,mobile,sea,108,dummy
2026-07-18,auto,begin_checkout,mobile,sea,27,dummy
2026-07-18,auto,add_payment_info,mobile,sea,16,dummy
2026-07-18,auto,purchase,mobile,sea,8,dummy
2026-07-18,auto,page_view,mobile,seo,592,dummy
2026-07-18,auto,view_item,mobile,seo,220,dummy
2026-07-18,auto,add_to_cart,mobile,seo,104,dummy
2026-07-18,auto,begin_checkout,mobile,seo,27,dummy
2026-07-18,auto,add_payment_info,mobile,seo,17,dummy
2026-07-18,auto,purchase,mobile,seo,13,dummy
2026-07-18,auto,page_view,mobile,direct,384,dummy
2026-07-18,auto,view_item,mobile,direct,150,dummy
2026-07-18,auto,add_to_cart,mobile,direct,64,dummy
2026-07-18,auto,begin_checkout,mobile,direct,19,dummy
2026-07-18,auto,add_payment_info,mobile,direct,16,dummy
2026-07-18,auto,purchase,mobile,direct,15,dummy
2026-07-18,auto,page_view,mobile,email,194,dummy
2026-07-18,auto,view_item,mobile,email,70,dummy
2026-07-18,auto,add_to_cart,mobile,email,33,dummy
2026-07-18,auto,begin_checkout,mobile,email,9,dummy
2026-07-18,auto,add_payment_info,mobile,email,3,dummy
2026-07-18,auto,purchase,mobile,email,3,dummy
2026-07-18,auto,page_view,mobile,paid_social,161,dummy
2026-07-18,auto,view_item,mobile,paid_social,62,dummy
2026-07-18,auto,add_to_cart,mobile,paid_social,24,dummy
2026-07-18,auto,begin_checkout,mobile,paid_social,7,dummy
2026-07-18,auto,add_payment_info,mobile,paid_social,2,dummy
2026-07-18,auto,purchase,mobile,paid_social,1,dummy
2026-07-18,auto,page_view,mobile,affiliate,255,dummy
2026-07-18,auto,view_item,mobile,affiliate,109,dummy
2026-07-18,auto,add_to_cart,mobile,affiliate,54,dummy
2026-07-18,auto,begin_checkout,mobile,affiliate,18,dummy
2026-07-18,auto,add_payment_info,mobile,affiliate,10,dummy
2026-07-18,auto,purchase,mobile,affiliate,8,dummy
2026-07-18,auto,page_view,mobile,referral,130,dummy
2026-07-18,auto,view_item,mobile,referral,47,dummy
2026-07-18,auto,add_to_cart,mobile,referral,24,dummy
2026-07-18,auto,begin_checkout,mobile,referral,6,dummy
2026-07-18,auto,add_payment_info,mobile,referral,5,dummy
2026-07-18,auto,purchase,mobile,referral,4,dummy
2026-07-18,auto,page_view,desktop,sea,400,dummy
2026-07-18,auto,view_item,desktop,sea,208,dummy
2026-07-18,auto,add_to_cart,desktop,sea,69,dummy
2026-07-18,auto,begin_checkout,desktop,sea,26,dummy
2026-07-18,auto,add_payment_info,desktop,sea,18,dummy
2026-07-18,auto,purchase,desktop,sea,15,dummy
2026-07-18,auto,page_view,desktop,seo,337,dummy
2026-07-18,auto,view_item,desktop,seo,177,dummy
2026-07-18,auto,add_to_cart,desktop,seo,73,dummy
2026-07-18,auto,begin_checkout,desktop,seo,30,dummy
2026-07-18,auto,add_payment_info,desktop,seo,18,dummy
2026-07-18,auto,purchase,desktop,seo,17,dummy
2026-07-18,auto,page_view,desktop,direct,177,dummy
2026-07-18,auto,view_item,desktop,direct,102,dummy
2026-07-18,auto,add_to_cart,desktop,direct,50,dummy
2026-07-18,auto,begin_checkout,desktop,direct,12,dummy
2026-07-18,auto,add_payment_info,desktop,direct,9,dummy
2026-07-18,auto,purchase,desktop,direct,9,dummy
2026-07-18,auto,page_view,desktop,email,105,dummy
2026-07-18,auto,view_item,desktop,email,62,dummy
2026-07-18,auto,add_to_cart,desktop,email,32,dummy
2026-07-18,auto,begin_checkout,desktop,email,3,dummy
2026-07-18,auto,add_payment_info,desktop,email,1,dummy
2026-07-18,auto,purchase,desktop,email,1,dummy
2026-07-18,auto,page_view,desktop,paid_social,124,dummy
2026-07-18,auto,view_item,desktop,paid_social,69,dummy
2026-07-18,auto,add_to_cart,desktop,paid_social,28,dummy
2026-07-18,auto,begin_checkout,desktop,paid_social,7,dummy
2026-07-18,auto,add_payment_info,desktop,paid_social,6,dummy
2026-07-18,auto,purchase,desktop,paid_social,5,dummy
2026-07-18,auto,page_view,desktop,affiliate,138,dummy
2026-07-18,auto,view_item,desktop,affiliate,80,dummy
2026-07-18,auto,add_to_cart,desktop,affiliate,36,dummy
2026-07-18,auto,begin_checkout,desktop,affiliate,11,dummy
2026-07-18,auto,add_payment_info,desktop,affiliate,8,dummy
2026-07-18,auto,purchase,desktop,affiliate,5,dummy
2026-07-18,auto,page_view,desktop,referral,69,dummy
2026-07-18,auto,view_item,desktop,referral,41,dummy
2026-07-18,auto,add_to_cart,desktop,referral,23,dummy
2026-07-18,auto,begin_checkout,desktop,referral,7,dummy
2026-07-18,auto,add_payment_info,desktop,referral,4,dummy
2026-07-18,auto,purchase,desktop,referral,4,dummy
2026-07-18,auto,page_view,tablet,sea,80,dummy
2026-07-18,auto,view_item,tablet,sea,35,dummy
2026-07-18,auto,add_to_cart,tablet,sea,13,dummy
2026-07-18,auto,begin_checkout,tablet,sea,1,dummy
2026-07-18,auto,add_payment_info,tablet,sea,0,dummy
2026-07-18,auto,purchase,tablet,sea,0,dummy
2026-07-18,auto,page_view,tablet,seo,61,dummy
2026-07-18,auto,view_item,tablet,seo,33,dummy
2026-07-18,auto,add_to_cart,tablet,seo,14,dummy
2026-07-18,auto,begin_checkout,tablet,seo,4,dummy
2026-07-18,auto,add_payment_info,tablet,seo,3,dummy
2026-07-18,auto,purchase,tablet,seo,3,dummy
2026-07-18,auto,page_view,tablet,direct,47,dummy
2026-07-18,auto,view_item,tablet,direct,24,dummy
2026-07-18,auto,add_to_cart,tablet,direct,12,dummy
2026-07-18,auto,begin_checkout,tablet,direct,3,dummy
2026-07-18,auto,add_payment_info,tablet,direct,2,dummy
2026-07-18,auto,purchase,tablet,direct,2,dummy
2026-07-18,auto,page_view,tablet,email,14,dummy
2026-07-18,auto,view_item,tablet,email,11,dummy
2026-07-18,auto,add_to_cart,tablet,email,7,dummy
2026-07-18,auto,begin_checkout,tablet,email,1,dummy
2026-07-18,auto,add_payment_info,tablet,email,0,dummy
2026-07-18,auto,purchase,tablet,email,0,dummy
2026-07-18,auto,page_view,tablet,paid_social,25,dummy
2026-07-18,auto,view_item,tablet,paid_social,13,dummy
2026-07-18,auto,add_to_cart,tablet,paid_social,4,dummy
2026-07-18,auto,begin_checkout,tablet,paid_social,2,dummy
2026-07-18,auto,add_payment_info,tablet,paid_social,2,dummy
2026-07-18,auto,purchase,tablet,paid_social,2,dummy
2026-07-18,auto,page_view,tablet,affiliate,31,dummy
2026-07-18,auto,view_item,tablet,affiliate,17,dummy
2026-07-18,auto,add_to_cart,tablet,affiliate,6,dummy
2026-07-18,auto,begin_checkout,tablet,affiliate,0,dummy
2026-07-18,auto,add_payment_info,tablet,affiliate,0,dummy
2026-07-18,auto,purchase,tablet,affiliate,0,dummy
2026-07-18,auto,page_view,tablet,referral,18,dummy
2026-07-18,auto,view_item,tablet,referral,12,dummy
2026-07-18,auto,add_to_cart,tablet,referral,4,dummy
2026-07-18,auto,begin_checkout,tablet,referral,2,dummy
2026-07-18,auto,add_payment_info,tablet,referral,2,dummy
2026-07-18,auto,purchase,tablet,referral,2,dummy
2026-07-19,auto,page_view,mobile,sea,718,dummy
2026-07-19,auto,view_item,mobile,sea,277,dummy
2026-07-19,auto,add_to_cart,mobile,sea,91,dummy
2026-07-19,auto,begin_checkout,mobile,sea,24,dummy
2026-07-19,auto,add_payment_info,mobile,sea,17,dummy
2026-07-19,auto,purchase,mobile,sea,17,dummy
2026-07-19,auto,page_view,mobile,seo,650,dummy
2026-07-19,auto,view_item,mobile,seo,233,dummy
2026-07-19,auto,add_to_cart,mobile,seo,118,dummy
2026-07-19,auto,begin_checkout,mobile,seo,32,dummy
2026-07-19,auto,add_payment_info,mobile,seo,24,dummy
2026-07-19,auto,purchase,mobile,seo,23,dummy
2026-07-19,auto,page_view,mobile,direct,342,dummy
2026-07-19,auto,view_item,mobile,direct,123,dummy
2026-07-19,auto,add_to_cart,mobile,direct,61,dummy
2026-07-19,auto,begin_checkout,mobile,direct,15,dummy
2026-07-19,auto,add_payment_info,mobile,direct,11,dummy
2026-07-19,auto,purchase,mobile,direct,10,dummy
2026-07-19,auto,page_view,mobile,email,210,dummy
2026-07-19,auto,view_item,mobile,email,99,dummy
2026-07-19,auto,add_to_cart,mobile,email,42,dummy
2026-07-19,auto,begin_checkout,mobile,email,11,dummy
2026-07-19,auto,add_payment_info,mobile,email,5,dummy
2026-07-19,auto,purchase,mobile,email,5,dummy
2026-07-19,auto,page_view,mobile,paid_social,162,dummy
2026-07-19,auto,view_item,mobile,paid_social,61,dummy
2026-07-19,auto,add_to_cart,mobile,paid_social,24,dummy
2026-07-19,auto,begin_checkout,mobile,paid_social,8,dummy
2026-07-19,auto,add_payment_info,mobile,paid_social,6,dummy
2026-07-19,auto,purchase,mobile,paid_social,6,dummy
2026-07-19,auto,page_view,mobile,affiliate,247,dummy
2026-07-19,auto,view_item,mobile,affiliate,99,dummy
2026-07-19,auto,add_to_cart,mobile,affiliate,40,dummy
2026-07-19,auto,begin_checkout,mobile,affiliate,14,dummy
2026-07-19,auto,add_payment_info,mobile,affiliate,7,dummy
2026-07-19,auto,purchase,mobile,affiliate,6,dummy
2026-07-19,auto,page_view,mobile,referral,136,dummy
2026-07-19,auto,view_item,mobile,referral,64,dummy
2026-07-19,auto,add_to_cart,mobile,referral,29,dummy
2026-07-19,auto,begin_checkout,mobile,referral,12,dummy
2026-07-19,auto,add_payment_info,mobile,referral,9,dummy
2026-07-19,auto,purchase,mobile,referral,7,dummy
2026-07-19,auto,page_view,desktop,sea,416,dummy
2026-07-19,auto,view_item,desktop,sea,233,dummy
2026-07-19,auto,add_to_cart,desktop,sea,75,dummy
2026-07-19,auto,begin_checkout,desktop,sea,13,dummy
2026-07-19,auto,add_payment_info,desktop,sea,11,dummy
2026-07-19,auto,purchase,desktop,sea,11,dummy
2026-07-19,auto,page_view,desktop,seo,355,dummy
2026-07-19,auto,view_item,desktop,seo,187,dummy
2026-07-19,auto,add_to_cart,desktop,seo,81,dummy
2026-07-19,auto,begin_checkout,desktop,seo,29,dummy
2026-07-19,auto,add_payment_info,desktop,seo,20,dummy
2026-07-19,auto,purchase,desktop,seo,18,dummy
2026-07-19,auto,page_view,desktop,direct,184,dummy
2026-07-19,auto,view_item,desktop,direct,107,dummy
2026-07-19,auto,add_to_cart,desktop,direct,41,dummy
2026-07-19,auto,begin_checkout,desktop,direct,10,dummy
2026-07-19,auto,add_payment_info,desktop,direct,8,dummy
2026-07-19,auto,purchase,desktop,direct,8,dummy
2026-07-19,auto,page_view,desktop,email,115,dummy
2026-07-19,auto,view_item,desktop,email,73,dummy
2026-07-19,auto,add_to_cart,desktop,email,32,dummy
2026-07-19,auto,begin_checkout,desktop,email,7,dummy
2026-07-19,auto,add_payment_info,desktop,email,4,dummy
2026-07-19,auto,purchase,desktop,email,4,dummy
2026-07-19,auto,page_view,desktop,paid_social,88,dummy
2026-07-19,auto,view_item,desktop,paid_social,41,dummy
2026-07-19,auto,add_to_cart,desktop,paid_social,18,dummy
2026-07-19,auto,begin_checkout,desktop,paid_social,7,dummy
2026-07-19,auto,add_payment_info,desktop,paid_social,5,dummy
2026-07-19,auto,purchase,desktop,paid_social,3,dummy
2026-07-19,auto,page_view,desktop,affiliate,104,dummy
2026-07-19,auto,view_item,desktop,affiliate,59,dummy
2026-07-19,auto,add_to_cart,desktop,affiliate,28,dummy
2026-07-19,auto,begin_checkout,desktop,affiliate,9,dummy
2026-07-19,auto,add_payment_info,desktop,affiliate,9,dummy
2026-07-19,auto,purchase,desktop,affiliate,7,dummy
2026-07-19,auto,page_view,desktop,referral,74,dummy
2026-07-19,auto,view_item,desktop,referral,39,dummy
2026-07-19,auto,add_to_cart,desktop,referral,15,dummy
2026-07-19,auto,begin_checkout,desktop,referral,2,dummy
2026-07-19,auto,add_payment_info,desktop,referral,2,dummy
2026-07-19,auto,purchase,desktop,referral,1,dummy
2026-07-19,auto,page_view,tablet,sea,69,dummy
2026-07-19,auto,view_item,tablet,sea,33,dummy
2026-07-19,auto,add_to_cart,tablet,sea,15,dummy
2026-07-19,auto,begin_checkout,tablet,sea,6,dummy
2026-07-19,auto,add_payment_info,tablet,sea,5,dummy
2026-07-19,auto,purchase,tablet,sea,5,dummy
2026-07-19,auto,page_view,tablet,seo,56,dummy
2026-07-19,auto,view_item,tablet,seo,23,dummy
2026-07-19,auto,add_to_cart,tablet,seo,8,dummy
2026-07-19,auto,begin_checkout,tablet,seo,5,dummy
2026-07-19,auto,add_payment_info,tablet,seo,1,dummy
2026-07-19,auto,purchase,tablet,seo,1,dummy
2026-07-19,auto,page_view,tablet,direct,39,dummy
2026-07-19,auto,view_item,tablet,direct,17,dummy
2026-07-19,auto,add_to_cart,tablet,direct,6,dummy
2026-07-19,auto,begin_checkout,tablet,direct,3,dummy
2026-07-19,auto,add_payment_info,tablet,direct,3,dummy
2026-07-19,auto,purchase,tablet,direct,2,dummy
2026-07-19,auto,page_view,tablet,email,22,dummy
2026-07-19,auto,view_item,tablet,email,16,dummy
2026-07-19,auto,add_to_cart,tablet,email,7,dummy
2026-07-19,auto,begin_checkout,tablet,email,3,dummy
2026-07-19,auto,add_payment_info,tablet,email,2,dummy
2026-07-19,auto,purchase,tablet,email,2,dummy
2026-07-19,auto,page_view,tablet,paid_social,22,dummy
2026-07-19,auto,view_item,tablet,paid_social,7,dummy
2026-07-19,auto,add_to_cart,tablet,paid_social,3,dummy
2026-07-19,auto,begin_checkout,tablet,paid_social,0,dummy
2026-07-19,auto,add_payment_info,tablet,paid_social,0,dummy
2026-07-19,auto,purchase,tablet,paid_social,0,dummy
2026-07-19,auto,page_view,tablet,affiliate,31,dummy
2026-07-19,auto,view_item,tablet,affiliate,20,dummy
2026-07-19,auto,add_to_cart,tablet,affiliate,6,dummy
2026-07-19,auto,begin_checkout,tablet,affiliate,1,dummy
2026-07-19,auto,add_payment_info,tablet,affiliate,1,dummy
2026-07-19,auto,purchase,tablet,affiliate,0,dummy
2026-07-19,auto,page_view,tablet,referral,16,dummy
2026-07-19,auto,view_item,tablet,referral,7,dummy
2026-07-19,auto,add_to_cart,tablet,referral,1,dummy
2026-07-19,auto,begin_checkout,tablet,referral,0,dummy
2026-07-19,auto,add_payment_info,tablet,referral,0,dummy
2026-07-19,auto,purchase,tablet,referral,0,dummy
2026-07-20,auto,page_view,mobile,sea,901,dummy
2026-07-20,auto,view_item,mobile,sea,327,dummy
2026-07-20,auto,add_to_cart,mobile,sea,98,dummy
2026-07-20,auto,begin_checkout,mobile,sea,29,dummy
2026-07-20,auto,add_payment_info,mobile,sea,16,dummy
2026-07-20,auto,purchase,mobile,sea,10,dummy
2026-07-20,auto,page_view,mobile,seo,735,dummy
2026-07-20,auto,view_item,mobile,seo,283,dummy
2026-07-20,auto,add_to_cart,mobile,seo,126,dummy
2026-07-20,auto,begin_checkout,mobile,seo,31,dummy
2026-07-20,auto,add_payment_info,mobile,seo,21,dummy
2026-07-20,auto,purchase,mobile,seo,17,dummy
2026-07-20,auto,page_view,mobile,direct,445,dummy
2026-07-20,auto,view_item,mobile,direct,187,dummy
2026-07-20,auto,add_to_cart,mobile,direct,86,dummy
2026-07-20,auto,begin_checkout,mobile,direct,27,dummy
2026-07-20,auto,add_payment_info,mobile,direct,16,dummy
2026-07-20,auto,purchase,mobile,direct,15,dummy
2026-07-20,auto,page_view,mobile,email,216,dummy
2026-07-20,auto,view_item,mobile,email,88,dummy
2026-07-20,auto,add_to_cart,mobile,email,51,dummy
2026-07-20,auto,begin_checkout,mobile,email,17,dummy
2026-07-20,auto,add_payment_info,mobile,email,13,dummy
2026-07-20,auto,purchase,mobile,email,11,dummy
2026-07-20,auto,page_view,mobile,paid_social,209,dummy
2026-07-20,auto,view_item,mobile,paid_social,86,dummy
2026-07-20,auto,add_to_cart,mobile,paid_social,40,dummy
2026-07-20,auto,begin_checkout,mobile,paid_social,9,dummy
2026-07-20,auto,add_payment_info,mobile,paid_social,6,dummy
2026-07-20,auto,purchase,mobile,paid_social,5,dummy
2026-07-20,auto,page_view,mobile,affiliate,319,dummy
2026-07-20,auto,view_item,mobile,affiliate,118,dummy
2026-07-20,auto,add_to_cart,mobile,affiliate,53,dummy
2026-07-20,auto,begin_checkout,mobile,affiliate,17,dummy
2026-07-20,auto,add_payment_info,mobile,affiliate,10,dummy
2026-07-20,auto,purchase,mobile,affiliate,9,dummy
2026-07-20,auto,page_view,mobile,referral,147,dummy
2026-07-20,auto,view_item,mobile,referral,54,dummy
2026-07-20,auto,add_to_cart,mobile,referral,26,dummy
2026-07-20,auto,begin_checkout,mobile,referral,5,dummy
2026-07-20,auto,add_payment_info,mobile,referral,2,dummy
2026-07-20,auto,purchase,mobile,referral,1,dummy
2026-07-20,auto,page_view,desktop,sea,530,dummy
2026-07-20,auto,view_item,desktop,sea,306,dummy
2026-07-20,auto,add_to_cart,desktop,sea,92,dummy
2026-07-20,auto,begin_checkout,desktop,sea,31,dummy
2026-07-20,auto,add_payment_info,desktop,sea,21,dummy
2026-07-20,auto,purchase,desktop,sea,17,dummy
2026-07-20,auto,page_view,desktop,seo,428,dummy
2026-07-20,auto,view_item,desktop,seo,249,dummy
2026-07-20,auto,add_to_cart,desktop,seo,110,dummy
2026-07-20,auto,begin_checkout,desktop,seo,35,dummy
2026-07-20,auto,add_payment_info,desktop,seo,22,dummy
2026-07-20,auto,purchase,desktop,seo,16,dummy
2026-07-20,auto,page_view,desktop,direct,225,dummy
2026-07-20,auto,view_item,desktop,direct,114,dummy
2026-07-20,auto,add_to_cart,desktop,direct,48,dummy
2026-07-20,auto,begin_checkout,desktop,direct,16,dummy
2026-07-20,auto,add_payment_info,desktop,direct,9,dummy
2026-07-20,auto,purchase,desktop,direct,6,dummy
2026-07-20,auto,page_view,desktop,email,128,dummy
2026-07-20,auto,view_item,desktop,email,67,dummy
2026-07-20,auto,add_to_cart,desktop,email,34,dummy
2026-07-20,auto,begin_checkout,desktop,email,7,dummy
2026-07-20,auto,add_payment_info,desktop,email,7,dummy
2026-07-20,auto,purchase,desktop,email,5,dummy
2026-07-20,auto,page_view,desktop,paid_social,109,dummy
2026-07-20,auto,view_item,desktop,paid_social,61,dummy
2026-07-20,auto,add_to_cart,desktop,paid_social,25,dummy
2026-07-20,auto,begin_checkout,desktop,paid_social,8,dummy
2026-07-20,auto,add_payment_info,desktop,paid_social,8,dummy
2026-07-20,auto,purchase,desktop,paid_social,7,dummy
2026-07-20,auto,page_view,desktop,affiliate,161,dummy
2026-07-20,auto,view_item,desktop,affiliate,80,dummy
2026-07-20,auto,add_to_cart,desktop,affiliate,40,dummy
2026-07-20,auto,begin_checkout,desktop,affiliate,9,dummy
2026-07-20,auto,add_payment_info,desktop,affiliate,4,dummy
2026-07-20,auto,purchase,desktop,affiliate,3,dummy
2026-07-20,auto,page_view,desktop,referral,92,dummy
2026-07-20,auto,view_item,desktop,referral,49,dummy
2026-07-20,auto,add_to_cart,desktop,referral,23,dummy
2026-07-20,auto,begin_checkout,desktop,referral,9,dummy
2026-07-20,auto,add_payment_info,desktop,referral,5,dummy
2026-07-20,auto,purchase,desktop,referral,3,dummy
2026-07-20,auto,page_view,tablet,sea,110,dummy
2026-07-20,auto,view_item,tablet,sea,61,dummy
2026-07-20,auto,add_to_cart,tablet,sea,22,dummy
2026-07-20,auto,begin_checkout,tablet,sea,5,dummy
2026-07-20,auto,add_payment_info,tablet,sea,3,dummy
2026-07-20,auto,purchase,tablet,sea,3,dummy
2026-07-20,auto,page_view,tablet,seo,102,dummy
2026-07-20,auto,view_item,tablet,seo,51,dummy
2026-07-20,auto,add_to_cart,tablet,seo,21,dummy
2026-07-20,auto,begin_checkout,tablet,seo,7,dummy
2026-07-20,auto,add_payment_info,tablet,seo,3,dummy
2026-07-20,auto,purchase,tablet,seo,3,dummy
2026-07-20,auto,page_view,tablet,direct,47,dummy
2026-07-20,auto,view_item,tablet,direct,29,dummy
2026-07-20,auto,add_to_cart,tablet,direct,14,dummy
2026-07-20,auto,begin_checkout,tablet,direct,6,dummy
2026-07-20,auto,add_payment_info,tablet,direct,5,dummy
2026-07-20,auto,purchase,tablet,direct,5,dummy
2026-07-20,auto,page_view,tablet,email,21,dummy
2026-07-20,auto,view_item,tablet,email,14,dummy
2026-07-20,auto,add_to_cart,tablet,email,7,dummy
2026-07-20,auto,begin_checkout,tablet,email,1,dummy
2026-07-20,auto,add_payment_info,tablet,email,1,dummy
2026-07-20,auto,purchase,tablet,email,1,dummy
2026-07-20,auto,page_view,tablet,paid_social,22,dummy
2026-07-20,auto,view_item,tablet,paid_social,17,dummy
2026-07-20,auto,add_to_cart,tablet,paid_social,8,dummy
2026-07-20,auto,begin_checkout,tablet,paid_social,4,dummy
2026-07-20,auto,add_payment_info,tablet,paid_social,3,dummy
2026-07-20,auto,purchase,tablet,paid_social,2,dummy
2026-07-20,auto,page_view,tablet,affiliate,34,dummy
2026-07-20,auto,view_item,tablet,affiliate,18,dummy
2026-07-20,auto,add_to_cart,tablet,affiliate,13,dummy
2026-07-20,auto,begin_checkout,tablet,affiliate,1,dummy
2026-07-20,auto,add_payment_info,tablet,affiliate,1,dummy
2026-07-20,auto,purchase,tablet,affiliate,1,dummy
2026-07-20,auto,page_view,tablet,referral,12,dummy
2026-07-20,auto,view_item,tablet,referral,8,dummy
2026-07-20,auto,add_to_cart,tablet,referral,0,dummy
2026-07-20,auto,begin_checkout,tablet,referral,0,dummy
2026-07-20,auto,add_payment_info,tablet,referral,0,dummy
2026-07-20,auto,purchase,tablet,referral,0,dummy
2026-07-21,auto,page_view,mobile,sea,923,dummy
2026-07-21,auto,view_item,mobile,sea,359,dummy
2026-07-21,auto,add_to_cart,mobile,sea,122,dummy
2026-07-21,auto,begin_checkout,mobile,sea,39,dummy
2026-07-21,auto,add_payment_info,mobile,sea,27,dummy
2026-07-21,auto,purchase,mobile,sea,18,dummy
2026-07-21,auto,page_view,mobile,seo,739,dummy
2026-07-21,auto,view_item,mobile,seo,312,dummy
2026-07-21,auto,add_to_cart,mobile,seo,141,dummy
2026-07-21,auto,begin_checkout,mobile,seo,46,dummy
2026-07-21,auto,add_payment_info,mobile,seo,32,dummy
2026-07-21,auto,purchase,mobile,seo,26,dummy
2026-07-21,auto,page_view,mobile,direct,468,dummy
2026-07-21,auto,view_item,mobile,direct,179,dummy
2026-07-21,auto,add_to_cart,mobile,direct,90,dummy
2026-07-21,auto,begin_checkout,mobile,direct,33,dummy
2026-07-21,auto,add_payment_info,mobile,direct,26,dummy
2026-07-21,auto,purchase,mobile,direct,22,dummy
2026-07-21,auto,page_view,mobile,email,231,dummy
2026-07-21,auto,view_item,mobile,email,86,dummy
2026-07-21,auto,add_to_cart,mobile,email,44,dummy
2026-07-21,auto,begin_checkout,mobile,email,10,dummy
2026-07-21,auto,add_payment_info,mobile,email,7,dummy
2026-07-21,auto,purchase,mobile,email,6,dummy
2026-07-21,auto,page_view,mobile,paid_social,183,dummy
2026-07-21,auto,view_item,mobile,paid_social,71,dummy
2026-07-21,auto,add_to_cart,mobile,paid_social,34,dummy
2026-07-21,auto,begin_checkout,mobile,paid_social,11,dummy
2026-07-21,auto,add_payment_info,mobile,paid_social,7,dummy
2026-07-21,auto,purchase,mobile,paid_social,7,dummy
2026-07-21,auto,page_view,mobile,affiliate,307,dummy
2026-07-21,auto,view_item,mobile,affiliate,114,dummy
2026-07-21,auto,add_to_cart,mobile,affiliate,52,dummy
2026-07-21,auto,begin_checkout,mobile,affiliate,22,dummy
2026-07-21,auto,add_payment_info,mobile,affiliate,15,dummy
2026-07-21,auto,purchase,mobile,affiliate,14,dummy
2026-07-21,auto,page_view,mobile,referral,125,dummy
2026-07-21,auto,view_item,mobile,referral,51,dummy
2026-07-21,auto,add_to_cart,mobile,referral,20,dummy
2026-07-21,auto,begin_checkout,mobile,referral,5,dummy
2026-07-21,auto,add_payment_info,mobile,referral,4,dummy
2026-07-21,auto,purchase,mobile,referral,4,dummy
2026-07-21,auto,page_view,desktop,sea,495,dummy
2026-07-21,auto,view_item,desktop,sea,282,dummy
2026-07-21,auto,add_to_cart,desktop,sea,100,dummy
2026-07-21,auto,begin_checkout,desktop,sea,26,dummy
2026-07-21,auto,add_payment_info,desktop,sea,17,dummy
2026-07-21,auto,purchase,desktop,sea,10,dummy
2026-07-21,auto,page_view,desktop,seo,398,dummy
2026-07-21,auto,view_item,desktop,seo,239,dummy
2026-07-21,auto,add_to_cart,desktop,seo,104,dummy
2026-07-21,auto,begin_checkout,desktop,seo,37,dummy
2026-07-21,auto,add_payment_info,desktop,seo,24,dummy
2026-07-21,auto,purchase,desktop,seo,16,dummy
2026-07-21,auto,page_view,desktop,direct,269,dummy
2026-07-21,auto,view_item,desktop,direct,139,dummy
2026-07-21,auto,add_to_cart,desktop,direct,65,dummy
2026-07-21,auto,begin_checkout,desktop,direct,24,dummy
2026-07-21,auto,add_payment_info,desktop,direct,16,dummy
2026-07-21,auto,purchase,desktop,direct,15,dummy
2026-07-21,auto,page_view,desktop,email,127,dummy
2026-07-21,auto,view_item,desktop,email,67,dummy
2026-07-21,auto,add_to_cart,desktop,email,34,dummy
2026-07-21,auto,begin_checkout,desktop,email,11,dummy
2026-07-21,auto,add_payment_info,desktop,email,6,dummy
2026-07-21,auto,purchase,desktop,email,5,dummy
2026-07-21,auto,page_view,desktop,paid_social,123,dummy
2026-07-21,auto,view_item,desktop,paid_social,65,dummy
2026-07-21,auto,add_to_cart,desktop,paid_social,31,dummy
2026-07-21,auto,begin_checkout,desktop,paid_social,10,dummy
2026-07-21,auto,add_payment_info,desktop,paid_social,8,dummy
2026-07-21,auto,purchase,desktop,paid_social,7,dummy
2026-07-21,auto,page_view,desktop,affiliate,171,dummy
2026-07-21,auto,view_item,desktop,affiliate,103,dummy
2026-07-21,auto,add_to_cart,desktop,affiliate,43,dummy
2026-07-21,auto,begin_checkout,desktop,affiliate,18,dummy
2026-07-21,auto,add_payment_info,desktop,affiliate,12,dummy
2026-07-21,auto,purchase,desktop,affiliate,10,dummy
2026-07-21,auto,page_view,desktop,referral,78,dummy
2026-07-21,auto,view_item,desktop,referral,44,dummy
2026-07-21,auto,add_to_cart,desktop,referral,20,dummy
2026-07-21,auto,begin_checkout,desktop,referral,8,dummy
2026-07-21,auto,add_payment_info,desktop,referral,4,dummy
2026-07-21,auto,purchase,desktop,referral,4,dummy
2026-07-21,auto,page_view,tablet,sea,110,dummy
2026-07-21,auto,view_item,tablet,sea,63,dummy
2026-07-21,auto,add_to_cart,tablet,sea,17,dummy
2026-07-21,auto,begin_checkout,tablet,sea,2,dummy
2026-07-21,auto,add_payment_info,tablet,sea,2,dummy
2026-07-21,auto,purchase,tablet,sea,1,dummy
2026-07-21,auto,page_view,tablet,seo,85,dummy
2026-07-21,auto,view_item,tablet,seo,44,dummy
2026-07-21,auto,add_to_cart,tablet,seo,18,dummy
2026-07-21,auto,begin_checkout,tablet,seo,6,dummy
2026-07-21,auto,add_payment_info,tablet,seo,3,dummy
2026-07-21,auto,purchase,tablet,seo,3,dummy
2026-07-21,auto,page_view,tablet,direct,67,dummy
2026-07-21,auto,view_item,tablet,direct,40,dummy
2026-07-21,auto,add_to_cart,tablet,direct,22,dummy
2026-07-21,auto,begin_checkout,tablet,direct,7,dummy
2026-07-21,auto,add_payment_info,tablet,direct,5,dummy
2026-07-21,auto,purchase,tablet,direct,5,dummy
2026-07-21,auto,page_view,tablet,email,23,dummy
2026-07-21,auto,view_item,tablet,email,14,dummy
2026-07-21,auto,add_to_cart,tablet,email,6,dummy
2026-07-21,auto,begin_checkout,tablet,email,1,dummy
2026-07-21,auto,add_payment_info,tablet,email,1,dummy
2026-07-21,auto,purchase,tablet,email,1,dummy
2026-07-21,auto,page_view,tablet,paid_social,24,dummy
2026-07-21,auto,view_item,tablet,paid_social,14,dummy
2026-07-21,auto,add_to_cart,tablet,paid_social,3,dummy
2026-07-21,auto,begin_checkout,tablet,paid_social,0,dummy
2026-07-21,auto,add_payment_info,tablet,paid_social,0,dummy
2026-07-21,auto,purchase,tablet,paid_social,0,dummy
2026-07-21,auto,page_view,tablet,affiliate,40,dummy
2026-07-21,auto,view_item,tablet,affiliate,21,dummy
2026-07-21,auto,add_to_cart,tablet,affiliate,11,dummy
2026-07-21,auto,begin_checkout,tablet,affiliate,3,dummy
2026-07-21,auto,add_payment_info,tablet,affiliate,2,dummy
2026-07-21,auto,purchase,tablet,affiliate,1,dummy
2026-07-21,auto,page_view,tablet,referral,23,dummy
2026-07-21,auto,view_item,tablet,referral,17,dummy
2026-07-21,auto,add_to_cart,tablet,referral,4,dummy
2026-07-21,auto,begin_checkout,tablet,referral,1,dummy
2026-07-21,auto,add_payment_info,tablet,referral,1,dummy
2026-07-21,auto,purchase,tablet,referral,1,dummy
2026-07-22,auto,page_view,mobile,sea,907,dummy
2026-07-22,auto,view_item,mobile,sea,332,dummy
2026-07-22,auto,add_to_cart,mobile,sea,106,dummy
2026-07-22,auto,begin_checkout,mobile,sea,33,dummy
2026-07-22,auto,add_payment_info,mobile,sea,18,dummy
2026-07-22,auto,purchase,mobile,sea,13,dummy
2026-07-22,auto,page_view,mobile,seo,782,dummy
2026-07-22,auto,view_item,mobile,seo,301,dummy
2026-07-22,auto,add_to_cart,mobile,seo,134,dummy
2026-07-22,auto,begin_checkout,mobile,seo,39,dummy
2026-07-22,auto,add_payment_info,mobile,seo,20,dummy
2026-07-22,auto,purchase,mobile,seo,18,dummy
2026-07-22,auto,page_view,mobile,direct,473,dummy
2026-07-22,auto,view_item,mobile,direct,184,dummy
2026-07-22,auto,add_to_cart,mobile,direct,88,dummy
2026-07-22,auto,begin_checkout,mobile,direct,20,dummy
2026-07-22,auto,add_payment_info,mobile,direct,16,dummy
2026-07-22,auto,purchase,mobile,direct,13,dummy
2026-07-22,auto,page_view,mobile,email,234,dummy
2026-07-22,auto,view_item,mobile,email,94,dummy
2026-07-22,auto,add_to_cart,mobile,email,41,dummy
2026-07-22,auto,begin_checkout,mobile,email,10,dummy
2026-07-22,auto,add_payment_info,mobile,email,7,dummy
2026-07-22,auto,purchase,mobile,email,7,dummy
2026-07-22,auto,page_view,mobile,paid_social,237,dummy
2026-07-22,auto,view_item,mobile,paid_social,85,dummy
2026-07-22,auto,add_to_cart,mobile,paid_social,44,dummy
2026-07-22,auto,begin_checkout,mobile,paid_social,13,dummy
2026-07-22,auto,add_payment_info,mobile,paid_social,9,dummy
2026-07-22,auto,purchase,mobile,paid_social,7,dummy
2026-07-22,auto,page_view,mobile,affiliate,327,dummy
2026-07-22,auto,view_item,mobile,affiliate,119,dummy
2026-07-22,auto,add_to_cart,mobile,affiliate,46,dummy
2026-07-22,auto,begin_checkout,mobile,affiliate,20,dummy
2026-07-22,auto,add_payment_info,mobile,affiliate,15,dummy
2026-07-22,auto,purchase,mobile,affiliate,10,dummy
2026-07-22,auto,page_view,mobile,referral,149,dummy
2026-07-22,auto,view_item,mobile,referral,54,dummy
2026-07-22,auto,add_to_cart,mobile,referral,21,dummy
2026-07-22,auto,begin_checkout,mobile,referral,6,dummy
2026-07-22,auto,add_payment_info,mobile,referral,3,dummy
2026-07-22,auto,purchase,mobile,referral,3,dummy
2026-07-22,auto,page_view,desktop,sea,487,dummy
2026-07-22,auto,view_item,desktop,sea,275,dummy
2026-07-22,auto,add_to_cart,desktop,sea,102,dummy
2026-07-22,auto,begin_checkout,desktop,sea,35,dummy
2026-07-22,auto,add_payment_info,desktop,sea,18,dummy
2026-07-22,auto,purchase,desktop,sea,12,dummy
2026-07-22,auto,page_view,desktop,seo,404,dummy
2026-07-22,auto,view_item,desktop,seo,238,dummy
2026-07-22,auto,add_to_cart,desktop,seo,108,dummy
2026-07-22,auto,begin_checkout,desktop,seo,34,dummy
2026-07-22,auto,add_payment_info,desktop,seo,22,dummy
2026-07-22,auto,purchase,desktop,seo,21,dummy
2026-07-22,auto,page_view,desktop,direct,252,dummy
2026-07-22,auto,view_item,desktop,direct,139,dummy
2026-07-22,auto,add_to_cart,desktop,direct,62,dummy
2026-07-22,auto,begin_checkout,desktop,direct,15,dummy
2026-07-22,auto,add_payment_info,desktop,direct,10,dummy
2026-07-22,auto,purchase,desktop,direct,6,dummy
2026-07-22,auto,page_view,desktop,email,141,dummy
2026-07-22,auto,view_item,desktop,email,80,dummy
2026-07-22,auto,add_to_cart,desktop,email,44,dummy
2026-07-22,auto,begin_checkout,desktop,email,15,dummy
2026-07-22,auto,add_payment_info,desktop,email,11,dummy
2026-07-22,auto,purchase,desktop,email,9,dummy
2026-07-22,auto,page_view,desktop,paid_social,108,dummy
2026-07-22,auto,view_item,desktop,paid_social,57,dummy
2026-07-22,auto,add_to_cart,desktop,paid_social,25,dummy
2026-07-22,auto,begin_checkout,desktop,paid_social,7,dummy
2026-07-22,auto,add_payment_info,desktop,paid_social,6,dummy
2026-07-22,auto,purchase,desktop,paid_social,4,dummy
2026-07-22,auto,page_view,desktop,affiliate,184,dummy
2026-07-22,auto,view_item,desktop,affiliate,103,dummy
2026-07-22,auto,add_to_cart,desktop,affiliate,48,dummy
2026-07-22,auto,begin_checkout,desktop,affiliate,17,dummy
2026-07-22,auto,add_payment_info,desktop,affiliate,14,dummy
2026-07-22,auto,purchase,desktop,affiliate,11,dummy
2026-07-22,auto,page_view,desktop,referral,81,dummy
2026-07-22,auto,view_item,desktop,referral,50,dummy
2026-07-22,auto,add_to_cart,desktop,referral,26,dummy
2026-07-22,auto,begin_checkout,desktop,referral,4,dummy
2026-07-22,auto,add_payment_info,desktop,referral,4,dummy
2026-07-22,auto,purchase,desktop,referral,3,dummy
2026-07-22,auto,page_view,tablet,sea,95,dummy
2026-07-22,auto,view_item,tablet,sea,46,dummy
2026-07-22,auto,add_to_cart,tablet,sea,14,dummy
2026-07-22,auto,begin_checkout,tablet,sea,9,dummy
2026-07-22,auto,add_payment_info,tablet,sea,3,dummy
2026-07-22,auto,purchase,tablet,sea,3,dummy
2026-07-22,auto,page_view,tablet,seo,78,dummy
2026-07-22,auto,view_item,tablet,seo,34,dummy
2026-07-22,auto,add_to_cart,tablet,seo,19,dummy
2026-07-22,auto,begin_checkout,tablet,seo,5,dummy
2026-07-22,auto,add_payment_info,tablet,seo,4,dummy
2026-07-22,auto,purchase,tablet,seo,4,dummy
2026-07-22,auto,page_view,tablet,direct,55,dummy
2026-07-22,auto,view_item,tablet,direct,27,dummy
2026-07-22,auto,add_to_cart,tablet,direct,12,dummy
2026-07-22,auto,begin_checkout,tablet,direct,1,dummy
2026-07-22,auto,add_payment_info,tablet,direct,0,dummy
2026-07-22,auto,purchase,tablet,direct,0,dummy
2026-07-22,auto,page_view,tablet,email,21,dummy
2026-07-22,auto,view_item,tablet,email,15,dummy
2026-07-22,auto,add_to_cart,tablet,email,10,dummy
2026-07-22,auto,begin_checkout,tablet,email,2,dummy
2026-07-22,auto,add_payment_info,tablet,email,2,dummy
2026-07-22,auto,purchase,tablet,email,1,dummy
2026-07-22,auto,page_view,tablet,paid_social,17,dummy
2026-07-22,auto,view_item,tablet,paid_social,7,dummy
2026-07-22,auto,add_to_cart,tablet,paid_social,3,dummy
2026-07-22,auto,begin_checkout,tablet,paid_social,1,dummy
2026-07-22,auto,add_payment_info,tablet,paid_social,1,dummy
2026-07-22,auto,purchase,tablet,paid_social,0,dummy
2026-07-22,auto,page_view,tablet,affiliate,35,dummy
2026-07-22,auto,view_item,tablet,affiliate,24,dummy
2026-07-22,auto,add_to_cart,tablet,affiliate,8,dummy
2026-07-22,auto,begin_checkout,tablet,affiliate,1,dummy
2026-07-22,auto,add_payment_info,tablet,affiliate,1,dummy
2026-07-22,auto,purchase,tablet,affiliate,1,dummy
2026-07-22,auto,page_view,tablet,referral,12,dummy
2026-07-22,auto,view_item,tablet,referral,7,dummy
2026-07-22,auto,add_to_cart,tablet,referral,2,dummy
2026-07-22,auto,begin_checkout,tablet,referral,0,dummy
2026-07-22,auto,add_payment_info,tablet,referral,0,dummy
2026-07-22,auto,purchase,tablet,referral,0,dummy
2026-07-23,auto,page_view,mobile,sea,860,dummy
2026-07-23,auto,view_item,mobile,sea,334,dummy
2026-07-23,auto,add_to_cart,mobile,sea,106,dummy
2026-07-23,auto,begin_checkout,mobile,sea,33,dummy
2026-07-23,auto,add_payment_info,mobile,sea,21,dummy
2026-07-23,auto,purchase,mobile,sea,17,dummy
2026-07-23,auto,page_view,mobile,seo,724,dummy
2026-07-23,auto,view_item,mobile,seo,285,dummy
2026-07-23,auto,add_to_cart,mobile,seo,150,dummy
2026-07-23,auto,begin_checkout,mobile,seo,49,dummy
2026-07-23,auto,add_payment_info,mobile,seo,39,dummy
2026-07-23,auto,purchase,mobile,seo,35,dummy
2026-07-23,auto,page_view,mobile,direct,421,dummy
2026-07-23,auto,view_item,mobile,direct,160,dummy
2026-07-23,auto,add_to_cart,mobile,direct,73,dummy
2026-07-23,auto,begin_checkout,mobile,direct,26,dummy
2026-07-23,auto,add_payment_info,mobile,direct,16,dummy
2026-07-23,auto,purchase,mobile,direct,13,dummy
2026-07-23,auto,page_view,mobile,email,226,dummy
2026-07-23,auto,view_item,mobile,email,94,dummy
2026-07-23,auto,add_to_cart,mobile,email,44,dummy
2026-07-23,auto,begin_checkout,mobile,email,14,dummy
2026-07-23,auto,add_payment_info,mobile,email,10,dummy
2026-07-23,auto,purchase,mobile,email,8,dummy
2026-07-23,auto,page_view,mobile,paid_social,213,dummy
2026-07-23,auto,view_item,mobile,paid_social,86,dummy
2026-07-23,auto,add_to_cart,mobile,paid_social,36,dummy
2026-07-23,auto,begin_checkout,mobile,paid_social,11,dummy
2026-07-23,auto,add_payment_info,mobile,paid_social,5,dummy
2026-07-23,auto,purchase,mobile,paid_social,3,dummy
2026-07-23,auto,page_view,mobile,affiliate,326,dummy
2026-07-23,auto,view_item,mobile,affiliate,113,dummy
2026-07-23,auto,add_to_cart,mobile,affiliate,57,dummy
2026-07-23,auto,begin_checkout,mobile,affiliate,17,dummy
2026-07-23,auto,add_payment_info,mobile,affiliate,8,dummy
2026-07-23,auto,purchase,mobile,affiliate,6,dummy
2026-07-23,auto,page_view,mobile,referral,147,dummy
2026-07-23,auto,view_item,mobile,referral,57,dummy
2026-07-23,auto,add_to_cart,mobile,referral,26,dummy
2026-07-23,auto,begin_checkout,mobile,referral,6,dummy
2026-07-23,auto,add_payment_info,mobile,referral,4,dummy
2026-07-23,auto,purchase,mobile,referral,4,dummy
2026-07-23,auto,page_view,desktop,sea,478,dummy
2026-07-23,auto,view_item,desktop,sea,252,dummy
2026-07-23,auto,add_to_cart,desktop,sea,89,dummy
2026-07-23,auto,begin_checkout,desktop,sea,31,dummy
2026-07-23,auto,add_payment_info,desktop,sea,20,dummy
2026-07-23,auto,purchase,desktop,sea,16,dummy
2026-07-23,auto,page_view,desktop,seo,427,dummy
2026-07-23,auto,view_item,desktop,seo,224,dummy
2026-07-23,auto,add_to_cart,desktop,seo,101,dummy
2026-07-23,auto,begin_checkout,desktop,seo,33,dummy
2026-07-23,auto,add_payment_info,desktop,seo,21,dummy
2026-07-23,auto,purchase,desktop,seo,16,dummy
2026-07-23,auto,page_view,desktop,direct,239,dummy
2026-07-23,auto,view_item,desktop,direct,136,dummy
2026-07-23,auto,add_to_cart,desktop,direct,76,dummy
2026-07-23,auto,begin_checkout,desktop,direct,26,dummy
2026-07-23,auto,add_payment_info,desktop,direct,16,dummy
2026-07-23,auto,purchase,desktop,direct,14,dummy
2026-07-23,auto,page_view,desktop,email,130,dummy
2026-07-23,auto,view_item,desktop,email,69,dummy
2026-07-23,auto,add_to_cart,desktop,email,32,dummy
2026-07-23,auto,begin_checkout,desktop,email,6,dummy
2026-07-23,auto,add_payment_info,desktop,email,5,dummy
2026-07-23,auto,purchase,desktop,email,4,dummy
2026-07-23,auto,page_view,desktop,paid_social,110,dummy
2026-07-23,auto,view_item,desktop,paid_social,61,dummy
2026-07-23,auto,add_to_cart,desktop,paid_social,24,dummy
2026-07-23,auto,begin_checkout,desktop,paid_social,5,dummy
2026-07-23,auto,add_payment_info,desktop,paid_social,3,dummy
2026-07-23,auto,purchase,desktop,paid_social,2,dummy
2026-07-23,auto,page_view,desktop,affiliate,155,dummy
2026-07-23,auto,view_item,desktop,affiliate,90,dummy
2026-07-23,auto,add_to_cart,desktop,affiliate,36,dummy
2026-07-23,auto,begin_checkout,desktop,affiliate,12,dummy
2026-07-23,auto,add_payment_info,desktop,affiliate,10,dummy
2026-07-23,auto,purchase,desktop,affiliate,8,dummy
2026-07-23,auto,page_view,desktop,referral,86,dummy
2026-07-23,auto,view_item,desktop,referral,39,dummy
2026-07-23,auto,add_to_cart,desktop,referral,18,dummy
2026-07-23,auto,begin_checkout,desktop,referral,6,dummy
2026-07-23,auto,add_payment_info,desktop,referral,5,dummy
2026-07-23,auto,purchase,desktop,referral,5,dummy
2026-07-23,auto,page_view,tablet,sea,89,dummy
2026-07-23,auto,view_item,tablet,sea,42,dummy
2026-07-23,auto,add_to_cart,tablet,sea,10,dummy
2026-07-23,auto,begin_checkout,tablet,sea,4,dummy
2026-07-23,auto,add_payment_info,tablet,sea,4,dummy
2026-07-23,auto,purchase,tablet,sea,4,dummy
2026-07-23,auto,page_view,tablet,seo,83,dummy
2026-07-23,auto,view_item,tablet,seo,44,dummy
2026-07-23,auto,add_to_cart,tablet,seo,17,dummy
2026-07-23,auto,begin_checkout,tablet,seo,3,dummy
2026-07-23,auto,add_payment_info,tablet,seo,3,dummy
2026-07-23,auto,purchase,tablet,seo,1,dummy
2026-07-23,auto,page_view,tablet,direct,41,dummy
2026-07-23,auto,view_item,tablet,direct,20,dummy
2026-07-23,auto,add_to_cart,tablet,direct,8,dummy
2026-07-23,auto,begin_checkout,tablet,direct,1,dummy
2026-07-23,auto,add_payment_info,tablet,direct,1,dummy
2026-07-23,auto,purchase,tablet,direct,1,dummy
2026-07-23,auto,page_view,tablet,email,18,dummy
2026-07-23,auto,view_item,tablet,email,13,dummy
2026-07-23,auto,add_to_cart,tablet,email,7,dummy
2026-07-23,auto,begin_checkout,tablet,email,5,dummy
2026-07-23,auto,add_payment_info,tablet,email,1,dummy
2026-07-23,auto,purchase,tablet,email,1,dummy
2026-07-23,auto,page_view,tablet,paid_social,19,dummy
2026-07-23,auto,view_item,tablet,paid_social,8,dummy
2026-07-23,auto,add_to_cart,tablet,paid_social,5,dummy
2026-07-23,auto,begin_checkout,tablet,paid_social,3,dummy
2026-07-23,auto,add_payment_info,tablet,paid_social,3,dummy
2026-07-23,auto,purchase,tablet,paid_social,3,dummy
2026-07-23,auto,page_view,tablet,affiliate,33,dummy
2026-07-23,auto,view_item,tablet,affiliate,19,dummy
2026-07-23,auto,add_to_cart,tablet,affiliate,3,dummy
2026-07-23,auto,begin_checkout,tablet,affiliate,1,dummy
2026-07-23,auto,add_payment_info,tablet,affiliate,0,dummy
2026-07-23,auto,purchase,tablet,affiliate,0,dummy
2026-07-23,auto,page_view,tablet,referral,17,dummy
2026-07-23,auto,view_item,tablet,referral,10,dummy
2026-07-23,auto,add_to_cart,tablet,referral,7,dummy
2026-07-23,auto,begin_checkout,tablet,referral,5,dummy
2026-07-23,auto,add_payment_info,tablet,referral,3,dummy
2026-07-23,auto,purchase,tablet,referral,3,dummy
2026-07-24,auto,page_view,mobile,sea,885,dummy
2026-07-24,auto,view_item,mobile,sea,349,dummy
2026-07-24,auto,add_to_cart,mobile,sea,123,dummy
2026-07-24,auto,begin_checkout,mobile,sea,35,dummy
2026-07-24,auto,add_payment_info,mobile,sea,25,dummy
2026-07-24,auto,purchase,mobile,sea,20,dummy
2026-07-24,auto,page_view,mobile,seo,770,dummy
2026-07-24,auto,view_item,mobile,seo,282,dummy
2026-07-24,auto,add_to_cart,mobile,seo,132,dummy
2026-07-24,auto,begin_checkout,mobile,seo,39,dummy
2026-07-24,auto,add_payment_info,mobile,seo,27,dummy
2026-07-24,auto,purchase,mobile,seo,18,dummy
2026-07-24,auto,page_view,mobile,direct,426,dummy
2026-07-24,auto,view_item,mobile,direct,158,dummy
2026-07-24,auto,add_to_cart,mobile,direct,62,dummy
2026-07-24,auto,begin_checkout,mobile,direct,30,dummy
2026-07-24,auto,add_payment_info,mobile,direct,19,dummy
2026-07-24,auto,purchase,mobile,direct,14,dummy
2026-07-24,auto,page_view,mobile,email,264,dummy
2026-07-24,auto,view_item,mobile,email,104,dummy
2026-07-24,auto,add_to_cart,mobile,email,49,dummy
2026-07-24,auto,begin_checkout,mobile,email,15,dummy
2026-07-24,auto,add_payment_info,mobile,email,14,dummy
2026-07-24,auto,purchase,mobile,email,13,dummy
2026-07-24,auto,page_view,mobile,paid_social,201,dummy
2026-07-24,auto,view_item,mobile,paid_social,77,dummy
2026-07-24,auto,add_to_cart,mobile,paid_social,33,dummy
2026-07-24,auto,begin_checkout,mobile,paid_social,14,dummy
2026-07-24,auto,add_payment_info,mobile,paid_social,10,dummy
2026-07-24,auto,purchase,mobile,paid_social,7,dummy
2026-07-24,auto,page_view,mobile,affiliate,291,dummy
2026-07-24,auto,view_item,mobile,affiliate,113,dummy
2026-07-24,auto,add_to_cart,mobile,affiliate,56,dummy
2026-07-24,auto,begin_checkout,mobile,affiliate,16,dummy
2026-07-24,auto,add_payment_info,mobile,affiliate,12,dummy
2026-07-24,auto,purchase,mobile,affiliate,12,dummy
2026-07-24,auto,page_view,mobile,referral,150,dummy
2026-07-24,auto,view_item,mobile,referral,68,dummy
2026-07-24,auto,add_to_cart,mobile,referral,33,dummy
2026-07-24,auto,begin_checkout,mobile,referral,9,dummy
2026-07-24,auto,add_payment_info,mobile,referral,7,dummy
2026-07-24,auto,purchase,mobile,referral,6,dummy
2026-07-24,auto,page_view,desktop,sea,541,dummy
2026-07-24,auto,view_item,desktop,sea,293,dummy
2026-07-24,auto,add_to_cart,desktop,sea,103,dummy
2026-07-24,auto,begin_checkout,desktop,sea,31,dummy
2026-07-24,auto,add_payment_info,desktop,sea,18,dummy
2026-07-24,auto,purchase,desktop,sea,18,dummy
2026-07-24,auto,page_view,desktop,seo,426,dummy
2026-07-24,auto,view_item,desktop,seo,216,dummy
2026-07-24,auto,add_to_cart,desktop,seo,89,dummy
2026-07-24,auto,begin_checkout,desktop,seo,20,dummy
2026-07-24,auto,add_payment_info,desktop,seo,15,dummy
2026-07-24,auto,purchase,desktop,seo,12,dummy
2026-07-24,auto,page_view,desktop,direct,247,dummy
2026-07-24,auto,view_item,desktop,direct,153,dummy
2026-07-24,auto,add_to_cart,desktop,direct,75,dummy
2026-07-24,auto,begin_checkout,desktop,direct,25,dummy
2026-07-24,auto,add_payment_info,desktop,direct,16,dummy
2026-07-24,auto,purchase,desktop,direct,14,dummy
2026-07-24,auto,page_view,desktop,email,123,dummy
2026-07-24,auto,view_item,desktop,email,70,dummy
2026-07-24,auto,add_to_cart,desktop,email,36,dummy
2026-07-24,auto,begin_checkout,desktop,email,14,dummy
2026-07-24,auto,add_payment_info,desktop,email,10,dummy
2026-07-24,auto,purchase,desktop,email,8,dummy
2026-07-24,auto,page_view,desktop,paid_social,112,dummy
2026-07-24,auto,view_item,desktop,paid_social,64,dummy
2026-07-24,auto,add_to_cart,desktop,paid_social,21,dummy
2026-07-24,auto,begin_checkout,desktop,paid_social,10,dummy
2026-07-24,auto,add_payment_info,desktop,paid_social,8,dummy
2026-07-24,auto,purchase,desktop,paid_social,7,dummy
2026-07-24,auto,page_view,desktop,affiliate,169,dummy
2026-07-24,auto,view_item,desktop,affiliate,81,dummy
2026-07-24,auto,add_to_cart,desktop,affiliate,39,dummy
2026-07-24,auto,begin_checkout,desktop,affiliate,15,dummy
2026-07-24,auto,add_payment_info,desktop,affiliate,12,dummy
2026-07-24,auto,purchase,desktop,affiliate,11,dummy
2026-07-24,auto,page_view,desktop,referral,99,dummy
2026-07-24,auto,view_item,desktop,referral,53,dummy
2026-07-24,auto,add_to_cart,desktop,referral,24,dummy
2026-07-24,auto,begin_checkout,desktop,referral,10,dummy
2026-07-24,auto,add_payment_info,desktop,referral,7,dummy
2026-07-24,auto,purchase,desktop,referral,3,dummy
2026-07-24,auto,page_view,tablet,sea,88,dummy
2026-07-24,auto,view_item,tablet,sea,46,dummy
2026-07-24,auto,add_to_cart,tablet,sea,14,dummy
2026-07-24,auto,begin_checkout,tablet,sea,2,dummy
2026-07-24,auto,add_payment_info,tablet,sea,1,dummy
2026-07-24,auto,purchase,tablet,sea,1,dummy
2026-07-24,auto,page_view,tablet,seo,107,dummy
2026-07-24,auto,view_item,tablet,seo,67,dummy
2026-07-24,auto,add_to_cart,tablet,seo,24,dummy
2026-07-24,auto,begin_checkout,tablet,seo,5,dummy
2026-07-24,auto,add_payment_info,tablet,seo,4,dummy
2026-07-24,auto,purchase,tablet,seo,4,dummy
2026-07-24,auto,page_view,tablet,direct,60,dummy
2026-07-24,auto,view_item,tablet,direct,35,dummy
2026-07-24,auto,add_to_cart,tablet,direct,18,dummy
2026-07-24,auto,begin_checkout,tablet,direct,9,dummy
2026-07-24,auto,add_payment_info,tablet,direct,7,dummy
2026-07-24,auto,purchase,tablet,direct,7,dummy
2026-07-24,auto,page_view,tablet,email,18,dummy
2026-07-24,auto,view_item,tablet,email,13,dummy
2026-07-24,auto,add_to_cart,tablet,email,6,dummy
2026-07-24,auto,begin_checkout,tablet,email,2,dummy
2026-07-24,auto,add_payment_info,tablet,email,2,dummy
2026-07-24,auto,purchase,tablet,email,0,dummy
2026-07-24,auto,page_view,tablet,paid_social,25,dummy
2026-07-24,auto,view_item,tablet,paid_social,17,dummy
2026-07-24,auto,add_to_cart,tablet,paid_social,9,dummy
2026-07-24,auto,begin_checkout,tablet,paid_social,4,dummy
2026-07-24,auto,add_payment_info,tablet,paid_social,2,dummy
2026-07-24,auto,purchase,tablet,paid_social,2,dummy
2026-07-24,auto,page_view,tablet,affiliate,31,dummy
2026-07-24,auto,view_item,tablet,affiliate,21,dummy
2026-07-24,auto,add_to_cart,tablet,affiliate,7,dummy
2026-07-24,auto,begin_checkout,tablet,affiliate,1,dummy
2026-07-24,auto,add_payment_info,tablet,affiliate,1,dummy
2026-07-24,auto,purchase,tablet,affiliate,1,dummy
2026-07-24,auto,page_view,tablet,referral,15,dummy
2026-07-24,auto,view_item,tablet,referral,8,dummy
2026-07-24,auto,add_to_cart,tablet,referral,5,dummy
2026-07-24,auto,begin_checkout,tablet,referral,3,dummy
2026-07-24,auto,add_payment_info,tablet,referral,3,dummy
2026-07-24,auto,purchase,tablet,referral,2,dummy
2026-07-25,auto,page_view,mobile,sea,725,dummy
2026-07-25,auto,view_item,mobile,sea,284,dummy
2026-07-25,auto,add_to_cart,mobile,sea,100,dummy
2026-07-25,auto,begin_checkout,mobile,sea,27,dummy
2026-07-25,auto,add_payment_info,mobile,sea,21,dummy
2026-07-25,auto,purchase,mobile,sea,17,dummy
2026-07-25,auto,page_view,mobile,seo,582,dummy
2026-07-25,auto,view_item,mobile,seo,223,dummy
2026-07-25,auto,add_to_cart,mobile,seo,95,dummy
2026-07-25,auto,begin_checkout,mobile,seo,28,dummy
2026-07-25,auto,add_payment_info,mobile,seo,17,dummy
2026-07-25,auto,purchase,mobile,seo,16,dummy
2026-07-25,auto,page_view,mobile,direct,371,dummy
2026-07-25,auto,view_item,mobile,direct,135,dummy
2026-07-25,auto,add_to_cart,mobile,direct,56,dummy
2026-07-25,auto,begin_checkout,mobile,direct,22,dummy
2026-07-25,auto,add_payment_info,mobile,direct,14,dummy
2026-07-25,auto,purchase,mobile,direct,8,dummy
2026-07-25,auto,page_view,mobile,email,197,dummy
2026-07-25,auto,view_item,mobile,email,84,dummy
2026-07-25,auto,add_to_cart,mobile,email,42,dummy
2026-07-25,auto,begin_checkout,mobile,email,9,dummy
2026-07-25,auto,add_payment_info,mobile,email,4,dummy
2026-07-25,auto,purchase,mobile,email,4,dummy
2026-07-25,auto,page_view,mobile,paid_social,160,dummy
2026-07-25,auto,view_item,mobile,paid_social,70,dummy
2026-07-25,auto,add_to_cart,mobile,paid_social,29,dummy
2026-07-25,auto,begin_checkout,mobile,paid_social,10,dummy
2026-07-25,auto,add_payment_info,mobile,paid_social,2,dummy
2026-07-25,auto,purchase,mobile,paid_social,2,dummy
2026-07-25,auto,page_view,mobile,affiliate,240,dummy
2026-07-25,auto,view_item,mobile,affiliate,85,dummy
2026-07-25,auto,add_to_cart,mobile,affiliate,45,dummy
2026-07-25,auto,begin_checkout,mobile,affiliate,13,dummy
2026-07-25,auto,add_payment_info,mobile,affiliate,9,dummy
2026-07-25,auto,purchase,mobile,affiliate,7,dummy
2026-07-25,auto,page_view,mobile,referral,118,dummy
2026-07-25,auto,view_item,mobile,referral,45,dummy
2026-07-25,auto,add_to_cart,mobile,referral,18,dummy
2026-07-25,auto,begin_checkout,mobile,referral,8,dummy
2026-07-25,auto,add_payment_info,mobile,referral,6,dummy
2026-07-25,auto,purchase,mobile,referral,5,dummy
2026-07-25,auto,page_view,desktop,sea,372,dummy
2026-07-25,auto,view_item,desktop,sea,202,dummy
2026-07-25,auto,add_to_cart,desktop,sea,61,dummy
2026-07-25,auto,begin_checkout,desktop,sea,17,dummy
2026-07-25,auto,add_payment_info,desktop,sea,8,dummy
2026-07-25,auto,purchase,desktop,sea,7,dummy
2026-07-25,auto,page_view,desktop,seo,330,dummy
2026-07-25,auto,view_item,desktop,seo,180,dummy
2026-07-25,auto,add_to_cart,desktop,seo,83,dummy
2026-07-25,auto,begin_checkout,desktop,seo,31,dummy
2026-07-25,auto,add_payment_info,desktop,seo,23,dummy
2026-07-25,auto,purchase,desktop,seo,19,dummy
2026-07-25,auto,page_view,desktop,direct,183,dummy
2026-07-25,auto,view_item,desktop,direct,97,dummy
2026-07-25,auto,add_to_cart,desktop,direct,42,dummy
2026-07-25,auto,begin_checkout,desktop,direct,10,dummy
2026-07-25,auto,add_payment_info,desktop,direct,7,dummy
2026-07-25,auto,purchase,desktop,direct,6,dummy
2026-07-25,auto,page_view,desktop,email,116,dummy
2026-07-25,auto,view_item,desktop,email,69,dummy
2026-07-25,auto,add_to_cart,desktop,email,30,dummy
2026-07-25,auto,begin_checkout,desktop,email,9,dummy
2026-07-25,auto,add_payment_info,desktop,email,6,dummy
2026-07-25,auto,purchase,desktop,email,5,dummy
2026-07-25,auto,page_view,desktop,paid_social,88,dummy
2026-07-25,auto,view_item,desktop,paid_social,47,dummy
2026-07-25,auto,add_to_cart,desktop,paid_social,19,dummy
2026-07-25,auto,begin_checkout,desktop,paid_social,2,dummy
2026-07-25,auto,add_payment_info,desktop,paid_social,1,dummy
2026-07-25,auto,purchase,desktop,paid_social,1,dummy
2026-07-25,auto,page_view,desktop,affiliate,120,dummy
2026-07-25,auto,view_item,desktop,affiliate,69,dummy
2026-07-25,auto,add_to_cart,desktop,affiliate,32,dummy
2026-07-25,auto,begin_checkout,desktop,affiliate,13,dummy
2026-07-25,auto,add_payment_info,desktop,affiliate,6,dummy
2026-07-25,auto,purchase,desktop,affiliate,5,dummy
2026-07-25,auto,page_view,desktop,referral,77,dummy
2026-07-25,auto,view_item,desktop,referral,42,dummy
2026-07-25,auto,add_to_cart,desktop,referral,20,dummy
2026-07-25,auto,begin_checkout,desktop,referral,5,dummy
2026-07-25,auto,add_payment_info,desktop,referral,3,dummy
2026-07-25,auto,purchase,desktop,referral,3,dummy
2026-07-25,auto,page_view,tablet,sea,80,dummy
2026-07-25,auto,view_item,tablet,sea,44,dummy
2026-07-25,auto,add_to_cart,tablet,sea,15,dummy
2026-07-25,auto,begin_checkout,tablet,sea,7,dummy
2026-07-25,auto,add_payment_info,tablet,sea,4,dummy
2026-07-25,auto,purchase,tablet,sea,4,dummy
2026-07-25,auto,page_view,tablet,seo,78,dummy
2026-07-25,auto,view_item,tablet,seo,40,dummy
2026-07-25,auto,add_to_cart,tablet,seo,23,dummy
2026-07-25,auto,begin_checkout,tablet,seo,6,dummy
2026-07-25,auto,add_payment_info,tablet,seo,6,dummy
2026-07-25,auto,purchase,tablet,seo,4,dummy
2026-07-25,auto,page_view,tablet,direct,45,dummy
2026-07-25,auto,view_item,tablet,direct,27,dummy
2026-07-25,auto,add_to_cart,tablet,direct,9,dummy
2026-07-25,auto,begin_checkout,tablet,direct,3,dummy
2026-07-25,auto,add_payment_info,tablet,direct,2,dummy
2026-07-25,auto,purchase,tablet,direct,2,dummy
2026-07-25,auto,page_view,tablet,email,30,dummy
2026-07-25,auto,view_item,tablet,email,11,dummy
2026-07-25,auto,add_to_cart,tablet,email,8,dummy
2026-07-25,auto,begin_checkout,tablet,email,2,dummy
2026-07-25,auto,add_payment_info,tablet,email,1,dummy
2026-07-25,auto,purchase,tablet,email,1,dummy
2026-07-25,auto,page_view,tablet,paid_social,18,dummy
2026-07-25,auto,view_item,tablet,paid_social,9,dummy
2026-07-25,auto,add_to_cart,tablet,paid_social,4,dummy
2026-07-25,auto,begin_checkout,tablet,paid_social,1,dummy
2026-07-25,auto,add_payment_info,tablet,paid_social,1,dummy
2026-07-25,auto,purchase,tablet,paid_social,1,dummy
2026-07-25,auto,page_view,tablet,affiliate,18,dummy
2026-07-25,auto,view_item,tablet,affiliate,14,dummy
2026-07-25,auto,add_to_cart,tablet,affiliate,6,dummy
2026-07-25,auto,begin_checkout,tablet,affiliate,0,dummy
2026-07-25,auto,add_payment_info,tablet,affiliate,0,dummy
2026-07-25,auto,purchase,tablet,affiliate,0,dummy
2026-07-25,auto,page_view,tablet,referral,12,dummy
2026-07-25,auto,view_item,tablet,referral,6,dummy
2026-07-25,auto,add_to_cart,tablet,referral,4,dummy
2026-07-25,auto,begin_checkout,tablet,referral,0,dummy
2026-07-25,auto,add_payment_info,tablet,referral,0,dummy
2026-07-25,auto,purchase,tablet,referral,0,dummy
2026-07-26,auto,page_view,mobile,sea,720,dummy
2026-07-26,auto,view_item,mobile,sea,270,dummy
2026-07-26,auto,add_to_cart,mobile,sea,92,dummy
2026-07-26,auto,begin_checkout,mobile,sea,25,dummy
2026-07-26,auto,add_payment_info,mobile,sea,19,dummy
2026-07-26,auto,purchase,mobile,sea,17,dummy
2026-07-26,auto,page_view,mobile,seo,584,dummy
2026-07-26,auto,view_item,mobile,seo,231,dummy
2026-07-26,auto,add_to_cart,mobile,seo,110,dummy
2026-07-26,auto,begin_checkout,mobile,seo,24,dummy
2026-07-26,auto,add_payment_info,mobile,seo,16,dummy
2026-07-26,auto,purchase,mobile,seo,16,dummy
2026-07-26,auto,page_view,mobile,direct,367,dummy
2026-07-26,auto,view_item,mobile,direct,130,dummy
2026-07-26,auto,add_to_cart,mobile,direct,55,dummy
2026-07-26,auto,begin_checkout,mobile,direct,11,dummy
2026-07-26,auto,add_payment_info,mobile,direct,8,dummy
2026-07-26,auto,purchase,mobile,direct,7,dummy
2026-07-26,auto,page_view,mobile,email,182,dummy
2026-07-26,auto,view_item,mobile,email,76,dummy
2026-07-26,auto,add_to_cart,mobile,email,37,dummy
2026-07-26,auto,begin_checkout,mobile,email,11,dummy
2026-07-26,auto,add_payment_info,mobile,email,6,dummy
2026-07-26,auto,purchase,mobile,email,6,dummy
2026-07-26,auto,page_view,mobile,paid_social,149,dummy
2026-07-26,auto,view_item,mobile,paid_social,56,dummy
2026-07-26,auto,add_to_cart,mobile,paid_social,26,dummy
2026-07-26,auto,begin_checkout,mobile,paid_social,4,dummy
2026-07-26,auto,add_payment_info,mobile,paid_social,3,dummy
2026-07-26,auto,purchase,mobile,paid_social,2,dummy
2026-07-26,auto,page_view,mobile,affiliate,241,dummy
2026-07-26,auto,view_item,mobile,affiliate,90,dummy
2026-07-26,auto,add_to_cart,mobile,affiliate,34,dummy
2026-07-26,auto,begin_checkout,mobile,affiliate,9,dummy
2026-07-26,auto,add_payment_info,mobile,affiliate,5,dummy
2026-07-26,auto,purchase,mobile,affiliate,4,dummy
2026-07-26,auto,page_view,mobile,referral,135,dummy
2026-07-26,auto,view_item,mobile,referral,54,dummy
2026-07-26,auto,add_to_cart,mobile,referral,28,dummy
2026-07-26,auto,begin_checkout,mobile,referral,11,dummy
2026-07-26,auto,add_payment_info,mobile,referral,8,dummy
2026-07-26,auto,purchase,mobile,referral,7,dummy
2026-07-26,auto,page_view,desktop,sea,390,dummy
2026-07-26,auto,view_item,desktop,sea,200,dummy
2026-07-26,auto,add_to_cart,desktop,sea,59,dummy
2026-07-26,auto,begin_checkout,desktop,sea,16,dummy
2026-07-26,auto,add_payment_info,desktop,sea,10,dummy
2026-07-26,auto,purchase,desktop,sea,7,dummy
2026-07-26,auto,page_view,desktop,seo,340,dummy
2026-07-26,auto,view_item,desktop,seo,207,dummy
2026-07-26,auto,add_to_cart,desktop,seo,99,dummy
2026-07-26,auto,begin_checkout,desktop,seo,34,dummy
2026-07-26,auto,add_payment_info,desktop,seo,22,dummy
2026-07-26,auto,purchase,desktop,seo,17,dummy
2026-07-26,auto,page_view,desktop,direct,199,dummy
2026-07-26,auto,view_item,desktop,direct,109,dummy
2026-07-26,auto,add_to_cart,desktop,direct,48,dummy
2026-07-26,auto,begin_checkout,desktop,direct,12,dummy
2026-07-26,auto,add_payment_info,desktop,direct,8,dummy
2026-07-26,auto,purchase,desktop,direct,7,dummy
2026-07-26,auto,page_view,desktop,email,110,dummy
2026-07-26,auto,view_item,desktop,email,57,dummy
2026-07-26,auto,add_to_cart,desktop,email,25,dummy
2026-07-26,auto,begin_checkout,desktop,email,3,dummy
2026-07-26,auto,add_payment_info,desktop,email,3,dummy
2026-07-26,auto,purchase,desktop,email,3,dummy
2026-07-26,auto,page_view,desktop,paid_social,100,dummy
2026-07-26,auto,view_item,desktop,paid_social,52,dummy
2026-07-26,auto,add_to_cart,desktop,paid_social,26,dummy
2026-07-26,auto,begin_checkout,desktop,paid_social,7,dummy
2026-07-26,auto,add_payment_info,desktop,paid_social,3,dummy
2026-07-26,auto,purchase,desktop,paid_social,1,dummy
2026-07-26,auto,page_view,desktop,affiliate,133,dummy
2026-07-26,auto,view_item,desktop,affiliate,81,dummy
2026-07-26,auto,add_to_cart,desktop,affiliate,36,dummy
2026-07-26,auto,begin_checkout,desktop,affiliate,11,dummy
2026-07-26,auto,add_payment_info,desktop,affiliate,9,dummy
2026-07-26,auto,purchase,desktop,affiliate,5,dummy
2026-07-26,auto,page_view,desktop,referral,61,dummy
2026-07-26,auto,view_item,desktop,referral,35,dummy
2026-07-26,auto,add_to_cart,desktop,referral,18,dummy
2026-07-26,auto,begin_checkout,desktop,referral,6,dummy
2026-07-26,auto,add_payment_info,desktop,referral,4,dummy
2026-07-26,auto,purchase,desktop,referral,4,dummy
2026-07-26,auto,page_view,tablet,sea,75,dummy
2026-07-26,auto,view_item,tablet,sea,34,dummy
2026-07-26,auto,add_to_cart,tablet,sea,10,dummy
2026-07-26,auto,begin_checkout,tablet,sea,3,dummy
2026-07-26,auto,add_payment_info,tablet,sea,2,dummy
2026-07-26,auto,purchase,tablet,sea,1,dummy
2026-07-26,auto,page_view,tablet,seo,74,dummy
2026-07-26,auto,view_item,tablet,seo,52,dummy
2026-07-26,auto,add_to_cart,tablet,seo,19,dummy
2026-07-26,auto,begin_checkout,tablet,seo,8,dummy
2026-07-26,auto,add_payment_info,tablet,seo,5,dummy
2026-07-26,auto,purchase,tablet,seo,4,dummy
2026-07-26,auto,page_view,tablet,direct,41,dummy
2026-07-26,auto,view_item,tablet,direct,20,dummy
2026-07-26,auto,add_to_cart,tablet,direct,5,dummy
2026-07-26,auto,begin_checkout,tablet,direct,0,dummy
2026-07-26,auto,add_payment_info,tablet,direct,0,dummy
2026-07-26,auto,purchase,tablet,direct,0,dummy
2026-07-26,auto,page_view,tablet,email,30,dummy
2026-07-26,auto,view_item,tablet,email,18,dummy
2026-07-26,auto,add_to_cart,tablet,email,7,dummy
2026-07-26,auto,begin_checkout,tablet,email,3,dummy
2026-07-26,auto,add_payment_info,tablet,email,2,dummy
2026-07-26,auto,purchase,tablet,email,2,dummy
2026-07-26,auto,page_view,tablet,paid_social,20,dummy
2026-07-26,auto,view_item,tablet,paid_social,13,dummy
2026-07-26,auto,add_to_cart,tablet,paid_social,5,dummy
2026-07-26,auto,begin_checkout,tablet,paid_social,1,dummy
2026-07-26,auto,add_payment_info,tablet,paid_social,1,dummy
2026-07-26,auto,purchase,tablet,paid_social,0,dummy
2026-07-26,auto,page_view,tablet,affiliate,22,dummy
2026-07-26,auto,view_item,tablet,affiliate,9,dummy
2026-07-26,auto,add_to_cart,tablet,affiliate,4,dummy
2026-07-26,auto,begin_checkout,tablet,affiliate,2,dummy
2026-07-26,auto,add_payment_info,tablet,affiliate,2,dummy
2026-07-26,auto,purchase,tablet,affiliate,2,dummy
2026-07-26,auto,page_view,tablet,referral,15,dummy
2026-07-26,auto,view_item,tablet,referral,8,dummy
2026-07-26,auto,add_to_cart,tablet,referral,6,dummy
2026-07-26,auto,begin_checkout,tablet,referral,1,dummy
2026-07-26,auto,add_payment_info,tablet,referral,0,dummy
2026-07-26,auto,purchase,tablet,referral,0,dummy
2026-07-27,auto,page_view,mobile,sea,895,dummy
2026-07-27,auto,view_item,mobile,sea,356,dummy
2026-07-27,auto,add_to_cart,mobile,sea,108,dummy
2026-07-27,auto,begin_checkout,mobile,sea,29,dummy
2026-07-27,auto,add_payment_info,mobile,sea,21,dummy
2026-07-27,auto,purchase,mobile,sea,18,dummy
2026-07-27,auto,page_view,mobile,seo,773,dummy
2026-07-27,auto,view_item,mobile,seo,308,dummy
2026-07-27,auto,add_to_cart,mobile,seo,139,dummy
2026-07-27,auto,begin_checkout,mobile,seo,50,dummy
2026-07-27,auto,add_payment_info,mobile,seo,29,dummy
2026-07-27,auto,purchase,mobile,seo,26,dummy
2026-07-27,auto,page_view,mobile,direct,480,dummy
2026-07-27,auto,view_item,mobile,direct,199,dummy
2026-07-27,auto,add_to_cart,mobile,direct,96,dummy
2026-07-27,auto,begin_checkout,mobile,direct,33,dummy
2026-07-27,auto,add_payment_info,mobile,direct,18,dummy
2026-07-27,auto,purchase,mobile,direct,12,dummy
2026-07-27,auto,page_view,mobile,email,237,dummy
2026-07-27,auto,view_item,mobile,email,96,dummy
2026-07-27,auto,add_to_cart,mobile,email,56,dummy
2026-07-27,auto,begin_checkout,mobile,email,15,dummy
2026-07-27,auto,add_payment_info,mobile,email,12,dummy
2026-07-27,auto,purchase,mobile,email,9,dummy
2026-07-27,auto,page_view,mobile,paid_social,208,dummy
2026-07-27,auto,view_item,mobile,paid_social,82,dummy
2026-07-27,auto,add_to_cart,mobile,paid_social,29,dummy
2026-07-27,auto,begin_checkout,mobile,paid_social,8,dummy
2026-07-27,auto,add_payment_info,mobile,paid_social,5,dummy
2026-07-27,auto,purchase,mobile,paid_social,5,dummy
2026-07-27,auto,page_view,mobile,affiliate,302,dummy
2026-07-27,auto,view_item,mobile,affiliate,111,dummy
2026-07-27,auto,add_to_cart,mobile,affiliate,43,dummy
2026-07-27,auto,begin_checkout,mobile,affiliate,15,dummy
2026-07-27,auto,add_payment_info,mobile,affiliate,10,dummy
2026-07-27,auto,purchase,mobile,affiliate,9,dummy
2026-07-27,auto,page_view,mobile,referral,169,dummy
2026-07-27,auto,view_item,mobile,referral,62,dummy
2026-07-27,auto,add_to_cart,mobile,referral,30,dummy
2026-07-27,auto,begin_checkout,mobile,referral,6,dummy
2026-07-27,auto,add_payment_info,mobile,referral,2,dummy
2026-07-27,auto,purchase,mobile,referral,1,dummy
2026-07-27,auto,page_view,desktop,sea,517,dummy
2026-07-27,auto,view_item,desktop,sea,294,dummy
2026-07-27,auto,add_to_cart,desktop,sea,95,dummy
2026-07-27,auto,begin_checkout,desktop,sea,29,dummy
2026-07-27,auto,add_payment_info,desktop,sea,21,dummy
2026-07-27,auto,purchase,desktop,sea,19,dummy
2026-07-27,auto,page_view,desktop,seo,428,dummy
2026-07-27,auto,view_item,desktop,seo,234,dummy
2026-07-27,auto,add_to_cart,desktop,seo,96,dummy
2026-07-27,auto,begin_checkout,desktop,seo,26,dummy
2026-07-27,auto,add_payment_info,desktop,seo,20,dummy
2026-07-27,auto,purchase,desktop,seo,15,dummy
2026-07-27,auto,page_view,desktop,direct,268,dummy
2026-07-27,auto,view_item,desktop,direct,151,dummy
2026-07-27,auto,add_to_cart,desktop,direct,74,dummy
2026-07-27,auto,begin_checkout,desktop,direct,32,dummy
2026-07-27,auto,add_payment_info,desktop,direct,21,dummy
2026-07-27,auto,purchase,desktop,direct,17,dummy
2026-07-27,auto,page_view,desktop,email,120,dummy
2026-07-27,auto,view_item,desktop,email,58,dummy
2026-07-27,auto,add_to_cart,desktop,email,30,dummy
2026-07-27,auto,begin_checkout,desktop,email,9,dummy
2026-07-27,auto,add_payment_info,desktop,email,6,dummy
2026-07-27,auto,purchase,desktop,email,6,dummy
2026-07-27,auto,page_view,desktop,paid_social,101,dummy
2026-07-27,auto,view_item,desktop,paid_social,56,dummy
2026-07-27,auto,add_to_cart,desktop,paid_social,23,dummy
2026-07-27,auto,begin_checkout,desktop,paid_social,8,dummy
2026-07-27,auto,add_payment_info,desktop,paid_social,4,dummy
2026-07-27,auto,purchase,desktop,paid_social,3,dummy
2026-07-27,auto,page_view,desktop,affiliate,173,dummy
2026-07-27,auto,view_item,desktop,affiliate,98,dummy
2026-07-27,auto,add_to_cart,desktop,affiliate,47,dummy
2026-07-27,auto,begin_checkout,desktop,affiliate,14,dummy
2026-07-27,auto,add_payment_info,desktop,affiliate,9,dummy
2026-07-27,auto,purchase,desktop,affiliate,5,dummy
2026-07-27,auto,page_view,desktop,referral,88,dummy
2026-07-27,auto,view_item,desktop,referral,45,dummy
2026-07-27,auto,add_to_cart,desktop,referral,18,dummy
2026-07-27,auto,begin_checkout,desktop,referral,4,dummy
2026-07-27,auto,add_payment_info,desktop,referral,2,dummy
2026-07-27,auto,purchase,desktop,referral,1,dummy
2026-07-27,auto,page_view,tablet,sea,110,dummy
2026-07-27,auto,view_item,tablet,sea,59,dummy
2026-07-27,auto,add_to_cart,tablet,sea,17,dummy
2026-07-27,auto,begin_checkout,tablet,sea,3,dummy
2026-07-27,auto,add_payment_info,tablet,sea,2,dummy
2026-07-27,auto,purchase,tablet,sea,2,dummy
2026-07-27,auto,page_view,tablet,seo,86,dummy
2026-07-27,auto,view_item,tablet,seo,41,dummy
2026-07-27,auto,add_to_cart,tablet,seo,16,dummy
2026-07-27,auto,begin_checkout,tablet,seo,7,dummy
2026-07-27,auto,add_payment_info,tablet,seo,5,dummy
2026-07-27,auto,purchase,tablet,seo,3,dummy
2026-07-27,auto,page_view,tablet,direct,56,dummy
2026-07-27,auto,view_item,tablet,direct,36,dummy
2026-07-27,auto,add_to_cart,tablet,direct,13,dummy
2026-07-27,auto,begin_checkout,tablet,direct,4,dummy
2026-07-27,auto,add_payment_info,tablet,direct,1,dummy
2026-07-27,auto,purchase,tablet,direct,0,dummy
2026-07-27,auto,page_view,tablet,email,30,dummy
2026-07-27,auto,view_item,tablet,email,14,dummy
2026-07-27,auto,add_to_cart,tablet,email,7,dummy
2026-07-27,auto,begin_checkout,tablet,email,2,dummy
2026-07-27,auto,add_payment_info,tablet,email,2,dummy
2026-07-27,auto,purchase,tablet,email,2,dummy
2026-07-27,auto,page_view,tablet,paid_social,26,dummy
2026-07-27,auto,view_item,tablet,paid_social,16,dummy
2026-07-27,auto,add_to_cart,tablet,paid_social,7,dummy
2026-07-27,auto,begin_checkout,tablet,paid_social,3,dummy
2026-07-27,auto,add_payment_info,tablet,paid_social,3,dummy
2026-07-27,auto,purchase,tablet,paid_social,3,dummy
2026-07-27,auto,page_view,tablet,affiliate,37,dummy
2026-07-27,auto,view_item,tablet,affiliate,16,dummy
2026-07-27,auto,add_to_cart,tablet,affiliate,7,dummy
2026-07-27,auto,begin_checkout,tablet,affiliate,3,dummy
2026-07-27,auto,add_payment_info,tablet,affiliate,1,dummy
2026-07-27,auto,purchase,tablet,affiliate,1,dummy
2026-07-27,auto,page_view,tablet,referral,13,dummy
2026-07-27,auto,view_item,tablet,referral,7,dummy
2026-07-27,auto,add_to_cart,tablet,referral,3,dummy
2026-07-27,auto,begin_checkout,tablet,referral,1,dummy
2026-07-27,auto,add_payment_info,tablet,referral,0,dummy
2026-07-27,auto,purchase,tablet,referral,0,dummy
2026-07-28,auto,page_view,mobile,sea,920,dummy
2026-07-28,auto,view_item,mobile,sea,371,dummy
2026-07-28,auto,add_to_cart,mobile,sea,113,dummy
2026-07-28,auto,begin_checkout,mobile,sea,32,dummy
2026-07-28,auto,add_payment_info,mobile,sea,17,dummy
2026-07-28,auto,purchase,mobile,sea,14,dummy
2026-07-28,auto,page_view,mobile,seo,700,dummy
2026-07-28,auto,view_item,mobile,seo,274,dummy
2026-07-28,auto,add_to_cart,mobile,seo,115,dummy
2026-07-28,auto,begin_checkout,mobile,seo,24,dummy
2026-07-28,auto,add_payment_info,mobile,seo,17,dummy
2026-07-28,auto,purchase,mobile,seo,15,dummy
2026-07-28,auto,page_view,mobile,direct,457,dummy
2026-07-28,auto,view_item,mobile,direct,170,dummy
2026-07-28,auto,add_to_cart,mobile,direct,74,dummy
2026-07-28,auto,begin_checkout,mobile,direct,22,dummy
2026-07-28,auto,add_payment_info,mobile,direct,15,dummy
2026-07-28,auto,purchase,mobile,direct,14,dummy
2026-07-28,auto,page_view,mobile,email,220,dummy
2026-07-28,auto,view_item,mobile,email,94,dummy
2026-07-28,auto,add_to_cart,mobile,email,38,dummy
2026-07-28,auto,begin_checkout,mobile,email,13,dummy
2026-07-28,auto,add_payment_info,mobile,email,10,dummy
2026-07-28,auto,purchase,mobile,email,6,dummy
2026-07-28,auto,page_view,mobile,paid_social,230,dummy
2026-07-28,auto,view_item,mobile,paid_social,81,dummy
2026-07-28,auto,add_to_cart,mobile,paid_social,39,dummy
2026-07-28,auto,begin_checkout,mobile,paid_social,10,dummy
2026-07-28,auto,add_payment_info,mobile,paid_social,7,dummy
2026-07-28,auto,purchase,mobile,paid_social,6,dummy
2026-07-28,auto,page_view,mobile,affiliate,282,dummy
2026-07-28,auto,view_item,mobile,affiliate,111,dummy
2026-07-28,auto,add_to_cart,mobile,affiliate,39,dummy
2026-07-28,auto,begin_checkout,mobile,affiliate,15,dummy
2026-07-28,auto,add_payment_info,mobile,affiliate,11,dummy
2026-07-28,auto,purchase,mobile,affiliate,9,dummy
2026-07-28,auto,page_view,mobile,referral,132,dummy
2026-07-28,auto,view_item,mobile,referral,57,dummy
2026-07-28,auto,add_to_cart,mobile,referral,28,dummy
2026-07-28,auto,begin_checkout,mobile,referral,7,dummy
2026-07-28,auto,add_payment_info,mobile,referral,6,dummy
2026-07-28,auto,purchase,mobile,referral,5,dummy
2026-07-28,auto,page_view,desktop,sea,510,dummy
2026-07-28,auto,view_item,desktop,sea,274,dummy
2026-07-28,auto,add_to_cart,desktop,sea,87,dummy
2026-07-28,auto,begin_checkout,desktop,sea,35,dummy
2026-07-28,auto,add_payment_info,desktop,sea,26,dummy
2026-07-28,auto,purchase,desktop,sea,20,dummy
2026-07-28,auto,page_view,desktop,seo,419,dummy
2026-07-28,auto,view_item,desktop,seo,241,dummy
2026-07-28,auto,add_to_cart,desktop,seo,110,dummy
2026-07-28,auto,begin_checkout,desktop,seo,27,dummy
2026-07-28,auto,add_payment_info,desktop,seo,18,dummy
2026-07-28,auto,purchase,desktop,seo,17,dummy
2026-07-28,auto,page_view,desktop,direct,245,dummy
2026-07-28,auto,view_item,desktop,direct,139,dummy
2026-07-28,auto,add_to_cart,desktop,direct,62,dummy
2026-07-28,auto,begin_checkout,desktop,direct,18,dummy
2026-07-28,auto,add_payment_info,desktop,direct,15,dummy
2026-07-28,auto,purchase,desktop,direct,14,dummy
2026-07-28,auto,page_view,desktop,email,130,dummy
2026-07-28,auto,view_item,desktop,email,70,dummy
2026-07-28,auto,add_to_cart,desktop,email,34,dummy
2026-07-28,auto,begin_checkout,desktop,email,8,dummy
2026-07-28,auto,add_payment_info,desktop,email,6,dummy
2026-07-28,auto,purchase,desktop,email,5,dummy
2026-07-28,auto,page_view,desktop,paid_social,117,dummy
2026-07-28,auto,view_item,desktop,paid_social,61,dummy
2026-07-28,auto,add_to_cart,desktop,paid_social,19,dummy
2026-07-28,auto,begin_checkout,desktop,paid_social,9,dummy
2026-07-28,auto,add_payment_info,desktop,paid_social,6,dummy
2026-07-28,auto,purchase,desktop,paid_social,4,dummy
2026-07-28,auto,page_view,desktop,affiliate,183,dummy
2026-07-28,auto,view_item,desktop,affiliate,94,dummy
2026-07-28,auto,add_to_cart,desktop,affiliate,39,dummy
2026-07-28,auto,begin_checkout,desktop,affiliate,12,dummy
2026-07-28,auto,add_payment_info,desktop,affiliate,6,dummy
2026-07-28,auto,purchase,desktop,affiliate,5,dummy
2026-07-28,auto,page_view,desktop,referral,75,dummy
2026-07-28,auto,view_item,desktop,referral,44,dummy
2026-07-28,auto,add_to_cart,desktop,referral,25,dummy
2026-07-28,auto,begin_checkout,desktop,referral,9,dummy
2026-07-28,auto,add_payment_info,desktop,referral,6,dummy
2026-07-28,auto,purchase,desktop,referral,4,dummy
2026-07-28,auto,page_view,tablet,sea,114,dummy
2026-07-28,auto,view_item,tablet,sea,58,dummy
2026-07-28,auto,add_to_cart,tablet,sea,18,dummy
2026-07-28,auto,begin_checkout,tablet,sea,5,dummy
2026-07-28,auto,add_payment_info,tablet,sea,3,dummy
2026-07-28,auto,purchase,tablet,sea,3,dummy
2026-07-28,auto,page_view,tablet,seo,95,dummy
2026-07-28,auto,view_item,tablet,seo,48,dummy
2026-07-28,auto,add_to_cart,tablet,seo,19,dummy
2026-07-28,auto,begin_checkout,tablet,seo,4,dummy
2026-07-28,auto,add_payment_info,tablet,seo,3,dummy
2026-07-28,auto,purchase,tablet,seo,2,dummy
2026-07-28,auto,page_view,tablet,direct,51,dummy
2026-07-28,auto,view_item,tablet,direct,22,dummy
2026-07-28,auto,add_to_cart,tablet,direct,8,dummy
2026-07-28,auto,begin_checkout,tablet,direct,4,dummy
2026-07-28,auto,add_payment_info,tablet,direct,3,dummy
2026-07-28,auto,purchase,tablet,direct,1,dummy
2026-07-28,auto,page_view,tablet,email,27,dummy
2026-07-28,auto,view_item,tablet,email,13,dummy
2026-07-28,auto,add_to_cart,tablet,email,8,dummy
2026-07-28,auto,begin_checkout,tablet,email,1,dummy
2026-07-28,auto,add_payment_info,tablet,email,1,dummy
2026-07-28,auto,purchase,tablet,email,1,dummy
2026-07-28,auto,page_view,tablet,paid_social,22,dummy
2026-07-28,auto,view_item,tablet,paid_social,12,dummy
2026-07-28,auto,add_to_cart,tablet,paid_social,6,dummy
2026-07-28,auto,begin_checkout,tablet,paid_social,3,dummy
2026-07-28,auto,add_payment_info,tablet,paid_social,0,dummy
2026-07-28,auto,purchase,tablet,paid_social,0,dummy
2026-07-28,auto,page_view,tablet,affiliate,28,dummy
2026-07-28,auto,view_item,tablet,affiliate,9,dummy
2026-07-28,auto,add_to_cart,tablet,affiliate,2,dummy
2026-07-28,auto,begin_checkout,tablet,affiliate,2,dummy
2026-07-28,auto,add_payment_info,tablet,affiliate,1,dummy
2026-07-28,auto,purchase,tablet,affiliate,1,dummy
2026-07-28,auto,page_view,tablet,referral,16,dummy
2026-07-28,auto,view_item,tablet,referral,9,dummy
2026-07-28,auto,add_to_cart,tablet,referral,3,dummy
2026-07-28,auto,begin_checkout,tablet,referral,1,dummy
2026-07-28,auto,add_payment_info,tablet,referral,0,dummy
2026-07-28,auto,purchase,tablet,referral,0,dummy
2026-07-29,auto,page_view,mobile,sea,905,dummy
2026-07-29,auto,view_item,mobile,sea,356,dummy
2026-07-29,auto,add_to_cart,mobile,sea,111,dummy
2026-07-29,auto,begin_checkout,mobile,sea,33,dummy
2026-07-29,auto,add_payment_info,mobile,sea,19,dummy
2026-07-29,auto,purchase,mobile,sea,16,dummy
2026-07-29,auto,page_view,mobile,seo,758,dummy
2026-07-29,auto,view_item,mobile,seo,272,dummy
2026-07-29,auto,add_to_cart,mobile,seo,116,dummy
2026-07-29,auto,begin_checkout,mobile,seo,36,dummy
2026-07-29,auto,add_payment_info,mobile,seo,26,dummy
2026-07-29,auto,purchase,mobile,seo,22,dummy
2026-07-29,auto,page_view,mobile,direct,443,dummy
2026-07-29,auto,view_item,mobile,direct,176,dummy
2026-07-29,auto,add_to_cart,mobile,direct,82,dummy
2026-07-29,auto,begin_checkout,mobile,direct,24,dummy
2026-07-29,auto,add_payment_info,mobile,direct,16,dummy
2026-07-29,auto,purchase,mobile,direct,11,dummy
2026-07-29,auto,page_view,mobile,email,247,dummy
2026-07-29,auto,view_item,mobile,email,81,dummy
2026-07-29,auto,add_to_cart,mobile,email,29,dummy
2026-07-29,auto,begin_checkout,mobile,email,12,dummy
2026-07-29,auto,add_payment_info,mobile,email,8,dummy
2026-07-29,auto,purchase,mobile,email,7,dummy
2026-07-29,auto,page_view,mobile,paid_social,216,dummy
2026-07-29,auto,view_item,mobile,paid_social,82,dummy
2026-07-29,auto,add_to_cart,mobile,paid_social,30,dummy
2026-07-29,auto,begin_checkout,mobile,paid_social,9,dummy
2026-07-29,auto,add_payment_info,mobile,paid_social,8,dummy
2026-07-29,auto,purchase,mobile,paid_social,6,dummy
2026-07-29,auto,page_view,mobile,affiliate,291,dummy
2026-07-29,auto,view_item,mobile,affiliate,114,dummy
2026-07-29,auto,add_to_cart,mobile,affiliate,44,dummy
2026-07-29,auto,begin_checkout,mobile,affiliate,11,dummy
2026-07-29,auto,add_payment_info,mobile,affiliate,4,dummy
2026-07-29,auto,purchase,mobile,affiliate,3,dummy
2026-07-29,auto,page_view,mobile,referral,153,dummy
2026-07-29,auto,view_item,mobile,referral,49,dummy
2026-07-29,auto,add_to_cart,mobile,referral,23,dummy
2026-07-29,auto,begin_checkout,mobile,referral,6,dummy
2026-07-29,auto,add_payment_info,mobile,referral,4,dummy
2026-07-29,auto,purchase,mobile,referral,4,dummy
2026-07-29,auto,page_view,desktop,sea,494,dummy
2026-07-29,auto,view_item,desktop,sea,268,dummy
2026-07-29,auto,add_to_cart,desktop,sea,84,dummy
2026-07-29,auto,begin_checkout,desktop,sea,22,dummy
2026-07-29,auto,add_payment_info,desktop,sea,17,dummy
2026-07-29,auto,purchase,desktop,sea,10,dummy
2026-07-29,auto,page_view,desktop,seo,412,dummy
2026-07-29,auto,view_item,desktop,seo,236,dummy
2026-07-29,auto,add_to_cart,desktop,seo,107,dummy
2026-07-29,auto,begin_checkout,desktop,seo,36,dummy
2026-07-29,auto,add_payment_info,desktop,seo,26,dummy
2026-07-29,auto,purchase,desktop,seo,21,dummy
2026-07-29,auto,page_view,desktop,direct,273,dummy
2026-07-29,auto,view_item,desktop,direct,156,dummy
2026-07-29,auto,add_to_cart,desktop,direct,72,dummy
2026-07-29,auto,begin_checkout,desktop,direct,28,dummy
2026-07-29,auto,add_payment_info,desktop,direct,16,dummy
2026-07-29,auto,purchase,desktop,direct,15,dummy
2026-07-29,auto,page_view,desktop,email,140,dummy
2026-07-29,auto,view_item,desktop,email,70,dummy
2026-07-29,auto,add_to_cart,desktop,email,28,dummy
2026-07-29,auto,begin_checkout,desktop,email,9,dummy
2026-07-29,auto,add_payment_info,desktop,email,5,dummy
2026-07-29,auto,purchase,desktop,email,5,dummy
2026-07-29,auto,page_view,desktop,paid_social,114,dummy
2026-07-29,auto,view_item,desktop,paid_social,64,dummy
2026-07-29,auto,add_to_cart,desktop,paid_social,19,dummy
2026-07-29,auto,begin_checkout,desktop,paid_social,4,dummy
2026-07-29,auto,add_payment_info,desktop,paid_social,2,dummy
2026-07-29,auto,purchase,desktop,paid_social,2,dummy
2026-07-29,auto,page_view,desktop,affiliate,174,dummy
2026-07-29,auto,view_item,desktop,affiliate,89,dummy
2026-07-29,auto,add_to_cart,desktop,affiliate,46,dummy
2026-07-29,auto,begin_checkout,desktop,affiliate,12,dummy
2026-07-29,auto,add_payment_info,desktop,affiliate,7,dummy
2026-07-29,auto,purchase,desktop,affiliate,7,dummy
2026-07-29,auto,page_view,desktop,referral,76,dummy
2026-07-29,auto,view_item,desktop,referral,46,dummy
2026-07-29,auto,add_to_cart,desktop,referral,22,dummy
2026-07-29,auto,begin_checkout,desktop,referral,8,dummy
2026-07-29,auto,add_payment_info,desktop,referral,5,dummy
2026-07-29,auto,purchase,desktop,referral,4,dummy
2026-07-29,auto,page_view,tablet,sea,118,dummy
2026-07-29,auto,view_item,tablet,sea,61,dummy
2026-07-29,auto,add_to_cart,tablet,sea,23,dummy
2026-07-29,auto,begin_checkout,tablet,sea,2,dummy
2026-07-29,auto,add_payment_info,tablet,sea,0,dummy
2026-07-29,auto,purchase,tablet,sea,0,dummy
2026-07-29,auto,page_view,tablet,seo,83,dummy
2026-07-29,auto,view_item,tablet,seo,37,dummy
2026-07-29,auto,add_to_cart,tablet,seo,15,dummy
2026-07-29,auto,begin_checkout,tablet,seo,3,dummy
2026-07-29,auto,add_payment_info,tablet,seo,1,dummy
2026-07-29,auto,purchase,tablet,seo,0,dummy
2026-07-29,auto,page_view,tablet,direct,52,dummy
2026-07-29,auto,view_item,tablet,direct,36,dummy
2026-07-29,auto,add_to_cart,tablet,direct,19,dummy
2026-07-29,auto,begin_checkout,tablet,direct,4,dummy
2026-07-29,auto,add_payment_info,tablet,direct,4,dummy
2026-07-29,auto,purchase,tablet,direct,3,dummy
2026-07-29,auto,page_view,tablet,email,30,dummy
2026-07-29,auto,view_item,tablet,email,18,dummy
2026-07-29,auto,add_to_cart,tablet,email,10,dummy
2026-07-29,auto,begin_checkout,tablet,email,5,dummy
2026-07-29,auto,add_payment_info,tablet,email,3,dummy
2026-07-29,auto,purchase,tablet,email,1,dummy
2026-07-29,auto,page_view,tablet,paid_social,33,dummy
2026-07-29,auto,view_item,tablet,paid_social,16,dummy
2026-07-29,auto,add_to_cart,tablet,paid_social,2,dummy
2026-07-29,auto,begin_checkout,tablet,paid_social,0,dummy
2026-07-29,auto,add_payment_info,tablet,paid_social,0,dummy
2026-07-29,auto,purchase,tablet,paid_social,0,dummy
2026-07-29,auto,page_view,tablet,affiliate,37,dummy
2026-07-29,auto,view_item,tablet,affiliate,13,dummy
2026-07-29,auto,add_to_cart,tablet,affiliate,8,dummy
2026-07-29,auto,begin_checkout,tablet,affiliate,0,dummy
2026-07-29,auto,add_payment_info,tablet,affiliate,0,dummy
2026-07-29,auto,purchase,tablet,affiliate,0,dummy
2026-07-29,auto,page_view,tablet,referral,16,dummy
2026-07-29,auto,view_item,tablet,referral,9,dummy
2026-07-29,auto,add_to_cart,tablet,referral,4,dummy
2026-07-29,auto,begin_checkout,tablet,referral,1,dummy
2026-07-29,auto,add_payment_info,tablet,referral,1,dummy
2026-07-29,auto,purchase,tablet,referral,0,dummy
2026-07-30,auto,page_view,mobile,sea,903,dummy
2026-07-30,auto,view_item,mobile,sea,344,dummy
2026-07-30,auto,add_to_cart,mobile,sea,118,dummy
2026-07-30,auto,begin_checkout,mobile,sea,24,dummy
2026-07-30,auto,add_payment_info,mobile,sea,14,dummy
2026-07-30,auto,purchase,mobile,sea,12,dummy
2026-07-30,auto,page_view,mobile,seo,739,dummy
2026-07-30,auto,view_item,mobile,seo,255,dummy
2026-07-30,auto,add_to_cart,mobile,seo,110,dummy
2026-07-30,auto,begin_checkout,mobile,seo,29,dummy
2026-07-30,auto,add_payment_info,mobile,seo,12,dummy
2026-07-30,auto,purchase,mobile,seo,11,dummy
2026-07-30,auto,page_view,mobile,direct,446,dummy
2026-07-30,auto,view_item,mobile,direct,172,dummy
2026-07-30,auto,add_to_cart,mobile,direct,68,dummy
2026-07-30,auto,begin_checkout,mobile,direct,19,dummy
2026-07-30,auto,add_payment_info,mobile,direct,13,dummy
2026-07-30,auto,purchase,mobile,direct,11,dummy
2026-07-30,auto,page_view,mobile,email,232,dummy
2026-07-30,auto,view_item,mobile,email,94,dummy
2026-07-30,auto,add_to_cart,mobile,email,47,dummy
2026-07-30,auto,begin_checkout,mobile,email,15,dummy
2026-07-30,auto,add_payment_info,mobile,email,12,dummy
2026-07-30,auto,purchase,mobile,email,11,dummy
2026-07-30,auto,page_view,mobile,paid_social,218,dummy
2026-07-30,auto,view_item,mobile,paid_social,86,dummy
2026-07-30,auto,add_to_cart,mobile,paid_social,31,dummy
2026-07-30,auto,begin_checkout,mobile,paid_social,8,dummy
2026-07-30,auto,add_payment_info,mobile,paid_social,5,dummy
2026-07-30,auto,purchase,mobile,paid_social,4,dummy
2026-07-30,auto,page_view,mobile,affiliate,286,dummy
2026-07-30,auto,view_item,mobile,affiliate,103,dummy
2026-07-30,auto,add_to_cart,mobile,affiliate,54,dummy
2026-07-30,auto,begin_checkout,mobile,affiliate,20,dummy
2026-07-30,auto,add_payment_info,mobile,affiliate,12,dummy
2026-07-30,auto,purchase,mobile,affiliate,10,dummy
2026-07-30,auto,page_view,mobile,referral,165,dummy
2026-07-30,auto,view_item,mobile,referral,55,dummy
2026-07-30,auto,add_to_cart,mobile,referral,26,dummy
2026-07-30,auto,begin_checkout,mobile,referral,13,dummy
2026-07-30,auto,add_payment_info,mobile,referral,10,dummy
2026-07-30,auto,purchase,mobile,referral,8,dummy
2026-07-30,auto,page_view,desktop,sea,481,dummy
2026-07-30,auto,view_item,desktop,sea,253,dummy
2026-07-30,auto,add_to_cart,desktop,sea,73,dummy
2026-07-30,auto,begin_checkout,desktop,sea,26,dummy
2026-07-30,auto,add_payment_info,desktop,sea,13,dummy
2026-07-30,auto,purchase,desktop,sea,13,dummy
2026-07-30,auto,page_view,desktop,seo,394,dummy
2026-07-30,auto,view_item,desktop,seo,213,dummy
2026-07-30,auto,add_to_cart,desktop,seo,93,dummy
2026-07-30,auto,begin_checkout,desktop,seo,29,dummy
2026-07-30,auto,add_payment_info,desktop,seo,19,dummy
2026-07-30,auto,purchase,desktop,seo,10,dummy
2026-07-30,auto,page_view,desktop,direct,260,dummy
2026-07-30,auto,view_item,desktop,direct,139,dummy
2026-07-30,auto,add_to_cart,desktop,direct,55,dummy
2026-07-30,auto,begin_checkout,desktop,direct,23,dummy
2026-07-30,auto,add_payment_info,desktop,direct,17,dummy
2026-07-30,auto,purchase,desktop,direct,14,dummy
2026-07-30,auto,page_view,desktop,email,125,dummy
2026-07-30,auto,view_item,desktop,email,75,dummy
2026-07-30,auto,add_to_cart,desktop,email,36,dummy
2026-07-30,auto,begin_checkout,desktop,email,12,dummy
2026-07-30,auto,add_payment_info,desktop,email,7,dummy
2026-07-30,auto,purchase,desktop,email,5,dummy
2026-07-30,auto,page_view,desktop,paid_social,116,dummy
2026-07-30,auto,view_item,desktop,paid_social,63,dummy
2026-07-30,auto,add_to_cart,desktop,paid_social,26,dummy
2026-07-30,auto,begin_checkout,desktop,paid_social,11,dummy
2026-07-30,auto,add_payment_info,desktop,paid_social,3,dummy
2026-07-30,auto,purchase,desktop,paid_social,2,dummy
2026-07-30,auto,page_view,desktop,affiliate,177,dummy
2026-07-30,auto,view_item,desktop,affiliate,95,dummy
2026-07-30,auto,add_to_cart,desktop,affiliate,40,dummy
2026-07-30,auto,begin_checkout,desktop,affiliate,11,dummy
2026-07-30,auto,add_payment_info,desktop,affiliate,7,dummy
2026-07-30,auto,purchase,desktop,affiliate,5,dummy
2026-07-30,auto,page_view,desktop,referral,78,dummy
2026-07-30,auto,view_item,desktop,referral,31,dummy
2026-07-30,auto,add_to_cart,desktop,referral,13,dummy
2026-07-30,auto,begin_checkout,desktop,referral,3,dummy
2026-07-30,auto,add_payment_info,desktop,referral,2,dummy
2026-07-30,auto,purchase,desktop,referral,2,dummy
2026-07-30,auto,page_view,tablet,sea,109,dummy
2026-07-30,auto,view_item,tablet,sea,58,dummy
2026-07-30,auto,add_to_cart,tablet,sea,16,dummy
2026-07-30,auto,begin_checkout,tablet,sea,4,dummy
2026-07-30,auto,add_payment_info,tablet,sea,2,dummy
2026-07-30,auto,purchase,tablet,sea,1,dummy
2026-07-30,auto,page_view,tablet,seo,94,dummy
2026-07-30,auto,view_item,tablet,seo,51,dummy
2026-07-30,auto,add_to_cart,tablet,seo,21,dummy
2026-07-30,auto,begin_checkout,tablet,seo,7,dummy
2026-07-30,auto,add_payment_info,tablet,seo,5,dummy
2026-07-30,auto,purchase,tablet,seo,4,dummy
2026-07-30,auto,page_view,tablet,direct,62,dummy
2026-07-30,auto,view_item,tablet,direct,33,dummy
2026-07-30,auto,add_to_cart,tablet,direct,15,dummy
2026-07-30,auto,begin_checkout,tablet,direct,6,dummy
2026-07-30,auto,add_payment_info,tablet,direct,3,dummy
2026-07-30,auto,purchase,tablet,direct,3,dummy
2026-07-30,auto,page_view,tablet,email,23,dummy
2026-07-30,auto,view_item,tablet,email,12,dummy
2026-07-30,auto,add_to_cart,tablet,email,7,dummy
2026-07-30,auto,begin_checkout,tablet,email,1,dummy
2026-07-30,auto,add_payment_info,tablet,email,0,dummy
2026-07-30,auto,purchase,tablet,email,0,dummy
2026-07-30,auto,page_view,tablet,paid_social,27,dummy
2026-07-30,auto,view_item,tablet,paid_social,10,dummy
2026-07-30,auto,add_to_cart,tablet,paid_social,6,dummy
2026-07-30,auto,begin_checkout,tablet,paid_social,1,dummy
2026-07-30,auto,add_payment_info,tablet,paid_social,1,dummy
2026-07-30,auto,purchase,tablet,paid_social,1,dummy
2026-07-30,auto,page_view,tablet,affiliate,43,dummy
2026-07-30,auto,view_item,tablet,affiliate,20,dummy
2026-07-30,auto,add_to_cart,tablet,affiliate,8,dummy
2026-07-30,auto,begin_checkout,tablet,affiliate,4,dummy
2026-07-30,auto,add_payment_info,tablet,affiliate,2,dummy
2026-07-30,auto,purchase,tablet,affiliate,2,dummy
2026-07-30,auto,page_view,tablet,referral,20,dummy
2026-07-30,auto,view_item,tablet,referral,12,dummy
2026-07-30,auto,add_to_cart,tablet,referral,4,dummy
2026-07-30,auto,begin_checkout,tablet,referral,0,dummy
2026-07-30,auto,add_payment_info,tablet,referral,0,dummy
2026-07-30,auto,purchase,tablet,referral,0,dummy
2026-07-31,auto,page_view,mobile,sea,904,dummy
2026-07-31,auto,view_item,mobile,sea,340,dummy
2026-07-31,auto,add_to_cart,mobile,sea,109,dummy
2026-07-31,auto,begin_checkout,mobile,sea,34,dummy
2026-07-31,auto,add_payment_info,mobile,sea,23,dummy
2026-07-31,auto,purchase,mobile,sea,21,dummy
2026-07-31,auto,page_view,mobile,seo,744,dummy
2026-07-31,auto,view_item,mobile,seo,284,dummy
2026-07-31,auto,add_to_cart,mobile,seo,118,dummy
2026-07-31,auto,begin_checkout,mobile,seo,36,dummy
2026-07-31,auto,add_payment_info,mobile,seo,20,dummy
2026-07-31,auto,purchase,mobile,seo,16,dummy
2026-07-31,auto,page_view,mobile,direct,464,dummy
2026-07-31,auto,view_item,mobile,direct,174,dummy
2026-07-31,auto,add_to_cart,mobile,direct,82,dummy
2026-07-31,auto,begin_checkout,mobile,direct,29,dummy
2026-07-31,auto,add_payment_info,mobile,direct,17,dummy
2026-07-31,auto,purchase,mobile,direct,13,dummy
2026-07-31,auto,page_view,mobile,email,252,dummy
2026-07-31,auto,view_item,mobile,email,90,dummy
2026-07-31,auto,add_to_cart,mobile,email,42,dummy
2026-07-31,auto,begin_checkout,mobile,email,16,dummy
2026-07-31,auto,add_payment_info,mobile,email,11,dummy
2026-07-31,auto,purchase,mobile,email,11,dummy
2026-07-31,auto,page_view,mobile,paid_social,212,dummy
2026-07-31,auto,view_item,mobile,paid_social,93,dummy
2026-07-31,auto,add_to_cart,mobile,paid_social,37,dummy
2026-07-31,auto,begin_checkout,mobile,paid_social,14,dummy
2026-07-31,auto,add_payment_info,mobile,paid_social,9,dummy
2026-07-31,auto,purchase,mobile,paid_social,6,dummy
2026-07-31,auto,page_view,mobile,affiliate,278,dummy
2026-07-31,auto,view_item,mobile,affiliate,108,dummy
2026-07-31,auto,add_to_cart,mobile,affiliate,43,dummy
2026-07-31,auto,begin_checkout,mobile,affiliate,8,dummy
2026-07-31,auto,add_payment_info,mobile,affiliate,7,dummy
2026-07-31,auto,purchase,mobile,affiliate,7,dummy
2026-07-31,auto,page_view,mobile,referral,153,dummy
2026-07-31,auto,view_item,mobile,referral,60,dummy
2026-07-31,auto,add_to_cart,mobile,referral,25,dummy
2026-07-31,auto,begin_checkout,mobile,referral,9,dummy
2026-07-31,auto,add_payment_info,mobile,referral,5,dummy
2026-07-31,auto,purchase,mobile,referral,5,dummy
2026-07-31,auto,page_view,desktop,sea,489,dummy
2026-07-31,auto,view_item,desktop,sea,246,dummy
2026-07-31,auto,add_to_cart,desktop,sea,85,dummy
2026-07-31,auto,begin_checkout,desktop,sea,29,dummy
2026-07-31,auto,add_payment_info,desktop,sea,20,dummy
2026-07-31,auto,purchase,desktop,sea,15,dummy
2026-07-31,auto,page_view,desktop,seo,403,dummy
2026-07-31,auto,view_item,desktop,seo,223,dummy
2026-07-31,auto,add_to_cart,desktop,seo,86,dummy
2026-07-31,auto,begin_checkout,desktop,seo,20,dummy
2026-07-31,auto,add_payment_info,desktop,seo,14,dummy
2026-07-31,auto,purchase,desktop,seo,11,dummy
2026-07-31,auto,page_view,desktop,direct,240,dummy
2026-07-31,auto,view_item,desktop,direct,137,dummy
2026-07-31,auto,add_to_cart,desktop,direct,62,dummy
2026-07-31,auto,begin_checkout,desktop,direct,14,dummy
2026-07-31,auto,add_payment_info,desktop,direct,8,dummy
2026-07-31,auto,purchase,desktop,direct,6,dummy
2026-07-31,auto,page_view,desktop,email,149,dummy
2026-07-31,auto,view_item,desktop,email,71,dummy
2026-07-31,auto,add_to_cart,desktop,email,27,dummy
2026-07-31,auto,begin_checkout,desktop,email,14,dummy
2026-07-31,auto,add_payment_info,desktop,email,11,dummy
2026-07-31,auto,purchase,desktop,email,11,dummy
2026-07-31,auto,page_view,desktop,paid_social,104,dummy
2026-07-31,auto,view_item,desktop,paid_social,59,dummy
2026-07-31,auto,add_to_cart,desktop,paid_social,25,dummy
2026-07-31,auto,begin_checkout,desktop,paid_social,7,dummy
2026-07-31,auto,add_payment_info,desktop,paid_social,5,dummy
2026-07-31,auto,purchase,desktop,paid_social,4,dummy
2026-07-31,auto,page_view,desktop,affiliate,154,dummy
2026-07-31,auto,view_item,desktop,affiliate,84,dummy
2026-07-31,auto,add_to_cart,desktop,affiliate,35,dummy
2026-07-31,auto,begin_checkout,desktop,affiliate,8,dummy
2026-07-31,auto,add_payment_info,desktop,affiliate,6,dummy
2026-07-31,auto,purchase,desktop,affiliate,5,dummy
2026-07-31,auto,page_view,desktop,referral,90,dummy
2026-07-31,auto,view_item,desktop,referral,47,dummy
2026-07-31,auto,add_to_cart,desktop,referral,20,dummy
2026-07-31,auto,begin_checkout,desktop,referral,3,dummy
2026-07-31,auto,add_payment_info,desktop,referral,2,dummy
2026-07-31,auto,purchase,desktop,referral,2,dummy
2026-07-31,auto,page_view,tablet,sea,106,dummy
2026-07-31,auto,view_item,tablet,sea,49,dummy
2026-07-31,auto,add_to_cart,tablet,sea,19,dummy
2026-07-31,auto,begin_checkout,tablet,sea,5,dummy
2026-07-31,auto,add_payment_info,tablet,sea,4,dummy
2026-07-31,auto,purchase,tablet,sea,3,dummy
2026-07-31,auto,page_view,tablet,seo,82,dummy
2026-07-31,auto,view_item,tablet,seo,40,dummy
2026-07-31,auto,add_to_cart,tablet,seo,16,dummy
2026-07-31,auto,begin_checkout,tablet,seo,1,dummy
2026-07-31,auto,add_payment_info,tablet,seo,1,dummy
2026-07-31,auto,purchase,tablet,seo,1,dummy
2026-07-31,auto,page_view,tablet,direct,50,dummy
2026-07-31,auto,view_item,tablet,direct,24,dummy
2026-07-31,auto,add_to_cart,tablet,direct,9,dummy
2026-07-31,auto,begin_checkout,tablet,direct,2,dummy
2026-07-31,auto,add_payment_info,tablet,direct,2,dummy
2026-07-31,auto,purchase,tablet,direct,1,dummy
2026-07-31,auto,page_view,tablet,email,31,dummy
2026-07-31,auto,view_item,tablet,email,17,dummy
2026-07-31,auto,add_to_cart,tablet,email,6,dummy
2026-07-31,auto,begin_checkout,tablet,email,2,dummy
2026-07-31,auto,add_payment_info,tablet,email,1,dummy
2026-07-31,auto,purchase,tablet,email,1,dummy
2026-07-31,auto,page_view,tablet,paid_social,29,dummy
2026-07-31,auto,view_item,tablet,paid_social,13,dummy
2026-07-31,auto,add_to_cart,tablet,paid_social,5,dummy
2026-07-31,auto,begin_checkout,tablet,paid_social,2,dummy
2026-07-31,auto,add_payment_info,tablet,paid_social,0,dummy
2026-07-31,auto,purchase,tablet,paid_social,0,dummy
2026-07-31,auto,page_view,tablet,affiliate,37,dummy
2026-07-31,auto,view_item,tablet,affiliate,17,dummy
2026-07-31,auto,add_to_cart,tablet,affiliate,9,dummy
2026-07-31,auto,begin_checkout,tablet,affiliate,1,dummy
2026-07-31,auto,add_payment_info,tablet,affiliate,0,dummy
2026-07-31,auto,purchase,tablet,affiliate,0,dummy
2026-07-31,auto,page_view,tablet,referral,23,dummy
2026-07-31,auto,view_item,tablet,referral,10,dummy
2026-07-31,auto,add_to_cart,tablet,referral,3,dummy
2026-07-31,auto,begin_checkout,tablet,referral,1,dummy
2026-07-31,auto,add_payment_info,tablet,referral,0,dummy
2026-07-31,auto,purchase,tablet,referral,0,dummy
2026-08-01,auto,page_view,mobile,sea,728,dummy
2026-08-01,auto,view_item,mobile,sea,263,dummy
2026-08-01,auto,add_to_cart,mobile,sea,92,dummy
2026-08-01,auto,begin_checkout,mobile,sea,29,dummy
2026-08-01,auto,add_payment_info,mobile,sea,16,dummy
2026-08-01,auto,purchase,mobile,sea,14,dummy
2026-08-01,auto,page_view,mobile,seo,621,dummy
2026-08-01,auto,view_item,mobile,seo,239,dummy
2026-08-01,auto,add_to_cart,mobile,seo,112,dummy
2026-08-01,auto,begin_checkout,mobile,seo,26,dummy
2026-08-01,auto,add_payment_info,mobile,seo,18,dummy
2026-08-01,auto,purchase,mobile,seo,14,dummy
2026-08-01,auto,page_view,mobile,direct,347,dummy
2026-08-01,auto,view_item,mobile,direct,141,dummy
2026-08-01,auto,add_to_cart,mobile,direct,60,dummy
2026-08-01,auto,begin_checkout,mobile,direct,18,dummy
2026-08-01,auto,add_payment_info,mobile,direct,11,dummy
2026-08-01,auto,purchase,mobile,direct,7,dummy
2026-08-01,auto,page_view,mobile,email,179,dummy
2026-08-01,auto,view_item,mobile,email,69,dummy
2026-08-01,auto,add_to_cart,mobile,email,35,dummy
2026-08-01,auto,begin_checkout,mobile,email,11,dummy
2026-08-01,auto,add_payment_info,mobile,email,8,dummy
2026-08-01,auto,purchase,mobile,email,7,dummy
2026-08-01,auto,page_view,mobile,paid_social,154,dummy
2026-08-01,auto,view_item,mobile,paid_social,60,dummy
2026-08-01,auto,add_to_cart,mobile,paid_social,27,dummy
2026-08-01,auto,begin_checkout,mobile,paid_social,7,dummy
2026-08-01,auto,add_payment_info,mobile,paid_social,5,dummy
2026-08-01,auto,purchase,mobile,paid_social,2,dummy
2026-08-01,auto,page_view,mobile,affiliate,227,dummy
2026-08-01,auto,view_item,mobile,affiliate,85,dummy
2026-08-01,auto,add_to_cart,mobile,affiliate,39,dummy
2026-08-01,auto,begin_checkout,mobile,affiliate,14,dummy
2026-08-01,auto,add_payment_info,mobile,affiliate,10,dummy
2026-08-01,auto,purchase,mobile,affiliate,10,dummy
2026-08-01,auto,page_view,mobile,referral,134,dummy
2026-08-01,auto,view_item,mobile,referral,55,dummy
2026-08-01,auto,add_to_cart,mobile,referral,26,dummy
2026-08-01,auto,begin_checkout,mobile,referral,7,dummy
2026-08-01,auto,add_payment_info,mobile,referral,5,dummy
2026-08-01,auto,purchase,mobile,referral,4,dummy
2026-08-01,auto,page_view,desktop,sea,392,dummy
2026-08-01,auto,view_item,desktop,sea,218,dummy
2026-08-01,auto,add_to_cart,desktop,sea,78,dummy
2026-08-01,auto,begin_checkout,desktop,sea,27,dummy
2026-08-01,auto,add_payment_info,desktop,sea,20,dummy
2026-08-01,auto,purchase,desktop,sea,18,dummy
2026-08-01,auto,page_view,desktop,seo,347,dummy
2026-08-01,auto,view_item,desktop,seo,201,dummy
2026-08-01,auto,add_to_cart,desktop,seo,84,dummy
2026-08-01,auto,begin_checkout,desktop,seo,23,dummy
2026-08-01,auto,add_payment_info,desktop,seo,12,dummy
2026-08-01,auto,purchase,desktop,seo,12,dummy
2026-08-01,auto,page_view,desktop,direct,196,dummy
2026-08-01,auto,view_item,desktop,direct,106,dummy
2026-08-01,auto,add_to_cart,desktop,direct,63,dummy
2026-08-01,auto,begin_checkout,desktop,direct,18,dummy
2026-08-01,auto,add_payment_info,desktop,direct,15,dummy
2026-08-01,auto,purchase,desktop,direct,14,dummy
2026-08-01,auto,page_view,desktop,email,97,dummy
2026-08-01,auto,view_item,desktop,email,58,dummy
2026-08-01,auto,add_to_cart,desktop,email,25,dummy
2026-08-01,auto,begin_checkout,desktop,email,8,dummy
2026-08-01,auto,add_payment_info,desktop,email,6,dummy
2026-08-01,auto,purchase,desktop,email,3,dummy
2026-08-01,auto,page_view,desktop,paid_social,86,dummy
2026-08-01,auto,view_item,desktop,paid_social,45,dummy
2026-08-01,auto,add_to_cart,desktop,paid_social,12,dummy
2026-08-01,auto,begin_checkout,desktop,paid_social,1,dummy
2026-08-01,auto,add_payment_info,desktop,paid_social,0,dummy
2026-08-01,auto,purchase,desktop,paid_social,0,dummy
2026-08-01,auto,page_view,desktop,affiliate,136,dummy
2026-08-01,auto,view_item,desktop,affiliate,75,dummy
2026-08-01,auto,add_to_cart,desktop,affiliate,30,dummy
2026-08-01,auto,begin_checkout,desktop,affiliate,8,dummy
2026-08-01,auto,add_payment_info,desktop,affiliate,3,dummy
2026-08-01,auto,purchase,desktop,affiliate,3,dummy
2026-08-01,auto,page_view,desktop,referral,61,dummy
2026-08-01,auto,view_item,desktop,referral,39,dummy
2026-08-01,auto,add_to_cart,desktop,referral,13,dummy
2026-08-01,auto,begin_checkout,desktop,referral,2,dummy
2026-08-01,auto,add_payment_info,desktop,referral,2,dummy
2026-08-01,auto,purchase,desktop,referral,2,dummy
2026-08-01,auto,page_view,tablet,sea,82,dummy
2026-08-01,auto,view_item,tablet,sea,51,dummy
2026-08-01,auto,add_to_cart,tablet,sea,13,dummy
2026-08-01,auto,begin_checkout,tablet,sea,1,dummy
2026-08-01,auto,add_payment_info,tablet,sea,1,dummy
2026-08-01,auto,purchase,tablet,sea,1,dummy
2026-08-01,auto,page_view,tablet,seo,77,dummy
2026-08-01,auto,view_item,tablet,seo,48,dummy
2026-08-01,auto,add_to_cart,tablet,seo,18,dummy
2026-08-01,auto,begin_checkout,tablet,seo,6,dummy
2026-08-01,auto,add_payment_info,tablet,seo,3,dummy
2026-08-01,auto,purchase,tablet,seo,1,dummy
2026-08-01,auto,page_view,tablet,direct,47,dummy
2026-08-01,auto,view_item,tablet,direct,18,dummy
2026-08-01,auto,add_to_cart,tablet,direct,9,dummy
2026-08-01,auto,begin_checkout,tablet,direct,6,dummy
2026-08-01,auto,add_payment_info,tablet,direct,5,dummy
2026-08-01,auto,purchase,tablet,direct,5,dummy
2026-08-01,auto,page_view,tablet,email,25,dummy
2026-08-01,auto,view_item,tablet,email,13,dummy
2026-08-01,auto,add_to_cart,tablet,email,4,dummy
2026-08-01,auto,begin_checkout,tablet,email,2,dummy
2026-08-01,auto,add_payment_info,tablet,email,2,dummy
2026-08-01,auto,purchase,tablet,email,0,dummy
2026-08-01,auto,page_view,tablet,paid_social,14,dummy
2026-08-01,auto,view_item,tablet,paid_social,6,dummy
2026-08-01,auto,add_to_cart,tablet,paid_social,2,dummy
2026-08-01,auto,begin_checkout,tablet,paid_social,0,dummy
2026-08-01,auto,add_payment_info,tablet,paid_social,0,dummy
2026-08-01,auto,purchase,tablet,paid_social,0,dummy
2026-08-01,auto,page_view,tablet,affiliate,29,dummy
2026-08-01,auto,view_item,tablet,affiliate,12,dummy
2026-08-01,auto,add_to_cart,tablet,affiliate,4,dummy
2026-08-01,auto,begin_checkout,tablet,affiliate,0,dummy
2026-08-01,auto,add_payment_info,tablet,affiliate,0,dummy
2026-08-01,auto,purchase,tablet,affiliate,0,dummy
2026-08-01,auto,page_view,tablet,referral,12,dummy
2026-08-01,auto,view_item,tablet,referral,7,dummy
2026-08-01,auto,add_to_cart,tablet,referral,3,dummy
2026-08-01,auto,begin_checkout,tablet,referral,2,dummy
2026-08-01,auto,add_payment_info,tablet,referral,1,dummy
2026-08-01,auto,purchase,tablet,referral,0,dummy
2026-08-02,auto,page_view,mobile,sea,700,dummy
2026-08-02,auto,view_item,mobile,sea,282,dummy
2026-08-02,auto,add_to_cart,mobile,sea,96,dummy
2026-08-02,auto,begin_checkout,mobile,sea,26,dummy
2026-08-02,auto,add_payment_info,mobile,sea,15,dummy
2026-08-02,auto,purchase,mobile,sea,13,dummy
2026-08-02,auto,page_view,mobile,seo,634,dummy
2026-08-02,auto,view_item,mobile,seo,243,dummy
2026-08-02,auto,add_to_cart,mobile,seo,107,dummy
2026-08-02,auto,begin_checkout,mobile,seo,35,dummy
2026-08-02,auto,add_payment_info,mobile,seo,20,dummy
2026-08-02,auto,purchase,mobile,seo,16,dummy
2026-08-02,auto,page_view,mobile,direct,346,dummy
2026-08-02,auto,view_item,mobile,direct,130,dummy
2026-08-02,auto,add_to_cart,mobile,direct,58,dummy
2026-08-02,auto,begin_checkout,mobile,direct,23,dummy
2026-08-02,auto,add_payment_info,mobile,direct,16,dummy
2026-08-02,auto,purchase,mobile,direct,14,dummy
2026-08-02,auto,page_view,mobile,email,182,dummy
2026-08-02,auto,view_item,mobile,email,72,dummy
2026-08-02,auto,add_to_cart,mobile,email,37,dummy
2026-08-02,auto,begin_checkout,mobile,email,10,dummy
2026-08-02,auto,add_payment_info,mobile,email,6,dummy
2026-08-02,auto,purchase,mobile,email,4,dummy
2026-08-02,auto,page_view,mobile,paid_social,172,dummy
2026-08-02,auto,view_item,mobile,paid_social,63,dummy
2026-08-02,auto,add_to_cart,mobile,paid_social,31,dummy
2026-08-02,auto,begin_checkout,mobile,paid_social,11,dummy
2026-08-02,auto,add_payment_info,mobile,paid_social,7,dummy
2026-08-02,auto,purchase,mobile,paid_social,4,dummy
2026-08-02,auto,page_view,mobile,affiliate,248,dummy
2026-08-02,auto,view_item,mobile,affiliate,100,dummy
2026-08-02,auto,add_to_cart,mobile,affiliate,41,dummy
2026-08-02,auto,begin_checkout,mobile,affiliate,11,dummy
2026-08-02,auto,add_payment_info,mobile,affiliate,6,dummy
2026-08-02,auto,purchase,mobile,affiliate,3,dummy
2026-08-02,auto,page_view,mobile,referral,138,dummy
2026-08-02,auto,view_item,mobile,referral,64,dummy
2026-08-02,auto,add_to_cart,mobile,referral,26,dummy
2026-08-02,auto,begin_checkout,mobile,referral,9,dummy
2026-08-02,auto,add_payment_info,mobile,referral,6,dummy
2026-08-02,auto,purchase,mobile,referral,4,dummy
2026-08-02,auto,page_view,desktop,sea,389,dummy
2026-08-02,auto,view_item,desktop,sea,213,dummy
2026-08-02,auto,add_to_cart,desktop,sea,79,dummy
2026-08-02,auto,begin_checkout,desktop,sea,26,dummy
2026-08-02,auto,add_payment_info,desktop,sea,17,dummy
2026-08-02,auto,purchase,desktop,sea,16,dummy
2026-08-02,auto,page_view,desktop,seo,326,dummy
2026-08-02,auto,view_item,desktop,seo,190,dummy
2026-08-02,auto,add_to_cart,desktop,seo,95,dummy
2026-08-02,auto,begin_checkout,desktop,seo,27,dummy
2026-08-02,auto,add_payment_info,desktop,seo,14,dummy
2026-08-02,auto,purchase,desktop,seo,10,dummy
2026-08-02,auto,page_view,desktop,direct,173,dummy
2026-08-02,auto,view_item,desktop,direct,91,dummy
2026-08-02,auto,add_to_cart,desktop,direct,41,dummy
2026-08-02,auto,begin_checkout,desktop,direct,12,dummy
2026-08-02,auto,add_payment_info,desktop,direct,7,dummy
2026-08-02,auto,purchase,desktop,direct,5,dummy
2026-08-02,auto,page_view,desktop,email,108,dummy
2026-08-02,auto,view_item,desktop,email,63,dummy
2026-08-02,auto,add_to_cart,desktop,email,26,dummy
2026-08-02,auto,begin_checkout,desktop,email,7,dummy
2026-08-02,auto,add_payment_info,desktop,email,4,dummy
2026-08-02,auto,purchase,desktop,email,4,dummy
2026-08-02,auto,page_view,desktop,paid_social,80,dummy
2026-08-02,auto,view_item,desktop,paid_social,46,dummy
2026-08-02,auto,add_to_cart,desktop,paid_social,16,dummy
2026-08-02,auto,begin_checkout,desktop,paid_social,5,dummy
2026-08-02,auto,add_payment_info,desktop,paid_social,4,dummy
2026-08-02,auto,purchase,desktop,paid_social,0,dummy
2026-08-02,auto,page_view,desktop,affiliate,151,dummy
2026-08-02,auto,view_item,desktop,affiliate,84,dummy
2026-08-02,auto,add_to_cart,desktop,affiliate,41,dummy
2026-08-02,auto,begin_checkout,desktop,affiliate,13,dummy
2026-08-02,auto,add_payment_info,desktop,affiliate,9,dummy
2026-08-02,auto,purchase,desktop,affiliate,6,dummy
2026-08-02,auto,page_view,desktop,referral,62,dummy
2026-08-02,auto,view_item,desktop,referral,35,dummy
2026-08-02,auto,add_to_cart,desktop,referral,18,dummy
2026-08-02,auto,begin_checkout,desktop,referral,5,dummy
2026-08-02,auto,add_payment_info,desktop,referral,4,dummy
2026-08-02,auto,purchase,desktop,referral,3,dummy
2026-08-02,auto,page_view,tablet,sea,86,dummy
2026-08-02,auto,view_item,tablet,sea,46,dummy
2026-08-02,auto,add_to_cart,tablet,sea,15,dummy
2026-08-02,auto,begin_checkout,tablet,sea,4,dummy
2026-08-02,auto,add_payment_info,tablet,sea,4,dummy
2026-08-02,auto,purchase,tablet,sea,3,dummy
2026-08-02,auto,page_view,tablet,seo,70,dummy
2026-08-02,auto,view_item,tablet,seo,40,dummy
2026-08-02,auto,add_to_cart,tablet,seo,15,dummy
2026-08-02,auto,begin_checkout,tablet,seo,4,dummy
2026-08-02,auto,add_payment_info,tablet,seo,3,dummy
2026-08-02,auto,purchase,tablet,seo,3,dummy
2026-08-02,auto,page_view,tablet,direct,46,dummy
2026-08-02,auto,view_item,tablet,direct,26,dummy
2026-08-02,auto,add_to_cart,tablet,direct,14,dummy
2026-08-02,auto,begin_checkout,tablet,direct,4,dummy
2026-08-02,auto,add_payment_info,tablet,direct,1,dummy
2026-08-02,auto,purchase,tablet,direct,1,dummy
2026-08-02,auto,page_view,tablet,email,26,dummy
2026-08-02,auto,view_item,tablet,email,11,dummy
2026-08-02,auto,add_to_cart,tablet,email,5,dummy
2026-08-02,auto,begin_checkout,tablet,email,3,dummy
2026-08-02,auto,add_payment_info,tablet,email,3,dummy
2026-08-02,auto,purchase,tablet,email,3,dummy
2026-08-02,auto,page_view,tablet,paid_social,15,dummy
2026-08-02,auto,view_item,tablet,paid_social,3,dummy
2026-08-02,auto,add_to_cart,tablet,paid_social,0,dummy
2026-08-02,auto,begin_checkout,tablet,paid_social,0,dummy
2026-08-02,auto,add_payment_info,tablet,paid_social,0,dummy
2026-08-02,auto,purchase,tablet,paid_social,0,dummy
2026-08-02,auto,page_view,tablet,affiliate,29,dummy
2026-08-02,auto,view_item,tablet,affiliate,19,dummy
2026-08-02,auto,add_to_cart,tablet,affiliate,11,dummy
2026-08-02,auto,begin_checkout,tablet,affiliate,6,dummy
2026-08-02,auto,add_payment_info,tablet,affiliate,4,dummy
2026-08-02,auto,purchase,tablet,affiliate,3,dummy
2026-08-02,auto,page_view,tablet,referral,23,dummy
2026-08-02,auto,view_item,tablet,referral,16,dummy
2026-08-02,auto,add_to_cart,tablet,referral,6,dummy
2026-08-02,auto,begin_checkout,tablet,referral,1,dummy
2026-08-02,auto,add_payment_info,tablet,referral,0,dummy
2026-08-02,auto,purchase,tablet,referral,0,dummy
2026-08-03,auto,page_view,mobile,sea,900,dummy
2026-08-03,auto,view_item,mobile,sea,345,dummy
2026-08-03,auto,add_to_cart,mobile,sea,115,dummy
2026-08-03,auto,begin_checkout,mobile,sea,39,dummy
2026-08-03,auto,add_payment_info,mobile,sea,22,dummy
2026-08-03,auto,purchase,mobile,sea,19,dummy
2026-08-03,auto,page_view,mobile,seo,802,dummy
2026-08-03,auto,view_item,mobile,seo,325,dummy
2026-08-03,auto,add_to_cart,mobile,seo,155,dummy
2026-08-03,auto,begin_checkout,mobile,seo,45,dummy
2026-08-03,auto,add_payment_info,mobile,seo,30,dummy
2026-08-03,auto,purchase,mobile,seo,24,dummy
2026-08-03,auto,page_view,mobile,direct,440,dummy
2026-08-03,auto,view_item,mobile,direct,185,dummy
2026-08-03,auto,add_to_cart,mobile,direct,90,dummy
2026-08-03,auto,begin_checkout,mobile,direct,30,dummy
2026-08-03,auto,add_payment_info,mobile,direct,19,dummy
2026-08-03,auto,purchase,mobile,direct,15,dummy
2026-08-03,auto,page_view,mobile,email,250,dummy
2026-08-03,auto,view_item,mobile,email,102,dummy
2026-08-03,auto,add_to_cart,mobile,email,55,dummy
2026-08-03,auto,begin_checkout,mobile,email,24,dummy
2026-08-03,auto,add_payment_info,mobile,email,11,dummy
2026-08-03,auto,purchase,mobile,email,11,dummy
2026-08-03,auto,page_view,mobile,paid_social,237,dummy
2026-08-03,auto,view_item,mobile,paid_social,74,dummy
2026-08-03,auto,add_to_cart,mobile,paid_social,38,dummy
2026-08-03,auto,begin_checkout,mobile,paid_social,8,dummy
2026-08-03,auto,add_payment_info,mobile,paid_social,4,dummy
2026-08-03,auto,purchase,mobile,paid_social,3,dummy
2026-08-03,auto,page_view,mobile,affiliate,302,dummy
2026-08-03,auto,view_item,mobile,affiliate,121,dummy
2026-08-03,auto,add_to_cart,mobile,affiliate,54,dummy
2026-08-03,auto,begin_checkout,mobile,affiliate,16,dummy
2026-08-03,auto,add_payment_info,mobile,affiliate,9,dummy
2026-08-03,auto,purchase,mobile,affiliate,7,dummy
2026-08-03,auto,page_view,mobile,referral,144,dummy
2026-08-03,auto,view_item,mobile,referral,56,dummy
2026-08-03,auto,add_to_cart,mobile,referral,23,dummy
2026-08-03,auto,begin_checkout,mobile,referral,9,dummy
2026-08-03,auto,add_payment_info,mobile,referral,6,dummy
2026-08-03,auto,purchase,mobile,referral,6,dummy
2026-08-03,auto,page_view,desktop,sea,524,dummy
2026-08-03,auto,view_item,desktop,sea,285,dummy
2026-08-03,auto,add_to_cart,desktop,sea,96,dummy
2026-08-03,auto,begin_checkout,desktop,sea,35,dummy
2026-08-03,auto,add_payment_info,desktop,sea,22,dummy
2026-08-03,auto,purchase,desktop,sea,19,dummy
2026-08-03,auto,page_view,desktop,seo,395,dummy
2026-08-03,auto,view_item,desktop,seo,230,dummy
2026-08-03,auto,add_to_cart,desktop,seo,96,dummy
2026-08-03,auto,begin_checkout,desktop,seo,20,dummy
2026-08-03,auto,add_payment_info,desktop,seo,12,dummy
2026-08-03,auto,purchase,desktop,seo,9,dummy
2026-08-03,auto,page_view,desktop,direct,257,dummy
2026-08-03,auto,view_item,desktop,direct,130,dummy
2026-08-03,auto,add_to_cart,desktop,direct,62,dummy
2026-08-03,auto,begin_checkout,desktop,direct,17,dummy
2026-08-03,auto,add_payment_info,desktop,direct,11,dummy
2026-08-03,auto,purchase,desktop,direct,11,dummy
2026-08-03,auto,page_view,desktop,email,153,dummy
2026-08-03,auto,view_item,desktop,email,71,dummy
2026-08-03,auto,add_to_cart,desktop,email,33,dummy
2026-08-03,auto,begin_checkout,desktop,email,12,dummy
2026-08-03,auto,add_payment_info,desktop,email,8,dummy
2026-08-03,auto,purchase,desktop,email,7,dummy
2026-08-03,auto,page_view,desktop,paid_social,110,dummy
2026-08-03,auto,view_item,desktop,paid_social,62,dummy
2026-08-03,auto,add_to_cart,desktop,paid_social,29,dummy
2026-08-03,auto,begin_checkout,desktop,paid_social,10,dummy
2026-08-03,auto,add_payment_info,desktop,paid_social,6,dummy
2026-08-03,auto,purchase,desktop,paid_social,5,dummy
2026-08-03,auto,page_view,desktop,affiliate,156,dummy
2026-08-03,auto,view_item,desktop,affiliate,87,dummy
2026-08-03,auto,add_to_cart,desktop,affiliate,33,dummy
2026-08-03,auto,begin_checkout,desktop,affiliate,9,dummy
2026-08-03,auto,add_payment_info,desktop,affiliate,8,dummy
2026-08-03,auto,purchase,desktop,affiliate,6,dummy
2026-08-03,auto,page_view,desktop,referral,82,dummy
2026-08-03,auto,view_item,desktop,referral,45,dummy
2026-08-03,auto,add_to_cart,desktop,referral,21,dummy
2026-08-03,auto,begin_checkout,desktop,referral,6,dummy
2026-08-03,auto,add_payment_info,desktop,referral,5,dummy
2026-08-03,auto,purchase,desktop,referral,4,dummy
2026-08-03,auto,page_view,tablet,sea,96,dummy
2026-08-03,auto,view_item,tablet,sea,53,dummy
2026-08-03,auto,add_to_cart,tablet,sea,13,dummy
2026-08-03,auto,begin_checkout,tablet,sea,5,dummy
2026-08-03,auto,add_payment_info,tablet,sea,5,dummy
2026-08-03,auto,purchase,tablet,sea,4,dummy
2026-08-03,auto,page_view,tablet,seo,99,dummy
2026-08-03,auto,view_item,tablet,seo,55,dummy
2026-08-03,auto,add_to_cart,tablet,seo,17,dummy
2026-08-03,auto,begin_checkout,tablet,seo,6,dummy
2026-08-03,auto,add_payment_info,tablet,seo,4,dummy
2026-08-03,auto,purchase,tablet,seo,4,dummy
2026-08-03,auto,page_view,tablet,direct,50,dummy
2026-08-03,auto,view_item,tablet,direct,27,dummy
2026-08-03,auto,add_to_cart,tablet,direct,12,dummy
2026-08-03,auto,begin_checkout,tablet,direct,6,dummy
2026-08-03,auto,add_payment_info,tablet,direct,5,dummy
2026-08-03,auto,purchase,tablet,direct,5,dummy
2026-08-03,auto,page_view,tablet,email,33,dummy
2026-08-03,auto,view_item,tablet,email,18,dummy
2026-08-03,auto,add_to_cart,tablet,email,11,dummy
2026-08-03,auto,begin_checkout,tablet,email,4,dummy
2026-08-03,auto,add_payment_info,tablet,email,3,dummy
2026-08-03,auto,purchase,tablet,email,1,dummy
2026-08-03,auto,page_view,tablet,paid_social,17,dummy
2026-08-03,auto,view_item,tablet,paid_social,8,dummy
2026-08-03,auto,add_to_cart,tablet,paid_social,4,dummy
2026-08-03,auto,begin_checkout,tablet,paid_social,0,dummy
2026-08-03,auto,add_payment_info,tablet,paid_social,0,dummy
2026-08-03,auto,purchase,tablet,paid_social,0,dummy
2026-08-03,auto,page_view,tablet,affiliate,37,dummy
2026-08-03,auto,view_item,tablet,affiliate,21,dummy
2026-08-03,auto,add_to_cart,tablet,affiliate,12,dummy
2026-08-03,auto,begin_checkout,tablet,affiliate,2,dummy
2026-08-03,auto,add_payment_info,tablet,affiliate,2,dummy
2026-08-03,auto,purchase,tablet,affiliate,2,dummy
2026-08-03,auto,page_view,tablet,referral,19,dummy
2026-08-03,auto,view_item,tablet,referral,9,dummy
2026-08-03,auto,add_to_cart,tablet,referral,2,dummy
2026-08-03,auto,begin_checkout,tablet,referral,0,dummy
2026-08-03,auto,add_payment_info,tablet,referral,0,dummy
2026-08-03,auto,purchase,tablet,referral,0,dummy
2026-08-04,auto,page_view,mobile,sea,890,dummy
2026-08-04,auto,view_item,mobile,sea,350,dummy
2026-08-04,auto,add_to_cart,mobile,sea,119,dummy
2026-08-04,auto,begin_checkout,mobile,sea,29,dummy
2026-08-04,auto,add_payment_info,mobile,sea,25,dummy
2026-08-04,auto,purchase,mobile,sea,23,dummy
2026-08-04,auto,page_view,mobile,seo,725,dummy
2026-08-04,auto,view_item,mobile,seo,275,dummy
2026-08-04,auto,add_to_cart,mobile,seo,131,dummy
2026-08-04,auto,begin_checkout,mobile,seo,37,dummy
2026-08-04,auto,add_payment_info,mobile,seo,20,dummy
2026-08-04,auto,purchase,mobile,seo,16,dummy
2026-08-04,auto,page_view,mobile,direct,427,dummy
2026-08-04,auto,view_item,mobile,direct,178,dummy
2026-08-04,auto,add_to_cart,mobile,direct,90,dummy
2026-08-04,auto,begin_checkout,mobile,direct,30,dummy
2026-08-04,auto,add_payment_info,mobile,direct,12,dummy
2026-08-04,auto,purchase,mobile,direct,7,dummy
2026-08-04,auto,page_view,mobile,email,215,dummy
2026-08-04,auto,view_item,mobile,email,87,dummy
2026-08-04,auto,add_to_cart,mobile,email,41,dummy
2026-08-04,auto,begin_checkout,mobile,email,9,dummy
2026-08-04,auto,add_payment_info,mobile,email,7,dummy
2026-08-04,auto,purchase,mobile,email,6,dummy
2026-08-04,auto,page_view,mobile,paid_social,220,dummy
2026-08-04,auto,view_item,mobile,paid_social,85,dummy
2026-08-04,auto,add_to_cart,mobile,paid_social,33,dummy
2026-08-04,auto,begin_checkout,mobile,paid_social,6,dummy
2026-08-04,auto,add_payment_info,mobile,paid_social,5,dummy
2026-08-04,auto,purchase,mobile,paid_social,4,dummy
2026-08-04,auto,page_view,mobile,affiliate,272,dummy
2026-08-04,auto,view_item,mobile,affiliate,111,dummy
2026-08-04,auto,add_to_cart,mobile,affiliate,48,dummy
2026-08-04,auto,begin_checkout,mobile,affiliate,13,dummy
2026-08-04,auto,add_payment_info,mobile,affiliate,11,dummy
2026-08-04,auto,purchase,mobile,affiliate,8,dummy
2026-08-04,auto,page_view,mobile,referral,127,dummy
2026-08-04,auto,view_item,mobile,referral,52,dummy
2026-08-04,auto,add_to_cart,mobile,referral,21,dummy
2026-08-04,auto,begin_checkout,mobile,referral,4,dummy
2026-08-04,auto,add_payment_info,mobile,referral,3,dummy
2026-08-04,auto,purchase,mobile,referral,3,dummy
2026-08-04,auto,page_view,desktop,sea,484,dummy
2026-08-04,auto,view_item,desktop,sea,259,dummy
2026-08-04,auto,add_to_cart,desktop,sea,95,dummy
2026-08-04,auto,begin_checkout,desktop,sea,34,dummy
2026-08-04,auto,add_payment_info,desktop,sea,23,dummy
2026-08-04,auto,purchase,desktop,sea,19,dummy
2026-08-04,auto,page_view,desktop,seo,417,dummy
2026-08-04,auto,view_item,desktop,seo,215,dummy
2026-08-04,auto,add_to_cart,desktop,seo,103,dummy
2026-08-04,auto,begin_checkout,desktop,seo,36,dummy
2026-08-04,auto,add_payment_info,desktop,seo,26,dummy
2026-08-04,auto,purchase,desktop,seo,14,dummy
2026-08-04,auto,page_view,desktop,direct,250,dummy
2026-08-04,auto,view_item,desktop,direct,128,dummy
2026-08-04,auto,add_to_cart,desktop,direct,67,dummy
2026-08-04,auto,begin_checkout,desktop,direct,20,dummy
2026-08-04,auto,add_payment_info,desktop,direct,15,dummy
2026-08-04,auto,purchase,desktop,direct,13,dummy
2026-08-04,auto,page_view,desktop,email,133,dummy
2026-08-04,auto,view_item,desktop,email,74,dummy
2026-08-04,auto,add_to_cart,desktop,email,39,dummy
2026-08-04,auto,begin_checkout,desktop,email,8,dummy
2026-08-04,auto,add_payment_info,desktop,email,2,dummy
2026-08-04,auto,purchase,desktop,email,1,dummy
2026-08-04,auto,page_view,desktop,paid_social,123,dummy
2026-08-04,auto,view_item,desktop,paid_social,65,dummy
2026-08-04,auto,add_to_cart,desktop,paid_social,22,dummy
2026-08-04,auto,begin_checkout,desktop,paid_social,8,dummy
2026-08-04,auto,add_payment_info,desktop,paid_social,2,dummy
2026-08-04,auto,purchase,desktop,paid_social,0,dummy
2026-08-04,auto,page_view,desktop,affiliate,143,dummy
2026-08-04,auto,view_item,desktop,affiliate,87,dummy
2026-08-04,auto,add_to_cart,desktop,affiliate,41,dummy
2026-08-04,auto,begin_checkout,desktop,affiliate,14,dummy
2026-08-04,auto,add_payment_info,desktop,affiliate,9,dummy
2026-08-04,auto,purchase,desktop,affiliate,8,dummy
2026-08-04,auto,page_view,desktop,referral,76,dummy
2026-08-04,auto,view_item,desktop,referral,42,dummy
2026-08-04,auto,add_to_cart,desktop,referral,21,dummy
2026-08-04,auto,begin_checkout,desktop,referral,8,dummy
2026-08-04,auto,add_payment_info,desktop,referral,5,dummy
2026-08-04,auto,purchase,desktop,referral,5,dummy
2026-08-04,auto,page_view,tablet,sea,86,dummy
2026-08-04,auto,view_item,tablet,sea,43,dummy
2026-08-04,auto,add_to_cart,tablet,sea,13,dummy
2026-08-04,auto,begin_checkout,tablet,sea,3,dummy
2026-08-04,auto,add_payment_info,tablet,sea,1,dummy
2026-08-04,auto,purchase,tablet,sea,1,dummy
2026-08-04,auto,page_view,tablet,seo,93,dummy
2026-08-04,auto,view_item,tablet,seo,45,dummy
2026-08-04,auto,add_to_cart,tablet,seo,23,dummy
2026-08-04,auto,begin_checkout,tablet,seo,9,dummy
2026-08-04,auto,add_payment_info,tablet,seo,5,dummy
2026-08-04,auto,purchase,tablet,seo,1,dummy
2026-08-04,auto,page_view,tablet,direct,58,dummy
2026-08-04,auto,view_item,tablet,direct,33,dummy
2026-08-04,auto,add_to_cart,tablet,direct,7,dummy
2026-08-04,auto,begin_checkout,tablet,direct,5,dummy
2026-08-04,auto,add_payment_info,tablet,direct,2,dummy
2026-08-04,auto,purchase,tablet,direct,2,dummy
2026-08-04,auto,page_view,tablet,email,29,dummy
2026-08-04,auto,view_item,tablet,email,13,dummy
2026-08-04,auto,add_to_cart,tablet,email,6,dummy
2026-08-04,auto,begin_checkout,tablet,email,1,dummy
2026-08-04,auto,add_payment_info,tablet,email,0,dummy
2026-08-04,auto,purchase,tablet,email,0,dummy
2026-08-04,auto,page_view,tablet,paid_social,21,dummy
2026-08-04,auto,view_item,tablet,paid_social,8,dummy
2026-08-04,auto,add_to_cart,tablet,paid_social,3,dummy
2026-08-04,auto,begin_checkout,tablet,paid_social,1,dummy
2026-08-04,auto,add_payment_info,tablet,paid_social,1,dummy
2026-08-04,auto,purchase,tablet,paid_social,0,dummy
2026-08-04,auto,page_view,tablet,affiliate,33,dummy
2026-08-04,auto,view_item,tablet,affiliate,21,dummy
2026-08-04,auto,add_to_cart,tablet,affiliate,8,dummy
2026-08-04,auto,begin_checkout,tablet,affiliate,4,dummy
2026-08-04,auto,add_payment_info,tablet,affiliate,2,dummy
2026-08-04,auto,purchase,tablet,affiliate,2,dummy
2026-08-04,auto,page_view,tablet,referral,15,dummy
2026-08-04,auto,view_item,tablet,referral,9,dummy
2026-08-04,auto,add_to_cart,tablet,referral,3,dummy
2026-08-04,auto,begin_checkout,tablet,referral,1,dummy
2026-08-04,auto,add_payment_info,tablet,referral,1,dummy
2026-08-04,auto,purchase,tablet,referral,1,dummy
2026-08-05,auto,page_view,mobile,sea,935,dummy
2026-08-05,auto,view_item,mobile,sea,369,dummy
2026-08-05,auto,add_to_cart,mobile,sea,116,dummy
2026-08-05,auto,begin_checkout,mobile,sea,32,dummy
2026-08-05,auto,add_payment_info,mobile,sea,22,dummy
2026-08-05,auto,purchase,mobile,sea,17,dummy
2026-08-05,auto,page_view,mobile,seo,762,dummy
2026-08-05,auto,view_item,mobile,seo,289,dummy
2026-08-05,auto,add_to_cart,mobile,seo,138,dummy
2026-08-05,auto,begin_checkout,mobile,seo,39,dummy
2026-08-05,auto,add_payment_info,mobile,seo,28,dummy
2026-08-05,auto,purchase,mobile,seo,24,dummy
2026-08-05,auto,page_view,mobile,direct,472,dummy
2026-08-05,auto,view_item,mobile,direct,196,dummy
2026-08-05,auto,add_to_cart,mobile,direct,86,dummy
2026-08-05,auto,begin_checkout,mobile,direct,23,dummy
2026-08-05,auto,add_payment_info,mobile,direct,18,dummy
2026-08-05,auto,purchase,mobile,direct,15,dummy
2026-08-05,auto,page_view,mobile,email,244,dummy
2026-08-05,auto,view_item,mobile,email,108,dummy
2026-08-05,auto,add_to_cart,mobile,email,51,dummy
2026-08-05,auto,begin_checkout,mobile,email,17,dummy
2026-08-05,auto,add_payment_info,mobile,email,12,dummy
2026-08-05,auto,purchase,mobile,email,10,dummy
2026-08-05,auto,page_view,mobile,paid_social,216,dummy
2026-08-05,auto,view_item,mobile,paid_social,75,dummy
2026-08-05,auto,add_to_cart,mobile,paid_social,27,dummy
2026-08-05,auto,begin_checkout,mobile,paid_social,15,dummy
2026-08-05,auto,add_payment_info,mobile,paid_social,8,dummy
2026-08-05,auto,purchase,mobile,paid_social,3,dummy
2026-08-05,auto,page_view,mobile,affiliate,276,dummy
2026-08-05,auto,view_item,mobile,affiliate,114,dummy
2026-08-05,auto,add_to_cart,mobile,affiliate,63,dummy
2026-08-05,auto,begin_checkout,mobile,affiliate,18,dummy
2026-08-05,auto,add_payment_info,mobile,affiliate,12,dummy
2026-08-05,auto,purchase,mobile,affiliate,11,dummy
2026-08-05,auto,page_view,mobile,referral,150,dummy
2026-08-05,auto,view_item,mobile,referral,51,dummy
2026-08-05,auto,add_to_cart,mobile,referral,20,dummy
2026-08-05,auto,begin_checkout,mobile,referral,9,dummy
2026-08-05,auto,add_payment_info,mobile,referral,6,dummy
2026-08-05,auto,purchase,mobile,referral,6,dummy
2026-08-05,auto,page_view,desktop,sea,491,dummy
2026-08-05,auto,view_item,desktop,sea,280,dummy
2026-08-05,auto,add_to_cart,desktop,sea,92,dummy
2026-08-05,auto,begin_checkout,desktop,sea,28,dummy
2026-08-05,auto,add_payment_info,desktop,sea,19,dummy
2026-08-05,auto,purchase,desktop,sea,18,dummy
2026-08-05,auto,page_view,desktop,seo,391,dummy
2026-08-05,auto,view_item,desktop,seo,232,dummy
2026-08-05,auto,add_to_cart,desktop,seo,100,dummy
2026-08-05,auto,begin_checkout,desktop,seo,35,dummy
2026-08-05,auto,add_payment_info,desktop,seo,22,dummy
2026-08-05,auto,purchase,desktop,seo,19,dummy
2026-08-05,auto,page_view,desktop,direct,258,dummy
2026-08-05,auto,view_item,desktop,direct,138,dummy
2026-08-05,auto,add_to_cart,desktop,direct,71,dummy
2026-08-05,auto,begin_checkout,desktop,direct,17,dummy
2026-08-05,auto,add_payment_info,desktop,direct,11,dummy
2026-08-05,auto,purchase,desktop,direct,9,dummy
2026-08-05,auto,page_view,desktop,email,115,dummy
2026-08-05,auto,view_item,desktop,email,53,dummy
2026-08-05,auto,add_to_cart,desktop,email,26,dummy
2026-08-05,auto,begin_checkout,desktop,email,7,dummy
2026-08-05,auto,add_payment_info,desktop,email,4,dummy
2026-08-05,auto,purchase,desktop,email,4,dummy
2026-08-05,auto,page_view,desktop,paid_social,138,dummy
2026-08-05,auto,view_item,desktop,paid_social,75,dummy
2026-08-05,auto,add_to_cart,desktop,paid_social,27,dummy
2026-08-05,auto,begin_checkout,desktop,paid_social,7,dummy
2026-08-05,auto,add_payment_info,desktop,paid_social,5,dummy
2026-08-05,auto,purchase,desktop,paid_social,4,dummy
2026-08-05,auto,page_view,desktop,affiliate,172,dummy
2026-08-05,auto,view_item,desktop,affiliate,101,dummy
2026-08-05,auto,add_to_cart,desktop,affiliate,45,dummy
2026-08-05,auto,begin_checkout,desktop,affiliate,17,dummy
2026-08-05,auto,add_payment_info,desktop,affiliate,12,dummy
2026-08-05,auto,purchase,desktop,affiliate,10,dummy
2026-08-05,auto,page_view,desktop,referral,67,dummy
2026-08-05,auto,view_item,desktop,referral,41,dummy
2026-08-05,auto,add_to_cart,desktop,referral,13,dummy
2026-08-05,auto,begin_checkout,desktop,referral,3,dummy
2026-08-05,auto,add_payment_info,desktop,referral,3,dummy
2026-08-05,auto,purchase,desktop,referral,2,dummy
2026-08-05,auto,page_view,tablet,sea,92,dummy
2026-08-05,auto,view_item,tablet,sea,55,dummy
2026-08-05,auto,add_to_cart,tablet,sea,22,dummy
2026-08-05,auto,begin_checkout,tablet,sea,5,dummy
2026-08-05,auto,add_payment_info,tablet,sea,3,dummy
2026-08-05,auto,purchase,tablet,sea,2,dummy
2026-08-05,auto,page_view,tablet,seo,85,dummy
2026-08-05,auto,view_item,tablet,seo,39,dummy
2026-08-05,auto,add_to_cart,tablet,seo,21,dummy
2026-08-05,auto,begin_checkout,tablet,seo,4,dummy
2026-08-05,auto,add_payment_info,tablet,seo,3,dummy
2026-08-05,auto,purchase,tablet,seo,1,dummy
2026-08-05,auto,page_view,tablet,direct,46,dummy
2026-08-05,auto,view_item,tablet,direct,24,dummy
2026-08-05,auto,add_to_cart,tablet,direct,13,dummy
2026-08-05,auto,begin_checkout,tablet,direct,6,dummy
2026-08-05,auto,add_payment_info,tablet,direct,5,dummy
2026-08-05,auto,purchase,tablet,direct,5,dummy
2026-08-05,auto,page_view,tablet,email,23,dummy
2026-08-05,auto,view_item,tablet,email,8,dummy
2026-08-05,auto,add_to_cart,tablet,email,3,dummy
2026-08-05,auto,begin_checkout,tablet,email,1,dummy
2026-08-05,auto,add_payment_info,tablet,email,0,dummy
2026-08-05,auto,purchase,tablet,email,0,dummy
2026-08-05,auto,page_view,tablet,paid_social,19,dummy
2026-08-05,auto,view_item,tablet,paid_social,10,dummy
2026-08-05,auto,add_to_cart,tablet,paid_social,4,dummy
2026-08-05,auto,begin_checkout,tablet,paid_social,2,dummy
2026-08-05,auto,add_payment_info,tablet,paid_social,0,dummy
2026-08-05,auto,purchase,tablet,paid_social,0,dummy
2026-08-05,auto,page_view,tablet,affiliate,32,dummy
2026-08-05,auto,view_item,tablet,affiliate,14,dummy
2026-08-05,auto,add_to_cart,tablet,affiliate,9,dummy
2026-08-05,auto,begin_checkout,tablet,affiliate,3,dummy
2026-08-05,auto,add_payment_info,tablet,affiliate,2,dummy
2026-08-05,auto,purchase,tablet,affiliate,2,dummy
2026-08-05,auto,page_view,tablet,referral,17,dummy
2026-08-05,auto,view_item,tablet,referral,10,dummy
2026-08-05,auto,add_to_cart,tablet,referral,6,dummy
2026-08-05,auto,begin_checkout,tablet,referral,4,dummy
2026-08-05,auto,add_payment_info,tablet,referral,2,dummy
2026-08-05,auto,purchase,tablet,referral,2,dummy
2026-08-06,auto,page_view,mobile,sea,930,dummy
2026-08-06,auto,view_item,mobile,sea,355,dummy
2026-08-06,auto,add_to_cart,mobile,sea,122,dummy
2026-08-06,auto,begin_checkout,mobile,sea,37,dummy
2026-08-06,auto,add_payment_info,mobile,sea,24,dummy
2026-08-06,auto,purchase,mobile,sea,21,dummy
2026-08-06,auto,page_view,mobile,seo,781,dummy
2026-08-06,auto,view_item,mobile,seo,298,dummy
2026-08-06,auto,add_to_cart,mobile,seo,144,dummy
2026-08-06,auto,begin_checkout,mobile,seo,43,dummy
2026-08-06,auto,add_payment_info,mobile,seo,28,dummy
2026-08-06,auto,purchase,mobile,seo,21,dummy
2026-08-06,auto,page_view,mobile,direct,456,dummy
2026-08-06,auto,view_item,mobile,direct,179,dummy
2026-08-06,auto,add_to_cart,mobile,direct,89,dummy
2026-08-06,auto,begin_checkout,mobile,direct,32,dummy
2026-08-06,auto,add_payment_info,mobile,direct,16,dummy
2026-08-06,auto,purchase,mobile,direct,14,dummy
2026-08-06,auto,page_view,mobile,email,235,dummy
2026-08-06,auto,view_item,mobile,email,98,dummy
2026-08-06,auto,add_to_cart,mobile,email,48,dummy
2026-08-06,auto,begin_checkout,mobile,email,15,dummy
2026-08-06,auto,add_payment_info,mobile,email,12,dummy
2026-08-06,auto,purchase,mobile,email,11,dummy
2026-08-06,auto,page_view,mobile,paid_social,192,dummy
2026-08-06,auto,view_item,mobile,paid_social,68,dummy
2026-08-06,auto,add_to_cart,mobile,paid_social,23,dummy
2026-08-06,auto,begin_checkout,mobile,paid_social,6,dummy
2026-08-06,auto,add_payment_info,mobile,paid_social,5,dummy
2026-08-06,auto,purchase,mobile,paid_social,5,dummy
2026-08-06,auto,page_view,mobile,affiliate,312,dummy
2026-08-06,auto,view_item,mobile,affiliate,110,dummy
2026-08-06,auto,add_to_cart,mobile,affiliate,55,dummy
2026-08-06,auto,begin_checkout,mobile,affiliate,13,dummy
2026-08-06,auto,add_payment_info,mobile,affiliate,9,dummy
2026-08-06,auto,purchase,mobile,affiliate,9,dummy
2026-08-06,auto,page_view,mobile,referral,147,dummy
2026-08-06,auto,view_item,mobile,referral,62,dummy
2026-08-06,auto,add_to_cart,mobile,referral,27,dummy
2026-08-06,auto,begin_checkout,mobile,referral,8,dummy
2026-08-06,auto,add_payment_info,mobile,referral,4,dummy
2026-08-06,auto,purchase,mobile,referral,2,dummy
2026-08-06,auto,page_view,desktop,sea,433,dummy
2026-08-06,auto,view_item,desktop,sea,238,dummy
2026-08-06,auto,add_to_cart,desktop,sea,87,dummy
2026-08-06,auto,begin_checkout,desktop,sea,28,dummy
2026-08-06,auto,add_payment_info,desktop,sea,17,dummy
2026-08-06,auto,purchase,desktop,sea,15,dummy
2026-08-06,auto,page_view,desktop,seo,420,dummy
2026-08-06,auto,view_item,desktop,seo,230,dummy
2026-08-06,auto,add_to_cart,desktop,seo,91,dummy
2026-08-06,auto,begin_checkout,desktop,seo,25,dummy
2026-08-06,auto,add_payment_info,desktop,seo,17,dummy
2026-08-06,auto,purchase,desktop,seo,14,dummy
2026-08-06,auto,page_view,desktop,direct,253,dummy
2026-08-06,auto,view_item,desktop,direct,128,dummy
2026-08-06,auto,add_to_cart,desktop,direct,56,dummy
2026-08-06,auto,begin_checkout,desktop,direct,17,dummy
2026-08-06,auto,add_payment_info,desktop,direct,14,dummy
2026-08-06,auto,purchase,desktop,direct,11,dummy
2026-08-06,auto,page_view,desktop,email,143,dummy
2026-08-06,auto,view_item,desktop,email,83,dummy
2026-08-06,auto,add_to_cart,desktop,email,47,dummy
2026-08-06,auto,begin_checkout,desktop,email,11,dummy
2026-08-06,auto,add_payment_info,desktop,email,9,dummy
2026-08-06,auto,purchase,desktop,email,7,dummy
2026-08-06,auto,page_view,desktop,paid_social,107,dummy
2026-08-06,auto,view_item,desktop,paid_social,60,dummy
2026-08-06,auto,add_to_cart,desktop,paid_social,21,dummy
2026-08-06,auto,begin_checkout,desktop,paid_social,7,dummy
2026-08-06,auto,add_payment_info,desktop,paid_social,5,dummy
2026-08-06,auto,purchase,desktop,paid_social,3,dummy
2026-08-06,auto,page_view,desktop,affiliate,147,dummy
2026-08-06,auto,view_item,desktop,affiliate,75,dummy
2026-08-06,auto,add_to_cart,desktop,affiliate,27,dummy
2026-08-06,auto,begin_checkout,desktop,affiliate,12,dummy
2026-08-06,auto,add_payment_info,desktop,affiliate,10,dummy
2026-08-06,auto,purchase,desktop,affiliate,10,dummy
2026-08-06,auto,page_view,desktop,referral,92,dummy
2026-08-06,auto,view_item,desktop,referral,56,dummy
2026-08-06,auto,add_to_cart,desktop,referral,23,dummy
2026-08-06,auto,begin_checkout,desktop,referral,10,dummy
2026-08-06,auto,add_payment_info,desktop,referral,6,dummy
2026-08-06,auto,purchase,desktop,referral,5,dummy
2026-08-06,auto,page_view,tablet,sea,107,dummy
2026-08-06,auto,view_item,tablet,sea,55,dummy
2026-08-06,auto,add_to_cart,tablet,sea,17,dummy
2026-08-06,auto,begin_checkout,tablet,sea,7,dummy
2026-08-06,auto,add_payment_info,tablet,sea,6,dummy
2026-08-06,auto,purchase,tablet,sea,6,dummy
2026-08-06,auto,page_view,tablet,seo,89,dummy
2026-08-06,auto,view_item,tablet,seo,48,dummy
2026-08-06,auto,add_to_cart,tablet,seo,17,dummy
2026-08-06,auto,begin_checkout,tablet,seo,2,dummy
2026-08-06,auto,add_payment_info,tablet,seo,0,dummy
2026-08-06,auto,purchase,tablet,seo,0,dummy
2026-08-06,auto,page_view,tablet,direct,67,dummy
2026-08-06,auto,view_item,tablet,direct,33,dummy
2026-08-06,auto,add_to_cart,tablet,direct,10,dummy
2026-08-06,auto,begin_checkout,tablet,direct,3,dummy
2026-08-06,auto,add_payment_info,tablet,direct,2,dummy
2026-08-06,auto,purchase,tablet,direct,2,dummy
2026-08-06,auto,page_view,tablet,email,18,dummy
2026-08-06,auto,view_item,tablet,email,8,dummy
2026-08-06,auto,add_to_cart,tablet,email,1,dummy
2026-08-06,auto,begin_checkout,tablet,email,0,dummy
2026-08-06,auto,add_payment_info,tablet,email,0,dummy
2026-08-06,auto,purchase,tablet,email,0,dummy
2026-08-06,auto,page_view,tablet,paid_social,15,dummy
2026-08-06,auto,view_item,tablet,paid_social,7,dummy
2026-08-06,auto,add_to_cart,tablet,paid_social,4,dummy
2026-08-06,auto,begin_checkout,tablet,paid_social,1,dummy
2026-08-06,auto,add_payment_info,tablet,paid_social,1,dummy
2026-08-06,auto,purchase,tablet,paid_social,1,dummy
2026-08-06,auto,page_view,tablet,affiliate,23,dummy
2026-08-06,auto,view_item,tablet,affiliate,12,dummy
2026-08-06,auto,add_to_cart,tablet,affiliate,2,dummy
2026-08-06,auto,begin_checkout,tablet,affiliate,0,dummy
2026-08-06,auto,add_payment_info,tablet,affiliate,0,dummy
2026-08-06,auto,purchase,tablet,affiliate,0,dummy
2026-08-06,auto,page_view,tablet,referral,14,dummy
2026-08-06,auto,view_item,tablet,referral,8,dummy
2026-08-06,auto,add_to_cart,tablet,referral,6,dummy
2026-08-06,auto,begin_checkout,tablet,referral,2,dummy
2026-08-06,auto,add_payment_info,tablet,referral,1,dummy
2026-08-06,auto,purchase,tablet,referral,1,dummy
2026-08-07,auto,page_view,mobile,sea,865,dummy
2026-08-07,auto,view_item,mobile,sea,340,dummy
2026-08-07,auto,add_to_cart,mobile,sea,119,dummy
2026-08-07,auto,begin_checkout,mobile,sea,36,dummy
2026-08-07,auto,add_payment_info,mobile,sea,20,dummy
2026-08-07,auto,purchase,mobile,sea,14,dummy
2026-08-07,auto,page_view,mobile,seo,720,dummy
2026-08-07,auto,view_item,mobile,seo,272,dummy
2026-08-07,auto,add_to_cart,mobile,seo,111,dummy
2026-08-07,auto,begin_checkout,mobile,seo,31,dummy
2026-08-07,auto,add_payment_info,mobile,seo,16,dummy
2026-08-07,auto,purchase,mobile,seo,10,dummy
2026-08-07,auto,page_view,mobile,direct,463,dummy
2026-08-07,auto,view_item,mobile,direct,186,dummy
2026-08-07,auto,add_to_cart,mobile,direct,80,dummy
2026-08-07,auto,begin_checkout,mobile,direct,24,dummy
2026-08-07,auto,add_payment_info,mobile,direct,15,dummy
2026-08-07,auto,purchase,mobile,direct,13,dummy
2026-08-07,auto,page_view,mobile,email,223,dummy
2026-08-07,auto,view_item,mobile,email,81,dummy
2026-08-07,auto,add_to_cart,mobile,email,36,dummy
2026-08-07,auto,begin_checkout,mobile,email,8,dummy
2026-08-07,auto,add_payment_info,mobile,email,6,dummy
2026-08-07,auto,purchase,mobile,email,5,dummy
2026-08-07,auto,page_view,mobile,paid_social,204,dummy
2026-08-07,auto,view_item,mobile,paid_social,83,dummy
2026-08-07,auto,add_to_cart,mobile,paid_social,32,dummy
2026-08-07,auto,begin_checkout,mobile,paid_social,7,dummy
2026-08-07,auto,add_payment_info,mobile,paid_social,5,dummy
2026-08-07,auto,purchase,mobile,paid_social,1,dummy
2026-08-07,auto,page_view,mobile,affiliate,258,dummy
2026-08-07,auto,view_item,mobile,affiliate,104,dummy
2026-08-07,auto,add_to_cart,mobile,affiliate,48,dummy
2026-08-07,auto,begin_checkout,mobile,affiliate,17,dummy
2026-08-07,auto,add_payment_info,mobile,affiliate,17,dummy
2026-08-07,auto,purchase,mobile,affiliate,13,dummy
2026-08-07,auto,page_view,mobile,referral,173,dummy
2026-08-07,auto,view_item,mobile,referral,74,dummy
2026-08-07,auto,add_to_cart,mobile,referral,32,dummy
2026-08-07,auto,begin_checkout,mobile,referral,9,dummy
2026-08-07,auto,add_payment_info,mobile,referral,8,dummy
2026-08-07,auto,purchase,mobile,referral,6,dummy
2026-08-07,auto,page_view,desktop,sea,494,dummy
2026-08-07,auto,view_item,desktop,sea,264,dummy
2026-08-07,auto,add_to_cart,desktop,sea,82,dummy
2026-08-07,auto,begin_checkout,desktop,sea,26,dummy
2026-08-07,auto,add_payment_info,desktop,sea,18,dummy
2026-08-07,auto,purchase,desktop,sea,14,dummy
2026-08-07,auto,page_view,desktop,seo,426,dummy
2026-08-07,auto,view_item,desktop,seo,235,dummy
2026-08-07,auto,add_to_cart,desktop,seo,114,dummy
2026-08-07,auto,begin_checkout,desktop,seo,40,dummy
2026-08-07,auto,add_payment_info,desktop,seo,29,dummy
2026-08-07,auto,purchase,desktop,seo,22,dummy
2026-08-07,auto,page_view,desktop,direct,235,dummy
2026-08-07,auto,view_item,desktop,direct,129,dummy
2026-08-07,auto,add_to_cart,desktop,direct,58,dummy
2026-08-07,auto,begin_checkout,desktop,direct,21,dummy
2026-08-07,auto,add_payment_info,desktop,direct,15,dummy
2026-08-07,auto,purchase,desktop,direct,14,dummy
2026-08-07,auto,page_view,desktop,email,147,dummy
2026-08-07,auto,view_item,desktop,email,77,dummy
2026-08-07,auto,add_to_cart,desktop,email,37,dummy
2026-08-07,auto,begin_checkout,desktop,email,10,dummy
2026-08-07,auto,add_payment_info,desktop,email,3,dummy
2026-08-07,auto,purchase,desktop,email,3,dummy
2026-08-07,auto,page_view,desktop,paid_social,112,dummy
2026-08-07,auto,view_item,desktop,paid_social,62,dummy
2026-08-07,auto,add_to_cart,desktop,paid_social,23,dummy
2026-08-07,auto,begin_checkout,desktop,paid_social,7,dummy
2026-08-07,auto,add_payment_info,desktop,paid_social,4,dummy
2026-08-07,auto,purchase,desktop,paid_social,4,dummy
2026-08-07,auto,page_view,desktop,affiliate,159,dummy
2026-08-07,auto,view_item,desktop,affiliate,101,dummy
2026-08-07,auto,add_to_cart,desktop,affiliate,53,dummy
2026-08-07,auto,begin_checkout,desktop,affiliate,13,dummy
2026-08-07,auto,add_payment_info,desktop,affiliate,10,dummy
2026-08-07,auto,purchase,desktop,affiliate,9,dummy
2026-08-07,auto,page_view,desktop,referral,89,dummy
2026-08-07,auto,view_item,desktop,referral,46,dummy
2026-08-07,auto,add_to_cart,desktop,referral,21,dummy
2026-08-07,auto,begin_checkout,desktop,referral,10,dummy
2026-08-07,auto,add_payment_info,desktop,referral,9,dummy
2026-08-07,auto,purchase,desktop,referral,7,dummy
2026-08-07,auto,page_view,tablet,sea,123,dummy
2026-08-07,auto,view_item,tablet,sea,66,dummy
2026-08-07,auto,add_to_cart,tablet,sea,13,dummy
2026-08-07,auto,begin_checkout,tablet,sea,1,dummy
2026-08-07,auto,add_payment_info,tablet,sea,1,dummy
2026-08-07,auto,purchase,tablet,sea,1,dummy
2026-08-07,auto,page_view,tablet,seo,100,dummy
2026-08-07,auto,view_item,tablet,seo,59,dummy
2026-08-07,auto,add_to_cart,tablet,seo,25,dummy
2026-08-07,auto,begin_checkout,tablet,seo,10,dummy
2026-08-07,auto,add_payment_info,tablet,seo,5,dummy
2026-08-07,auto,purchase,tablet,seo,4,dummy
2026-08-07,auto,page_view,tablet,direct,51,dummy
2026-08-07,auto,view_item,tablet,direct,29,dummy
2026-08-07,auto,add_to_cart,tablet,direct,13,dummy
2026-08-07,auto,begin_checkout,tablet,direct,4,dummy
2026-08-07,auto,add_payment_info,tablet,direct,3,dummy
2026-08-07,auto,purchase,tablet,direct,3,dummy
2026-08-07,auto,page_view,tablet,email,19,dummy
2026-08-07,auto,view_item,tablet,email,9,dummy
2026-08-07,auto,add_to_cart,tablet,email,6,dummy
2026-08-07,auto,begin_checkout,tablet,email,3,dummy
2026-08-07,auto,add_payment_info,tablet,email,1,dummy
2026-08-07,auto,purchase,tablet,email,1,dummy
2026-08-07,auto,page_view,tablet,paid_social,25,dummy
2026-08-07,auto,view_item,tablet,paid_social,15,dummy
2026-08-07,auto,add_to_cart,tablet,paid_social,7,dummy
2026-08-07,auto,begin_checkout,tablet,paid_social,3,dummy
2026-08-07,auto,add_payment_info,tablet,paid_social,1,dummy
2026-08-07,auto,purchase,tablet,paid_social,0,dummy
2026-08-07,auto,page_view,tablet,affiliate,31,dummy
2026-08-07,auto,view_item,tablet,affiliate,19,dummy
2026-08-07,auto,add_to_cart,tablet,affiliate,8,dummy
2026-08-07,auto,begin_checkout,tablet,affiliate,2,dummy
2026-08-07,auto,add_payment_info,tablet,affiliate,1,dummy
2026-08-07,auto,purchase,tablet,affiliate,1,dummy
2026-08-07,auto,page_view,tablet,referral,21,dummy
2026-08-07,auto,view_item,tablet,referral,9,dummy
2026-08-07,auto,add_to_cart,tablet,referral,5,dummy
2026-08-07,auto,begin_checkout,tablet,referral,1,dummy
2026-08-07,auto,add_payment_info,tablet,referral,0,dummy
2026-08-07,auto,purchase,tablet,referral,0,dummy
2026-08-08,auto,page_view,mobile,sea,707,dummy
2026-08-08,auto,view_item,mobile,sea,261,dummy
2026-08-08,auto,add_to_cart,mobile,sea,101,dummy
2026-08-08,auto,begin_checkout,mobile,sea,41,dummy
2026-08-08,auto,add_payment_info,mobile,sea,27,dummy
2026-08-08,auto,purchase,mobile,sea,20,dummy
2026-08-08,auto,page_view,mobile,seo,584,dummy
2026-08-08,auto,view_item,mobile,seo,221,dummy
2026-08-08,auto,add_to_cart,mobile,seo,98,dummy
2026-08-08,auto,begin_checkout,mobile,seo,23,dummy
2026-08-08,auto,add_payment_info,mobile,seo,14,dummy
2026-08-08,auto,purchase,mobile,seo,13,dummy
2026-08-08,auto,page_view,mobile,direct,358,dummy
2026-08-08,auto,view_item,mobile,direct,131,dummy
2026-08-08,auto,add_to_cart,mobile,direct,61,dummy
2026-08-08,auto,begin_checkout,mobile,direct,13,dummy
2026-08-08,auto,add_payment_info,mobile,direct,6,dummy
2026-08-08,auto,purchase,mobile,direct,6,dummy
2026-08-08,auto,page_view,mobile,email,198,dummy
2026-08-08,auto,view_item,mobile,email,75,dummy
2026-08-08,auto,add_to_cart,mobile,email,29,dummy
2026-08-08,auto,begin_checkout,mobile,email,9,dummy
2026-08-08,auto,add_payment_info,mobile,email,7,dummy
2026-08-08,auto,purchase,mobile,email,7,dummy
2026-08-08,auto,page_view,mobile,paid_social,164,dummy
2026-08-08,auto,view_item,mobile,paid_social,66,dummy
2026-08-08,auto,add_to_cart,mobile,paid_social,23,dummy
2026-08-08,auto,begin_checkout,mobile,paid_social,7,dummy
2026-08-08,auto,add_payment_info,mobile,paid_social,4,dummy
2026-08-08,auto,purchase,mobile,paid_social,2,dummy
2026-08-08,auto,page_view,mobile,affiliate,229,dummy
2026-08-08,auto,view_item,mobile,affiliate,87,dummy
2026-08-08,auto,add_to_cart,mobile,affiliate,38,dummy
2026-08-08,auto,begin_checkout,mobile,affiliate,8,dummy
2026-08-08,auto,add_payment_info,mobile,affiliate,3,dummy
2026-08-08,auto,purchase,mobile,affiliate,2,dummy
2026-08-08,auto,page_view,mobile,referral,126,dummy
2026-08-08,auto,view_item,mobile,referral,47,dummy
2026-08-08,auto,add_to_cart,mobile,referral,19,dummy
2026-08-08,auto,begin_checkout,mobile,referral,5,dummy
2026-08-08,auto,add_payment_info,mobile,referral,5,dummy
2026-08-08,auto,purchase,mobile,referral,3,dummy
2026-08-08,auto,page_view,desktop,sea,417,dummy
2026-08-08,auto,view_item,desktop,sea,232,dummy
2026-08-08,auto,add_to_cart,desktop,sea,75,dummy
2026-08-08,auto,begin_checkout,desktop,sea,29,dummy
2026-08-08,auto,add_payment_info,desktop,sea,20,dummy
2026-08-08,auto,purchase,desktop,sea,11,dummy
2026-08-08,auto,page_view,desktop,seo,303,dummy
2026-08-08,auto,view_item,desktop,seo,163,dummy
2026-08-08,auto,add_to_cart,desktop,seo,81,dummy
2026-08-08,auto,begin_checkout,desktop,seo,26,dummy
2026-08-08,auto,add_payment_info,desktop,seo,15,dummy
2026-08-08,auto,purchase,desktop,seo,14,dummy
2026-08-08,auto,page_view,desktop,direct,210,dummy
2026-08-08,auto,view_item,desktop,direct,114,dummy
2026-08-08,auto,add_to_cart,desktop,direct,44,dummy
2026-08-08,auto,begin_checkout,desktop,direct,13,dummy
2026-08-08,auto,add_payment_info,desktop,direct,11,dummy
2026-08-08,auto,purchase,desktop,direct,10,dummy
2026-08-08,auto,page_view,desktop,email,112,dummy
2026-08-08,auto,view_item,desktop,email,64,dummy
2026-08-08,auto,add_to_cart,desktop,email,36,dummy
2026-08-08,auto,begin_checkout,desktop,email,9,dummy
2026-08-08,auto,add_payment_info,desktop,email,6,dummy
2026-08-08,auto,purchase,desktop,email,5,dummy
2026-08-08,auto,page_view,desktop,paid_social,88,dummy
2026-08-08,auto,view_item,desktop,paid_social,48,dummy
2026-08-08,auto,add_to_cart,desktop,paid_social,18,dummy
2026-08-08,auto,begin_checkout,desktop,paid_social,8,dummy
2026-08-08,auto,add_payment_info,desktop,paid_social,5,dummy
2026-08-08,auto,purchase,desktop,paid_social,4,dummy
2026-08-08,auto,page_view,desktop,affiliate,143,dummy
2026-08-08,auto,view_item,desktop,affiliate,77,dummy
2026-08-08,auto,add_to_cart,desktop,affiliate,43,dummy
2026-08-08,auto,begin_checkout,desktop,affiliate,10,dummy
2026-08-08,auto,add_payment_info,desktop,affiliate,5,dummy
2026-08-08,auto,purchase,desktop,affiliate,3,dummy
2026-08-08,auto,page_view,desktop,referral,70,dummy
2026-08-08,auto,view_item,desktop,referral,33,dummy
2026-08-08,auto,add_to_cart,desktop,referral,16,dummy
2026-08-08,auto,begin_checkout,desktop,referral,5,dummy
2026-08-08,auto,add_payment_info,desktop,referral,3,dummy
2026-08-08,auto,purchase,desktop,referral,3,dummy
2026-08-08,auto,page_view,tablet,sea,89,dummy
2026-08-08,auto,view_item,tablet,sea,51,dummy
2026-08-08,auto,add_to_cart,tablet,sea,19,dummy
2026-08-08,auto,begin_checkout,tablet,sea,5,dummy
2026-08-08,auto,add_payment_info,tablet,sea,4,dummy
2026-08-08,auto,purchase,tablet,sea,3,dummy
2026-08-08,auto,page_view,tablet,seo,74,dummy
2026-08-08,auto,view_item,tablet,seo,40,dummy
2026-08-08,auto,add_to_cart,tablet,seo,15,dummy
2026-08-08,auto,begin_checkout,tablet,seo,7,dummy
2026-08-08,auto,add_payment_info,tablet,seo,5,dummy
2026-08-08,auto,purchase,tablet,seo,4,dummy
2026-08-08,auto,page_view,tablet,direct,52,dummy
2026-08-08,auto,view_item,tablet,direct,26,dummy
2026-08-08,auto,add_to_cart,tablet,direct,11,dummy
2026-08-08,auto,begin_checkout,tablet,direct,3,dummy
2026-08-08,auto,add_payment_info,tablet,direct,3,dummy
2026-08-08,auto,purchase,tablet,direct,3,dummy
2026-08-08,auto,page_view,tablet,email,27,dummy
2026-08-08,auto,view_item,tablet,email,13,dummy
2026-08-08,auto,add_to_cart,tablet,email,5,dummy
2026-08-08,auto,begin_checkout,tablet,email,1,dummy
2026-08-08,auto,add_payment_info,tablet,email,0,dummy
2026-08-08,auto,purchase,tablet,email,0,dummy
2026-08-08,auto,page_view,tablet,paid_social,21,dummy
2026-08-08,auto,view_item,tablet,paid_social,19,dummy
2026-08-08,auto,add_to_cart,tablet,paid_social,7,dummy
2026-08-08,auto,begin_checkout,tablet,paid_social,1,dummy
2026-08-08,auto,add_payment_info,tablet,paid_social,0,dummy
2026-08-08,auto,purchase,tablet,paid_social,0,dummy
2026-08-08,auto,page_view,tablet,affiliate,14,dummy
2026-08-08,auto,view_item,tablet,affiliate,8,dummy
2026-08-08,auto,add_to_cart,tablet,affiliate,2,dummy
2026-08-08,auto,begin_checkout,tablet,affiliate,0,dummy
2026-08-08,auto,add_payment_info,tablet,affiliate,0,dummy
2026-08-08,auto,purchase,tablet,affiliate,0,dummy
2026-08-08,auto,page_view,tablet,referral,18,dummy
2026-08-08,auto,view_item,tablet,referral,12,dummy
2026-08-08,auto,add_to_cart,tablet,referral,5,dummy
2026-08-08,auto,begin_checkout,tablet,referral,3,dummy
2026-08-08,auto,add_payment_info,tablet,referral,2,dummy
2026-08-08,auto,purchase,tablet,referral,2,dummy
2026-08-09,auto,page_view,mobile,sea,725,dummy
2026-08-09,auto,view_item,mobile,sea,303,dummy
2026-08-09,auto,add_to_cart,mobile,sea,109,dummy
2026-08-09,auto,begin_checkout,mobile,sea,33,dummy
2026-08-09,auto,add_payment_info,mobile,sea,16,dummy
2026-08-09,auto,purchase,mobile,sea,9,dummy
2026-08-09,auto,page_view,mobile,seo,578,dummy
2026-08-09,auto,view_item,mobile,seo,220,dummy
2026-08-09,auto,add_to_cart,mobile,seo,86,dummy
2026-08-09,auto,begin_checkout,mobile,seo,31,dummy
2026-08-09,auto,add_payment_info,mobile,seo,18,dummy
2026-08-09,auto,purchase,mobile,seo,14,dummy
2026-08-09,auto,page_view,mobile,direct,376,dummy
2026-08-09,auto,view_item,mobile,direct,170,dummy
2026-08-09,auto,add_to_cart,mobile,direct,82,dummy
2026-08-09,auto,begin_checkout,mobile,direct,29,dummy
2026-08-09,auto,add_payment_info,mobile,direct,16,dummy
2026-08-09,auto,purchase,mobile,direct,11,dummy
2026-08-09,auto,page_view,mobile,email,214,dummy
2026-08-09,auto,view_item,mobile,email,85,dummy
2026-08-09,auto,add_to_cart,mobile,email,45,dummy
2026-08-09,auto,begin_checkout,mobile,email,13,dummy
2026-08-09,auto,add_payment_info,mobile,email,5,dummy
2026-08-09,auto,purchase,mobile,email,5,dummy
2026-08-09,auto,page_view,mobile,paid_social,148,dummy
2026-08-09,auto,view_item,mobile,paid_social,59,dummy
2026-08-09,auto,add_to_cart,mobile,paid_social,19,dummy
2026-08-09,auto,begin_checkout,mobile,paid_social,7,dummy
2026-08-09,auto,add_payment_info,mobile,paid_social,5,dummy
2026-08-09,auto,purchase,mobile,paid_social,4,dummy
2026-08-09,auto,page_view,mobile,affiliate,216,dummy
2026-08-09,auto,view_item,mobile,affiliate,88,dummy
2026-08-09,auto,add_to_cart,mobile,affiliate,42,dummy
2026-08-09,auto,begin_checkout,mobile,affiliate,15,dummy
2026-08-09,auto,add_payment_info,mobile,affiliate,10,dummy
2026-08-09,auto,purchase,mobile,affiliate,8,dummy
2026-08-09,auto,page_view,mobile,referral,139,dummy
2026-08-09,auto,view_item,mobile,referral,52,dummy
2026-08-09,auto,add_to_cart,mobile,referral,23,dummy
2026-08-09,auto,begin_checkout,mobile,referral,6,dummy
2026-08-09,auto,add_payment_info,mobile,referral,3,dummy
2026-08-09,auto,purchase,mobile,referral,3,dummy
2026-08-09,auto,page_view,desktop,sea,418,dummy
2026-08-09,auto,view_item,desktop,sea,241,dummy
2026-08-09,auto,add_to_cart,desktop,sea,84,dummy
2026-08-09,auto,begin_checkout,desktop,sea,29,dummy
2026-08-09,auto,add_payment_info,desktop,sea,20,dummy
2026-08-09,auto,purchase,desktop,sea,17,dummy
2026-08-09,auto,page_view,desktop,seo,327,dummy
2026-08-09,auto,view_item,desktop,seo,191,dummy
2026-08-09,auto,add_to_cart,desktop,seo,87,dummy
2026-08-09,auto,begin_checkout,desktop,seo,31,dummy
2026-08-09,auto,add_payment_info,desktop,seo,17,dummy
2026-08-09,auto,purchase,desktop,seo,12,dummy
2026-08-09,auto,page_view,desktop,direct,211,dummy
2026-08-09,auto,view_item,desktop,direct,111,dummy
2026-08-09,auto,add_to_cart,desktop,direct,50,dummy
2026-08-09,auto,begin_checkout,desktop,direct,15,dummy
2026-08-09,auto,add_payment_info,desktop,direct,9,dummy
2026-08-09,auto,purchase,desktop,direct,9,dummy
2026-08-09,auto,page_view,desktop,email,121,dummy
2026-08-09,auto,view_item,desktop,email,68,dummy
2026-08-09,auto,add_to_cart,desktop,email,38,dummy
2026-08-09,auto,begin_checkout,desktop,email,11,dummy
2026-08-09,auto,add_payment_info,desktop,email,7,dummy
2026-08-09,auto,purchase,desktop,email,5,dummy
2026-08-09,auto,page_view,desktop,paid_social,99,dummy
2026-08-09,auto,view_item,desktop,paid_social,66,dummy
2026-08-09,auto,add_to_cart,desktop,paid_social,27,dummy
2026-08-09,auto,begin_checkout,desktop,paid_social,8,dummy
2026-08-09,auto,add_payment_info,desktop,paid_social,7,dummy
2026-08-09,auto,purchase,desktop,paid_social,4,dummy
2026-08-09,auto,page_view,desktop,affiliate,146,dummy
2026-08-09,auto,view_item,desktop,affiliate,84,dummy
2026-08-09,auto,add_to_cart,desktop,affiliate,47,dummy
2026-08-09,auto,begin_checkout,desktop,affiliate,11,dummy
2026-08-09,auto,add_payment_info,desktop,affiliate,7,dummy
2026-08-09,auto,purchase,desktop,affiliate,7,dummy
2026-08-09,auto,page_view,desktop,referral,62,dummy
2026-08-09,auto,view_item,desktop,referral,33,dummy
2026-08-09,auto,add_to_cart,desktop,referral,19,dummy
2026-08-09,auto,begin_checkout,desktop,referral,6,dummy
2026-08-09,auto,add_payment_info,desktop,referral,5,dummy
2026-08-09,auto,purchase,desktop,referral,4,dummy
2026-08-09,auto,page_view,tablet,sea,89,dummy
2026-08-09,auto,view_item,tablet,sea,42,dummy
2026-08-09,auto,add_to_cart,tablet,sea,18,dummy
2026-08-09,auto,begin_checkout,tablet,sea,7,dummy
2026-08-09,auto,add_payment_info,tablet,sea,4,dummy
2026-08-09,auto,purchase,tablet,sea,3,dummy
2026-08-09,auto,page_view,tablet,seo,55,dummy
2026-08-09,auto,view_item,tablet,seo,31,dummy
2026-08-09,auto,add_to_cart,tablet,seo,12,dummy
2026-08-09,auto,begin_checkout,tablet,seo,3,dummy
2026-08-09,auto,add_payment_info,tablet,seo,1,dummy
2026-08-09,auto,purchase,tablet,seo,1,dummy
2026-08-09,auto,page_view,tablet,direct,33,dummy
2026-08-09,auto,view_item,tablet,direct,18,dummy
2026-08-09,auto,add_to_cart,tablet,direct,7,dummy
2026-08-09,auto,begin_checkout,tablet,direct,4,dummy
2026-08-09,auto,add_payment_info,tablet,direct,3,dummy
2026-08-09,auto,purchase,tablet,direct,3,dummy
2026-08-09,auto,page_view,tablet,email,23,dummy
2026-08-09,auto,view_item,tablet,email,10,dummy
2026-08-09,auto,add_to_cart,tablet,email,7,dummy
2026-08-09,auto,begin_checkout,tablet,email,2,dummy
2026-08-09,auto,add_payment_info,tablet,email,2,dummy
2026-08-09,auto,purchase,tablet,email,2,dummy
2026-08-09,auto,page_view,tablet,paid_social,17,dummy
2026-08-09,auto,view_item,tablet,paid_social,7,dummy
2026-08-09,auto,add_to_cart,tablet,paid_social,4,dummy
2026-08-09,auto,begin_checkout,tablet,paid_social,0,dummy
2026-08-09,auto,add_payment_info,tablet,paid_social,0,dummy
2026-08-09,auto,purchase,tablet,paid_social,0,dummy
2026-08-09,auto,page_view,tablet,affiliate,27,dummy
2026-08-09,auto,view_item,tablet,affiliate,15,dummy
2026-08-09,auto,add_to_cart,tablet,affiliate,8,dummy
2026-08-09,auto,begin_checkout,tablet,affiliate,2,dummy
2026-08-09,auto,add_payment_info,tablet,affiliate,1,dummy
2026-08-09,auto,purchase,tablet,affiliate,1,dummy
2026-08-09,auto,page_view,tablet,referral,7,dummy
2026-08-09,auto,view_item,tablet,referral,1,dummy
2026-08-09,auto,add_to_cart,tablet,referral,0,dummy
2026-08-09,auto,begin_checkout,tablet,referral,0,dummy
2026-08-09,auto,add_payment_info,tablet,referral,0,dummy
2026-08-09,auto,purchase,tablet,referral,0,dummy
2026-08-10,auto,page_view,mobile,sea,890,dummy
2026-08-10,auto,view_item,mobile,sea,365,dummy
2026-08-10,auto,add_to_cart,mobile,sea,122,dummy
2026-08-10,auto,begin_checkout,mobile,sea,35,dummy
2026-08-10,auto,add_payment_info,mobile,sea,21,dummy
2026-08-10,auto,purchase,mobile,sea,17,dummy
2026-08-10,auto,page_view,mobile,seo,755,dummy
2026-08-10,auto,view_item,mobile,seo,268,dummy
2026-08-10,auto,add_to_cart,mobile,seo,107,dummy
2026-08-10,auto,begin_checkout,mobile,seo,33,dummy
2026-08-10,auto,add_payment_info,mobile,seo,17,dummy
2026-08-10,auto,purchase,mobile,seo,14,dummy
2026-08-10,auto,page_view,mobile,direct,433,dummy
2026-08-10,auto,view_item,mobile,direct,168,dummy
2026-08-10,auto,add_to_cart,mobile,direct,81,dummy
2026-08-10,auto,begin_checkout,mobile,direct,28,dummy
2026-08-10,auto,add_payment_info,mobile,direct,19,dummy
2026-08-10,auto,purchase,mobile,direct,15,dummy
2026-08-10,auto,page_view,mobile,email,240,dummy
2026-08-10,auto,view_item,mobile,email,91,dummy
2026-08-10,auto,add_to_cart,mobile,email,48,dummy
2026-08-10,auto,begin_checkout,mobile,email,10,dummy
2026-08-10,auto,add_payment_info,mobile,email,5,dummy
2026-08-10,auto,purchase,mobile,email,4,dummy
2026-08-10,auto,page_view,mobile,paid_social,227,dummy
2026-08-10,auto,view_item,mobile,paid_social,85,dummy
2026-08-10,auto,add_to_cart,mobile,paid_social,37,dummy
2026-08-10,auto,begin_checkout,mobile,paid_social,11,dummy
2026-08-10,auto,add_payment_info,mobile,paid_social,8,dummy
2026-08-10,auto,purchase,mobile,paid_social,5,dummy
2026-08-10,auto,page_view,mobile,affiliate,326,dummy
2026-08-10,auto,view_item,mobile,affiliate,115,dummy
2026-08-10,auto,add_to_cart,mobile,affiliate,51,dummy
2026-08-10,auto,begin_checkout,mobile,affiliate,14,dummy
2026-08-10,auto,add_payment_info,mobile,affiliate,9,dummy
2026-08-10,auto,purchase,mobile,affiliate,7,dummy
2026-08-10,auto,page_view,mobile,referral,154,dummy
2026-08-10,auto,view_item,mobile,referral,59,dummy
2026-08-10,auto,add_to_cart,mobile,referral,23,dummy
2026-08-10,auto,begin_checkout,mobile,referral,8,dummy
2026-08-10,auto,add_payment_info,mobile,referral,7,dummy
2026-08-10,auto,purchase,mobile,referral,4,dummy
2026-08-10,auto,page_view,desktop,sea,456,dummy
2026-08-10,auto,view_item,desktop,sea,233,dummy
2026-08-10,auto,add_to_cart,desktop,sea,85,dummy
2026-08-10,auto,begin_checkout,desktop,sea,23,dummy
2026-08-10,auto,add_payment_info,desktop,sea,19,dummy
2026-08-10,auto,purchase,desktop,sea,16,dummy
2026-08-10,auto,page_view,desktop,seo,438,dummy
2026-08-10,auto,view_item,desktop,seo,234,dummy
2026-08-10,auto,add_to_cart,desktop,seo,96,dummy
2026-08-10,auto,begin_checkout,desktop,seo,32,dummy
2026-08-10,auto,add_payment_info,desktop,seo,20,dummy
2026-08-10,auto,purchase,desktop,seo,15,dummy
2026-08-10,auto,page_view,desktop,direct,258,dummy
2026-08-10,auto,view_item,desktop,direct,144,dummy
2026-08-10,auto,add_to_cart,desktop,direct,67,dummy
2026-08-10,auto,begin_checkout,desktop,direct,18,dummy
2026-08-10,auto,add_payment_info,desktop,direct,9,dummy
2026-08-10,auto,purchase,desktop,direct,7,dummy
2026-08-10,auto,page_view,desktop,email,131,dummy
2026-08-10,auto,view_item,desktop,email,76,dummy
2026-08-10,auto,add_to_cart,desktop,email,43,dummy
2026-08-10,auto,begin_checkout,desktop,email,9,dummy
2026-08-10,auto,add_payment_info,desktop,email,6,dummy
2026-08-10,auto,purchase,desktop,email,4,dummy
2026-08-10,auto,page_view,desktop,paid_social,107,dummy
2026-08-10,auto,view_item,desktop,paid_social,56,dummy
2026-08-10,auto,add_to_cart,desktop,paid_social,25,dummy
2026-08-10,auto,begin_checkout,desktop,paid_social,7,dummy
2026-08-10,auto,add_payment_info,desktop,paid_social,4,dummy
2026-08-10,auto,purchase,desktop,paid_social,3,dummy
2026-08-10,auto,page_view,desktop,affiliate,153,dummy
2026-08-10,auto,view_item,desktop,affiliate,80,dummy
2026-08-10,auto,add_to_cart,desktop,affiliate,39,dummy
2026-08-10,auto,begin_checkout,desktop,affiliate,11,dummy
2026-08-10,auto,add_payment_info,desktop,affiliate,9,dummy
2026-08-10,auto,purchase,desktop,affiliate,9,dummy
2026-08-10,auto,page_view,desktop,referral,79,dummy
2026-08-10,auto,view_item,desktop,referral,42,dummy
2026-08-10,auto,add_to_cart,desktop,referral,16,dummy
2026-08-10,auto,begin_checkout,desktop,referral,4,dummy
2026-08-10,auto,add_payment_info,desktop,referral,4,dummy
2026-08-10,auto,purchase,desktop,referral,4,dummy
2026-08-10,auto,page_view,tablet,sea,96,dummy
2026-08-10,auto,view_item,tablet,sea,52,dummy
2026-08-10,auto,add_to_cart,tablet,sea,14,dummy
2026-08-10,auto,begin_checkout,tablet,sea,5,dummy
2026-08-10,auto,add_payment_info,tablet,sea,3,dummy
2026-08-10,auto,purchase,tablet,sea,2,dummy
2026-08-10,auto,page_view,tablet,seo,74,dummy
2026-08-10,auto,view_item,tablet,seo,47,dummy
2026-08-10,auto,add_to_cart,tablet,seo,17,dummy
2026-08-10,auto,begin_checkout,tablet,seo,5,dummy
2026-08-10,auto,add_payment_info,tablet,seo,3,dummy
2026-08-10,auto,purchase,tablet,seo,3,dummy
2026-08-10,auto,page_view,tablet,direct,56,dummy
2026-08-10,auto,view_item,tablet,direct,37,dummy
2026-08-10,auto,add_to_cart,tablet,direct,21,dummy
2026-08-10,auto,begin_checkout,tablet,direct,8,dummy
2026-08-10,auto,add_payment_info,tablet,direct,4,dummy
2026-08-10,auto,purchase,tablet,direct,2,dummy
2026-08-10,auto,page_view,tablet,email,22,dummy
2026-08-10,auto,view_item,tablet,email,12,dummy
2026-08-10,auto,add_to_cart,tablet,email,5,dummy
2026-08-10,auto,begin_checkout,tablet,email,3,dummy
2026-08-10,auto,add_payment_info,tablet,email,2,dummy
2026-08-10,auto,purchase,tablet,email,1,dummy
2026-08-10,auto,page_view,tablet,paid_social,19,dummy
2026-08-10,auto,view_item,tablet,paid_social,11,dummy
2026-08-10,auto,add_to_cart,tablet,paid_social,4,dummy
2026-08-10,auto,begin_checkout,tablet,paid_social,1,dummy
2026-08-10,auto,add_payment_info,tablet,paid_social,1,dummy
2026-08-10,auto,purchase,tablet,paid_social,1,dummy
2026-08-10,auto,page_view,tablet,affiliate,26,dummy
2026-08-10,auto,view_item,tablet,affiliate,16,dummy
2026-08-10,auto,add_to_cart,tablet,affiliate,7,dummy
2026-08-10,auto,begin_checkout,tablet,affiliate,4,dummy
2026-08-10,auto,add_payment_info,tablet,affiliate,1,dummy
2026-08-10,auto,purchase,tablet,affiliate,1,dummy
2026-08-10,auto,page_view,tablet,referral,11,dummy
2026-08-10,auto,view_item,tablet,referral,7,dummy
2026-08-10,auto,add_to_cart,tablet,referral,1,dummy
2026-08-10,auto,begin_checkout,tablet,referral,0,dummy
2026-08-10,auto,add_payment_info,tablet,referral,0,dummy
2026-08-10,auto,purchase,tablet,referral,0,dummy
2026-08-11,auto,page_view,mobile,sea,899,dummy
2026-08-11,auto,view_item,mobile,sea,332,dummy
2026-08-11,auto,add_to_cart,mobile,sea,113,dummy
2026-08-11,auto,begin_checkout,mobile,sea,34,dummy
2026-08-11,auto,add_payment_info,mobile,sea,26,dummy
2026-08-11,auto,purchase,mobile,sea,20,dummy
2026-08-11,auto,page_view,mobile,seo,782,dummy
2026-08-11,auto,view_item,mobile,seo,305,dummy
2026-08-11,auto,add_to_cart,mobile,seo,143,dummy
2026-08-11,auto,begin_checkout,mobile,seo,44,dummy
2026-08-11,auto,add_payment_info,mobile,seo,28,dummy
2026-08-11,auto,purchase,mobile,seo,22,dummy
2026-08-11,auto,page_view,mobile,direct,468,dummy
2026-08-11,auto,view_item,mobile,direct,180,dummy
2026-08-11,auto,add_to_cart,mobile,direct,83,dummy
2026-08-11,auto,begin_checkout,mobile,direct,24,dummy
2026-08-11,auto,add_payment_info,mobile,direct,15,dummy
2026-08-11,auto,purchase,mobile,direct,8,dummy
2026-08-11,auto,page_view,mobile,email,205,dummy
2026-08-11,auto,view_item,mobile,email,80,dummy
2026-08-11,auto,add_to_cart,mobile,email,33,dummy
2026-08-11,auto,begin_checkout,mobile,email,9,dummy
2026-08-11,auto,add_payment_info,mobile,email,6,dummy
2026-08-11,auto,purchase,mobile,email,5,dummy
2026-08-11,auto,page_view,mobile,paid_social,221,dummy
2026-08-11,auto,view_item,mobile,paid_social,85,dummy
2026-08-11,auto,add_to_cart,mobile,paid_social,34,dummy
2026-08-11,auto,begin_checkout,mobile,paid_social,13,dummy
2026-08-11,auto,add_payment_info,mobile,paid_social,9,dummy
2026-08-11,auto,purchase,mobile,paid_social,7,dummy
2026-08-11,auto,page_view,mobile,affiliate,274,dummy
2026-08-11,auto,view_item,mobile,affiliate,104,dummy
2026-08-11,auto,add_to_cart,mobile,affiliate,52,dummy
2026-08-11,auto,begin_checkout,mobile,affiliate,10,dummy
2026-08-11,auto,add_payment_info,mobile,affiliate,9,dummy
2026-08-11,auto,purchase,mobile,affiliate,3,dummy
2026-08-11,auto,page_view,mobile,referral,151,dummy
2026-08-11,auto,view_item,mobile,referral,55,dummy
2026-08-11,auto,add_to_cart,mobile,referral,27,dummy
2026-08-11,auto,begin_checkout,mobile,referral,6,dummy
2026-08-11,auto,add_payment_info,mobile,referral,3,dummy
2026-08-11,auto,purchase,mobile,referral,1,dummy
2026-08-11,auto,page_view,desktop,sea,555,dummy
2026-08-11,auto,view_item,desktop,sea,326,dummy
2026-08-11,auto,add_to_cart,desktop,sea,110,dummy
2026-08-11,auto,begin_checkout,desktop,sea,35,dummy
2026-08-11,auto,add_payment_info,desktop,sea,19,dummy
2026-08-11,auto,purchase,desktop,sea,17,dummy
2026-08-11,auto,page_view,desktop,seo,381,dummy
2026-08-11,auto,view_item,desktop,seo,207,dummy
2026-08-11,auto,add_to_cart,desktop,seo,94,dummy
2026-08-11,auto,begin_checkout,desktop,seo,28,dummy
2026-08-11,auto,add_payment_info,desktop,seo,17,dummy
2026-08-11,auto,purchase,desktop,seo,16,dummy
2026-08-11,auto,page_view,desktop,direct,237,dummy
2026-08-11,auto,view_item,desktop,direct,118,dummy
2026-08-11,auto,add_to_cart,desktop,direct,66,dummy
2026-08-11,auto,begin_checkout,desktop,direct,21,dummy
2026-08-11,auto,add_payment_info,desktop,direct,18,dummy
2026-08-11,auto,purchase,desktop,direct,14,dummy
2026-08-11,auto,page_view,desktop,email,149,dummy
2026-08-11,auto,view_item,desktop,email,78,dummy
2026-08-11,auto,add_to_cart,desktop,email,43,dummy
2026-08-11,auto,begin_checkout,desktop,email,10,dummy
2026-08-11,auto,add_payment_info,desktop,email,8,dummy
2026-08-11,auto,purchase,desktop,email,7,dummy
2026-08-11,auto,page_view,desktop,paid_social,116,dummy
2026-08-11,auto,view_item,desktop,paid_social,56,dummy
2026-08-11,auto,add_to_cart,desktop,paid_social,18,dummy
2026-08-11,auto,begin_checkout,desktop,paid_social,9,dummy
2026-08-11,auto,add_payment_info,desktop,paid_social,4,dummy
2026-08-11,auto,purchase,desktop,paid_social,3,dummy
2026-08-11,auto,page_view,desktop,affiliate,176,dummy
2026-08-11,auto,view_item,desktop,affiliate,83,dummy
2026-08-11,auto,add_to_cart,desktop,affiliate,31,dummy
2026-08-11,auto,begin_checkout,desktop,affiliate,7,dummy
2026-08-11,auto,add_payment_info,desktop,affiliate,5,dummy
2026-08-11,auto,purchase,desktop,affiliate,5,dummy
2026-08-11,auto,page_view,desktop,referral,75,dummy
2026-08-11,auto,view_item,desktop,referral,39,dummy
2026-08-11,auto,add_to_cart,desktop,referral,22,dummy
2026-08-11,auto,begin_checkout,desktop,referral,8,dummy
2026-08-11,auto,add_payment_info,desktop,referral,5,dummy
2026-08-11,auto,purchase,desktop,referral,5,dummy
2026-08-11,auto,page_view,tablet,sea,99,dummy
2026-08-11,auto,view_item,tablet,sea,43,dummy
2026-08-11,auto,add_to_cart,tablet,sea,17,dummy
2026-08-11,auto,begin_checkout,tablet,sea,6,dummy
2026-08-11,auto,add_payment_info,tablet,sea,5,dummy
2026-08-11,auto,purchase,tablet,sea,3,dummy
2026-08-11,auto,page_view,tablet,seo,92,dummy
2026-08-11,auto,view_item,tablet,seo,51,dummy
2026-08-11,auto,add_to_cart,tablet,seo,23,dummy
2026-08-11,auto,begin_checkout,tablet,seo,4,dummy
2026-08-11,auto,add_payment_info,tablet,seo,3,dummy
2026-08-11,auto,purchase,tablet,seo,2,dummy
2026-08-11,auto,page_view,tablet,direct,68,dummy
2026-08-11,auto,view_item,tablet,direct,30,dummy
2026-08-11,auto,add_to_cart,tablet,direct,14,dummy
2026-08-11,auto,begin_checkout,tablet,direct,3,dummy
2026-08-11,auto,add_payment_info,tablet,direct,3,dummy
2026-08-11,auto,purchase,tablet,direct,3,dummy
2026-08-11,auto,page_view,tablet,email,29,dummy
2026-08-11,auto,view_item,tablet,email,19,dummy
2026-08-11,auto,add_to_cart,tablet,email,10,dummy
2026-08-11,auto,begin_checkout,tablet,email,5,dummy
2026-08-11,auto,add_payment_info,tablet,email,2,dummy
2026-08-11,auto,purchase,tablet,email,2,dummy
2026-08-11,auto,page_view,tablet,paid_social,21,dummy
2026-08-11,auto,view_item,tablet,paid_social,9,dummy
2026-08-11,auto,add_to_cart,tablet,paid_social,3,dummy
2026-08-11,auto,begin_checkout,tablet,paid_social,0,dummy
2026-08-11,auto,add_payment_info,tablet,paid_social,0,dummy
2026-08-11,auto,purchase,tablet,paid_social,0,dummy
2026-08-11,auto,page_view,tablet,affiliate,37,dummy
2026-08-11,auto,view_item,tablet,affiliate,22,dummy
2026-08-11,auto,add_to_cart,tablet,affiliate,9,dummy
2026-08-11,auto,begin_checkout,tablet,affiliate,5,dummy
2026-08-11,auto,add_payment_info,tablet,affiliate,1,dummy
2026-08-11,auto,purchase,tablet,affiliate,0,dummy
2026-08-11,auto,page_view,tablet,referral,18,dummy
2026-08-11,auto,view_item,tablet,referral,11,dummy
2026-08-11,auto,add_to_cart,tablet,referral,2,dummy
2026-08-11,auto,begin_checkout,tablet,referral,0,dummy
2026-08-11,auto,add_payment_info,tablet,referral,0,dummy
2026-08-11,auto,purchase,tablet,referral,0,dummy
2026-08-12,auto,page_view,mobile,sea,941,dummy
2026-08-12,auto,view_item,mobile,sea,341,dummy
2026-08-12,auto,add_to_cart,mobile,sea,141,dummy
2026-08-12,auto,begin_checkout,mobile,sea,44,dummy
2026-08-12,auto,add_payment_info,mobile,sea,32,dummy
2026-08-12,auto,purchase,mobile,sea,25,dummy
2026-08-12,auto,page_view,mobile,seo,699,dummy
2026-08-12,auto,view_item,mobile,seo,267,dummy
2026-08-12,auto,add_to_cart,mobile,seo,136,dummy
2026-08-12,auto,begin_checkout,mobile,seo,47,dummy
2026-08-12,auto,add_payment_info,mobile,seo,28,dummy
2026-08-12,auto,purchase,mobile,seo,18,dummy
2026-08-12,auto,page_view,mobile,direct,460,dummy
2026-08-12,auto,view_item,mobile,direct,170,dummy
2026-08-12,auto,add_to_cart,mobile,direct,70,dummy
2026-08-12,auto,begin_checkout,mobile,direct,19,dummy
2026-08-12,auto,add_payment_info,mobile,direct,15,dummy
2026-08-12,auto,purchase,mobile,direct,12,dummy
2026-08-12,auto,page_view,mobile,email,232,dummy
2026-08-12,auto,view_item,mobile,email,82,dummy
2026-08-12,auto,add_to_cart,mobile,email,37,dummy
2026-08-12,auto,begin_checkout,mobile,email,11,dummy
2026-08-12,auto,add_payment_info,mobile,email,7,dummy
2026-08-12,auto,purchase,mobile,email,6,dummy
2026-08-12,auto,page_view,mobile,paid_social,200,dummy
2026-08-12,auto,view_item,mobile,paid_social,80,dummy
2026-08-12,auto,add_to_cart,mobile,paid_social,37,dummy
2026-08-12,auto,begin_checkout,mobile,paid_social,7,dummy
2026-08-12,auto,add_payment_info,mobile,paid_social,6,dummy
2026-08-12,auto,purchase,mobile,paid_social,3,dummy
2026-08-12,auto,page_view,mobile,affiliate,282,dummy
2026-08-12,auto,view_item,mobile,affiliate,102,dummy
2026-08-12,auto,add_to_cart,mobile,affiliate,42,dummy
2026-08-12,auto,begin_checkout,mobile,affiliate,14,dummy
2026-08-12,auto,add_payment_info,mobile,affiliate,12,dummy
2026-08-12,auto,purchase,mobile,affiliate,9,dummy
2026-08-12,auto,page_view,mobile,referral,145,dummy
2026-08-12,auto,view_item,mobile,referral,60,dummy
2026-08-12,auto,add_to_cart,mobile,referral,28,dummy
2026-08-12,auto,begin_checkout,mobile,referral,10,dummy
2026-08-12,auto,add_payment_info,mobile,referral,5,dummy
2026-08-12,auto,purchase,mobile,referral,5,dummy
2026-08-12,auto,page_view,desktop,sea,484,dummy
2026-08-12,auto,view_item,desktop,sea,259,dummy
2026-08-12,auto,add_to_cart,desktop,sea,83,dummy
2026-08-12,auto,begin_checkout,desktop,sea,27,dummy
2026-08-12,auto,add_payment_info,desktop,sea,17,dummy
2026-08-12,auto,purchase,desktop,sea,14,dummy
2026-08-12,auto,page_view,desktop,seo,399,dummy
2026-08-12,auto,view_item,desktop,seo,207,dummy
2026-08-12,auto,add_to_cart,desktop,seo,94,dummy
2026-08-12,auto,begin_checkout,desktop,seo,35,dummy
2026-08-12,auto,add_payment_info,desktop,seo,22,dummy
2026-08-12,auto,purchase,desktop,seo,16,dummy
2026-08-12,auto,page_view,desktop,direct,230,dummy
2026-08-12,auto,view_item,desktop,direct,138,dummy
2026-08-12,auto,add_to_cart,desktop,direct,64,dummy
2026-08-12,auto,begin_checkout,desktop,direct,14,dummy
2026-08-12,auto,add_payment_info,desktop,direct,8,dummy
2026-08-12,auto,purchase,desktop,direct,7,dummy
2026-08-12,auto,page_view,desktop,email,123,dummy
2026-08-12,auto,view_item,desktop,email,64,dummy
2026-08-12,auto,add_to_cart,desktop,email,27,dummy
2026-08-12,auto,begin_checkout,desktop,email,8,dummy
2026-08-12,auto,add_payment_info,desktop,email,5,dummy
2026-08-12,auto,purchase,desktop,email,5,dummy
2026-08-12,auto,page_view,desktop,paid_social,116,dummy
2026-08-12,auto,view_item,desktop,paid_social,62,dummy
2026-08-12,auto,add_to_cart,desktop,paid_social,32,dummy
2026-08-12,auto,begin_checkout,desktop,paid_social,13,dummy
2026-08-12,auto,add_payment_info,desktop,paid_social,8,dummy
2026-08-12,auto,purchase,desktop,paid_social,5,dummy
2026-08-12,auto,page_view,desktop,affiliate,161,dummy
2026-08-12,auto,view_item,desktop,affiliate,87,dummy
2026-08-12,auto,add_to_cart,desktop,affiliate,49,dummy
2026-08-12,auto,begin_checkout,desktop,affiliate,17,dummy
2026-08-12,auto,add_payment_info,desktop,affiliate,13,dummy
2026-08-12,auto,purchase,desktop,affiliate,10,dummy
2026-08-12,auto,page_view,desktop,referral,93,dummy
2026-08-12,auto,view_item,desktop,referral,48,dummy
2026-08-12,auto,add_to_cart,desktop,referral,19,dummy
2026-08-12,auto,begin_checkout,desktop,referral,8,dummy
2026-08-12,auto,add_payment_info,desktop,referral,6,dummy
2026-08-12,auto,purchase,desktop,referral,6,dummy
2026-08-12,auto,page_view,tablet,sea,103,dummy
2026-08-12,auto,view_item,tablet,sea,56,dummy
2026-08-12,auto,add_to_cart,tablet,sea,15,dummy
2026-08-12,auto,begin_checkout,tablet,sea,6,dummy
2026-08-12,auto,add_payment_info,tablet,sea,4,dummy
2026-08-12,auto,purchase,tablet,sea,4,dummy
2026-08-12,auto,page_view,tablet,seo,73,dummy
2026-08-12,auto,view_item,tablet,seo,42,dummy
2026-08-12,auto,add_to_cart,tablet,seo,18,dummy
2026-08-12,auto,begin_checkout,tablet,seo,3,dummy
2026-08-12,auto,add_payment_info,tablet,seo,2,dummy
2026-08-12,auto,purchase,tablet,seo,1,dummy
2026-08-12,auto,page_view,tablet,direct,53,dummy
2026-08-12,auto,view_item,tablet,direct,24,dummy
2026-08-12,auto,add_to_cart,tablet,direct,9,dummy
2026-08-12,auto,begin_checkout,tablet,direct,1,dummy
2026-08-12,auto,add_payment_info,tablet,direct,1,dummy
2026-08-12,auto,purchase,tablet,direct,0,dummy
2026-08-12,auto,page_view,tablet,email,26,dummy
2026-08-12,auto,view_item,tablet,email,15,dummy
2026-08-12,auto,add_to_cart,tablet,email,11,dummy
2026-08-12,auto,begin_checkout,tablet,email,2,dummy
2026-08-12,auto,add_payment_info,tablet,email,2,dummy
2026-08-12,auto,purchase,tablet,email,2,dummy
2026-08-12,auto,page_view,tablet,paid_social,21,dummy
2026-08-12,auto,view_item,tablet,paid_social,5,dummy
2026-08-12,auto,add_to_cart,tablet,paid_social,3,dummy
2026-08-12,auto,begin_checkout,tablet,paid_social,0,dummy
2026-08-12,auto,add_payment_info,tablet,paid_social,0,dummy
2026-08-12,auto,purchase,tablet,paid_social,0,dummy
2026-08-12,auto,page_view,tablet,affiliate,35,dummy
2026-08-12,auto,view_item,tablet,affiliate,21,dummy
2026-08-12,auto,add_to_cart,tablet,affiliate,9,dummy
2026-08-12,auto,begin_checkout,tablet,affiliate,3,dummy
2026-08-12,auto,add_payment_info,tablet,affiliate,2,dummy
2026-08-12,auto,purchase,tablet,affiliate,2,dummy
2026-08-12,auto,page_view,tablet,referral,24,dummy
2026-08-12,auto,view_item,tablet,referral,15,dummy
2026-08-12,auto,add_to_cart,tablet,referral,6,dummy
2026-08-12,auto,begin_checkout,tablet,referral,2,dummy
2026-08-12,auto,add_payment_info,tablet,referral,2,dummy
2026-08-12,auto,purchase,tablet,referral,2,dummy
2026-08-13,auto,page_view,mobile,sea,876,dummy
2026-08-13,auto,view_item,mobile,sea,318,dummy
2026-08-13,auto,add_to_cart,mobile,sea,119,dummy
2026-08-13,auto,begin_checkout,mobile,sea,35,dummy
2026-08-13,auto,add_payment_info,mobile,sea,23,dummy
2026-08-13,auto,purchase,mobile,sea,19,dummy
2026-08-13,auto,page_view,mobile,seo,707,dummy
2026-08-13,auto,view_item,mobile,seo,275,dummy
2026-08-13,auto,add_to_cart,mobile,seo,119,dummy
2026-08-13,auto,begin_checkout,mobile,seo,28,dummy
2026-08-13,auto,add_payment_info,mobile,seo,21,dummy
2026-08-13,auto,purchase,mobile,seo,18,dummy
2026-08-13,auto,page_view,mobile,direct,454,dummy
2026-08-13,auto,view_item,mobile,direct,184,dummy
2026-08-13,auto,add_to_cart,mobile,direct,77,dummy
2026-08-13,auto,begin_checkout,mobile,direct,25,dummy
2026-08-13,auto,add_payment_info,mobile,direct,17,dummy
2026-08-13,auto,purchase,mobile,direct,16,dummy
2026-08-13,auto,page_view,mobile,email,250,dummy
2026-08-13,auto,view_item,mobile,email,105,dummy
2026-08-13,auto,add_to_cart,mobile,email,47,dummy
2026-08-13,auto,begin_checkout,mobile,email,18,dummy
2026-08-13,auto,add_payment_info,mobile,email,12,dummy
2026-08-13,auto,purchase,mobile,email,11,dummy
2026-08-13,auto,page_view,mobile,paid_social,172,dummy
2026-08-13,auto,view_item,mobile,paid_social,61,dummy
2026-08-13,auto,add_to_cart,mobile,paid_social,20,dummy
2026-08-13,auto,begin_checkout,mobile,paid_social,3,dummy
2026-08-13,auto,add_payment_info,mobile,paid_social,1,dummy
2026-08-13,auto,purchase,mobile,paid_social,0,dummy
2026-08-13,auto,page_view,mobile,affiliate,307,dummy
2026-08-13,auto,view_item,mobile,affiliate,123,dummy
2026-08-13,auto,add_to_cart,mobile,affiliate,54,dummy
2026-08-13,auto,begin_checkout,mobile,affiliate,23,dummy
2026-08-13,auto,add_payment_info,mobile,affiliate,13,dummy
2026-08-13,auto,purchase,mobile,affiliate,12,dummy
2026-08-13,auto,page_view,mobile,referral,134,dummy
2026-08-13,auto,view_item,mobile,referral,50,dummy
2026-08-13,auto,add_to_cart,mobile,referral,22,dummy
2026-08-13,auto,begin_checkout,mobile,referral,4,dummy
2026-08-13,auto,add_payment_info,mobile,referral,1,dummy
2026-08-13,auto,purchase,mobile,referral,1,dummy
2026-08-13,auto,page_view,desktop,sea,514,dummy
2026-08-13,auto,view_item,desktop,sea,282,dummy
2026-08-13,auto,add_to_cart,desktop,sea,85,dummy
2026-08-13,auto,begin_checkout,desktop,sea,34,dummy
2026-08-13,auto,add_payment_info,desktop,sea,16,dummy
2026-08-13,auto,purchase,desktop,sea,13,dummy
2026-08-13,auto,page_view,desktop,seo,418,dummy
2026-08-13,auto,view_item,desktop,seo,239,dummy
2026-08-13,auto,add_to_cart,desktop,seo,112,dummy
2026-08-13,auto,begin_checkout,desktop,seo,36,dummy
2026-08-13,auto,add_payment_info,desktop,seo,25,dummy
2026-08-13,auto,purchase,desktop,seo,22,dummy
2026-08-13,auto,page_view,desktop,direct,221,dummy
2026-08-13,auto,view_item,desktop,direct,119,dummy
2026-08-13,auto,add_to_cart,desktop,direct,54,dummy
2026-08-13,auto,begin_checkout,desktop,direct,13,dummy
2026-08-13,auto,add_payment_info,desktop,direct,9,dummy
2026-08-13,auto,purchase,desktop,direct,8,dummy
2026-08-13,auto,page_view,desktop,email,122,dummy
2026-08-13,auto,view_item,desktop,email,63,dummy
2026-08-13,auto,add_to_cart,desktop,email,30,dummy
2026-08-13,auto,begin_checkout,desktop,email,10,dummy
2026-08-13,auto,add_payment_info,desktop,email,7,dummy
2026-08-13,auto,purchase,desktop,email,7,dummy
2026-08-13,auto,page_view,desktop,paid_social,132,dummy
2026-08-13,auto,view_item,desktop,paid_social,75,dummy
2026-08-13,auto,add_to_cart,desktop,paid_social,26,dummy
2026-08-13,auto,begin_checkout,desktop,paid_social,7,dummy
2026-08-13,auto,add_payment_info,desktop,paid_social,2,dummy
2026-08-13,auto,purchase,desktop,paid_social,1,dummy
2026-08-13,auto,page_view,desktop,affiliate,161,dummy
2026-08-13,auto,view_item,desktop,affiliate,87,dummy
2026-08-13,auto,add_to_cart,desktop,affiliate,34,dummy
2026-08-13,auto,begin_checkout,desktop,affiliate,15,dummy
2026-08-13,auto,add_payment_info,desktop,affiliate,9,dummy
2026-08-13,auto,purchase,desktop,affiliate,6,dummy
2026-08-13,auto,page_view,desktop,referral,78,dummy
2026-08-13,auto,view_item,desktop,referral,45,dummy
2026-08-13,auto,add_to_cart,desktop,referral,15,dummy
2026-08-13,auto,begin_checkout,desktop,referral,4,dummy
2026-08-13,auto,add_payment_info,desktop,referral,3,dummy
2026-08-13,auto,purchase,desktop,referral,1,dummy
2026-08-13,auto,page_view,tablet,sea,100,dummy
2026-08-13,auto,view_item,tablet,sea,56,dummy
2026-08-13,auto,add_to_cart,tablet,sea,20,dummy
2026-08-13,auto,begin_checkout,tablet,sea,6,dummy
2026-08-13,auto,add_payment_info,tablet,sea,3,dummy
2026-08-13,auto,purchase,tablet,sea,3,dummy
2026-08-13,auto,page_view,tablet,seo,75,dummy
2026-08-13,auto,view_item,tablet,seo,36,dummy
2026-08-13,auto,add_to_cart,tablet,seo,20,dummy
2026-08-13,auto,begin_checkout,tablet,seo,14,dummy
2026-08-13,auto,add_payment_info,tablet,seo,10,dummy
2026-08-13,auto,purchase,tablet,seo,10,dummy
2026-08-13,auto,page_view,tablet,direct,48,dummy
2026-08-13,auto,view_item,tablet,direct,27,dummy
2026-08-13,auto,add_to_cart,tablet,direct,11,dummy
2026-08-13,auto,begin_checkout,tablet,direct,5,dummy
2026-08-13,auto,add_payment_info,tablet,direct,3,dummy
2026-08-13,auto,purchase,tablet,direct,3,dummy
2026-08-13,auto,page_view,tablet,email,29,dummy
2026-08-13,auto,view_item,tablet,email,15,dummy
2026-08-13,auto,add_to_cart,tablet,email,10,dummy
2026-08-13,auto,begin_checkout,tablet,email,8,dummy
2026-08-13,auto,add_payment_info,tablet,email,4,dummy
2026-08-13,auto,purchase,tablet,email,4,dummy
2026-08-13,auto,page_view,tablet,paid_social,18,dummy
2026-08-13,auto,view_item,tablet,paid_social,13,dummy
2026-08-13,auto,add_to_cart,tablet,paid_social,9,dummy
2026-08-13,auto,begin_checkout,tablet,paid_social,2,dummy
2026-08-13,auto,add_payment_info,tablet,paid_social,2,dummy
2026-08-13,auto,purchase,tablet,paid_social,2,dummy
2026-08-13,auto,page_view,tablet,affiliate,28,dummy
2026-08-13,auto,view_item,tablet,affiliate,17,dummy
2026-08-13,auto,add_to_cart,tablet,affiliate,12,dummy
2026-08-13,auto,begin_checkout,tablet,affiliate,5,dummy
2026-08-13,auto,add_payment_info,tablet,affiliate,4,dummy
2026-08-13,auto,purchase,tablet,affiliate,4,dummy
2026-08-13,auto,page_view,tablet,referral,21,dummy
2026-08-13,auto,view_item,tablet,referral,12,dummy
2026-08-13,auto,add_to_cart,tablet,referral,7,dummy
2026-08-13,auto,begin_checkout,tablet,referral,4,dummy
2026-08-13,auto,add_payment_info,tablet,referral,2,dummy
2026-08-13,auto,purchase,tablet,referral,2,dummy
2026-08-14,auto,page_view,mobile,sea,927,dummy
2026-08-14,auto,view_item,mobile,sea,360,dummy
2026-08-14,auto,add_to_cart,mobile,sea,125,dummy
2026-08-14,auto,begin_checkout,mobile,sea,36,dummy
2026-08-14,auto,add_payment_info,mobile,sea,22,dummy
2026-08-14,auto,purchase,mobile,sea,18,dummy
2026-08-14,auto,page_view,mobile,seo,739,dummy
2026-08-14,auto,view_item,mobile,seo,290,dummy
2026-08-14,auto,add_to_cart,mobile,seo,124,dummy
2026-08-14,auto,begin_checkout,mobile,seo,41,dummy
2026-08-14,auto,add_payment_info,mobile,seo,28,dummy
2026-08-14,auto,purchase,mobile,seo,23,dummy
2026-08-14,auto,page_view,mobile,direct,424,dummy
2026-08-14,auto,view_item,mobile,direct,166,dummy
2026-08-14,auto,add_to_cart,mobile,direct,73,dummy
2026-08-14,auto,begin_checkout,mobile,direct,26,dummy
2026-08-14,auto,add_payment_info,mobile,direct,21,dummy
2026-08-14,auto,purchase,mobile,direct,17,dummy
2026-08-14,auto,page_view,mobile,email,236,dummy
2026-08-14,auto,view_item,mobile,email,106,dummy
2026-08-14,auto,add_to_cart,mobile,email,64,dummy
2026-08-14,auto,begin_checkout,mobile,email,22,dummy
2026-08-14,auto,add_payment_info,mobile,email,13,dummy
2026-08-14,auto,purchase,mobile,email,10,dummy
2026-08-14,auto,page_view,mobile,paid_social,195,dummy
2026-08-14,auto,view_item,mobile,paid_social,69,dummy
2026-08-14,auto,add_to_cart,mobile,paid_social,30,dummy
2026-08-14,auto,begin_checkout,mobile,paid_social,9,dummy
2026-08-14,auto,add_payment_info,mobile,paid_social,6,dummy
2026-08-14,auto,purchase,mobile,paid_social,5,dummy
2026-08-14,auto,page_view,mobile,affiliate,315,dummy
2026-08-14,auto,view_item,mobile,affiliate,117,dummy
2026-08-14,auto,add_to_cart,mobile,affiliate,52,dummy
2026-08-14,auto,begin_checkout,mobile,affiliate,19,dummy
2026-08-14,auto,add_payment_info,mobile,affiliate,10,dummy
2026-08-14,auto,purchase,mobile,affiliate,10,dummy
2026-08-14,auto,page_view,mobile,referral,149,dummy
2026-08-14,auto,view_item,mobile,referral,44,dummy
2026-08-14,auto,add_to_cart,mobile,referral,23,dummy
2026-08-14,auto,begin_checkout,mobile,referral,9,dummy
2026-08-14,auto,add_payment_info,mobile,referral,6,dummy
2026-08-14,auto,purchase,mobile,referral,2,dummy
2026-08-14,auto,page_view,desktop,sea,498,dummy
2026-08-14,auto,view_item,desktop,sea,287,dummy
2026-08-14,auto,add_to_cart,desktop,sea,103,dummy
2026-08-14,auto,begin_checkout,desktop,sea,29,dummy
2026-08-14,auto,add_payment_info,desktop,sea,20,dummy
2026-08-14,auto,purchase,desktop,sea,16,dummy
2026-08-14,auto,page_view,desktop,seo,389,dummy
2026-08-14,auto,view_item,desktop,seo,208,dummy
2026-08-14,auto,add_to_cart,desktop,seo,96,dummy
2026-08-14,auto,begin_checkout,desktop,seo,33,dummy
2026-08-14,auto,add_payment_info,desktop,seo,20,dummy
2026-08-14,auto,purchase,desktop,seo,16,dummy
2026-08-14,auto,page_view,desktop,direct,247,dummy
2026-08-14,auto,view_item,desktop,direct,138,dummy
2026-08-14,auto,add_to_cart,desktop,direct,71,dummy
2026-08-14,auto,begin_checkout,desktop,direct,18,dummy
2026-08-14,auto,add_payment_info,desktop,direct,11,dummy
2026-08-14,auto,purchase,desktop,direct,7,dummy
2026-08-14,auto,page_view,desktop,email,140,dummy
2026-08-14,auto,view_item,desktop,email,83,dummy
2026-08-14,auto,add_to_cart,desktop,email,40,dummy
2026-08-14,auto,begin_checkout,desktop,email,15,dummy
2026-08-14,auto,add_payment_info,desktop,email,10,dummy
2026-08-14,auto,purchase,desktop,email,9,dummy
2026-08-14,auto,page_view,desktop,paid_social,109,dummy
2026-08-14,auto,view_item,desktop,paid_social,65,dummy
2026-08-14,auto,add_to_cart,desktop,paid_social,16,dummy
2026-08-14,auto,begin_checkout,desktop,paid_social,3,dummy
2026-08-14,auto,add_payment_info,desktop,paid_social,2,dummy
2026-08-14,auto,purchase,desktop,paid_social,1,dummy
2026-08-14,auto,page_view,desktop,affiliate,167,dummy
2026-08-14,auto,view_item,desktop,affiliate,97,dummy
2026-08-14,auto,add_to_cart,desktop,affiliate,45,dummy
2026-08-14,auto,begin_checkout,desktop,affiliate,12,dummy
2026-08-14,auto,add_payment_info,desktop,affiliate,9,dummy
2026-08-14,auto,purchase,desktop,affiliate,4,dummy
2026-08-14,auto,page_view,desktop,referral,95,dummy
2026-08-14,auto,view_item,desktop,referral,49,dummy
2026-08-14,auto,add_to_cart,desktop,referral,19,dummy
2026-08-14,auto,begin_checkout,desktop,referral,3,dummy
2026-08-14,auto,add_payment_info,desktop,referral,3,dummy
2026-08-14,auto,purchase,desktop,referral,1,dummy
2026-08-14,auto,page_view,tablet,sea,103,dummy
2026-08-14,auto,view_item,tablet,sea,49,dummy
2026-08-14,auto,add_to_cart,tablet,sea,15,dummy
2026-08-14,auto,begin_checkout,tablet,sea,4,dummy
2026-08-14,auto,add_payment_info,tablet,sea,2,dummy
2026-08-14,auto,purchase,tablet,sea,2,dummy
2026-08-14,auto,page_view,tablet,seo,109,dummy
2026-08-14,auto,view_item,tablet,seo,52,dummy
2026-08-14,auto,add_to_cart,tablet,seo,26,dummy
2026-08-14,auto,begin_checkout,tablet,seo,7,dummy
2026-08-14,auto,add_payment_info,tablet,seo,5,dummy
2026-08-14,auto,purchase,tablet,seo,4,dummy
2026-08-14,auto,page_view,tablet,direct,37,dummy
2026-08-14,auto,view_item,tablet,direct,18,dummy
2026-08-14,auto,add_to_cart,tablet,direct,10,dummy
2026-08-14,auto,begin_checkout,tablet,direct,3,dummy
2026-08-14,auto,add_payment_info,tablet,direct,2,dummy
2026-08-14,auto,purchase,tablet,direct,2,dummy
2026-08-14,auto,page_view,tablet,email,23,dummy
2026-08-14,auto,view_item,tablet,email,15,dummy
2026-08-14,auto,add_to_cart,tablet,email,7,dummy
2026-08-14,auto,begin_checkout,tablet,email,4,dummy
2026-08-14,auto,add_payment_info,tablet,email,4,dummy
2026-08-14,auto,purchase,tablet,email,3,dummy
2026-08-14,auto,page_view,tablet,paid_social,26,dummy
2026-08-14,auto,view_item,tablet,paid_social,13,dummy
2026-08-14,auto,add_to_cart,tablet,paid_social,4,dummy
2026-08-14,auto,begin_checkout,tablet,paid_social,1,dummy
2026-08-14,auto,add_payment_info,tablet,paid_social,0,dummy
2026-08-14,auto,purchase,tablet,paid_social,0,dummy
2026-08-14,auto,page_view,tablet,affiliate,31,dummy
2026-08-14,auto,view_item,tablet,affiliate,23,dummy
2026-08-14,auto,add_to_cart,tablet,affiliate,10,dummy
2026-08-14,auto,begin_checkout,tablet,affiliate,3,dummy
2026-08-14,auto,add_payment_info,tablet,affiliate,2,dummy
2026-08-14,auto,purchase,tablet,affiliate,1,dummy
2026-08-14,auto,page_view,tablet,referral,15,dummy
2026-08-14,auto,view_item,tablet,referral,5,dummy
2026-08-14,auto,add_to_cart,tablet,referral,3,dummy
2026-08-14,auto,begin_checkout,tablet,referral,1,dummy
2026-08-14,auto,add_payment_info,tablet,referral,0,dummy
2026-08-14,auto,purchase,tablet,referral,0,dummy
2026-08-15,auto,page_view,mobile,sea,737,dummy
2026-08-15,auto,view_item,mobile,sea,296,dummy
2026-08-15,auto,add_to_cart,mobile,sea,95,dummy
2026-08-15,auto,begin_checkout,mobile,sea,23,dummy
2026-08-15,auto,add_payment_info,mobile,sea,15,dummy
2026-08-15,auto,purchase,mobile,sea,14,dummy
2026-08-15,auto,page_view,mobile,seo,558,dummy
2026-08-15,auto,view_item,mobile,seo,226,dummy
2026-08-15,auto,add_to_cart,mobile,seo,90,dummy
2026-08-15,auto,begin_checkout,mobile,seo,27,dummy
2026-08-15,auto,add_payment_info,mobile,seo,17,dummy
2026-08-15,auto,purchase,mobile,seo,16,dummy
2026-08-15,auto,page_view,mobile,direct,348,dummy
2026-08-15,auto,view_item,mobile,direct,142,dummy
2026-08-15,auto,add_to_cart,mobile,direct,59,dummy
2026-08-15,auto,begin_checkout,mobile,direct,25,dummy
2026-08-15,auto,add_payment_info,mobile,direct,17,dummy
2026-08-15,auto,purchase,mobile,direct,15,dummy
2026-08-15,auto,page_view,mobile,email,215,dummy
2026-08-15,auto,view_item,mobile,email,82,dummy
2026-08-15,auto,add_to_cart,mobile,email,34,dummy
2026-08-15,auto,begin_checkout,mobile,email,12,dummy
2026-08-15,auto,add_payment_info,mobile,email,5,dummy
2026-08-15,auto,purchase,mobile,email,5,dummy
2026-08-15,auto,page_view,mobile,paid_social,160,dummy
2026-08-15,auto,view_item,mobile,paid_social,70,dummy
2026-08-15,auto,add_to_cart,mobile,paid_social,35,dummy
2026-08-15,auto,begin_checkout,mobile,paid_social,12,dummy
2026-08-15,auto,add_payment_info,mobile,paid_social,7,dummy
2026-08-15,auto,purchase,mobile,paid_social,5,dummy
2026-08-15,auto,page_view,mobile,affiliate,251,dummy
2026-08-15,auto,view_item,mobile,affiliate,95,dummy
2026-08-15,auto,add_to_cart,mobile,affiliate,42,dummy
2026-08-15,auto,begin_checkout,mobile,affiliate,12,dummy
2026-08-15,auto,add_payment_info,mobile,affiliate,9,dummy
2026-08-15,auto,purchase,mobile,affiliate,5,dummy
2026-08-15,auto,page_view,mobile,referral,130,dummy
2026-08-15,auto,view_item,mobile,referral,67,dummy
2026-08-15,auto,add_to_cart,mobile,referral,20,dummy
2026-08-15,auto,begin_checkout,mobile,referral,3,dummy
2026-08-15,auto,add_payment_info,mobile,referral,2,dummy
2026-08-15,auto,purchase,mobile,referral,1,dummy
2026-08-15,auto,page_view,desktop,sea,406,dummy
2026-08-15,auto,view_item,desktop,sea,236,dummy
2026-08-15,auto,add_to_cart,desktop,sea,68,dummy
2026-08-15,auto,begin_checkout,desktop,sea,20,dummy
2026-08-15,auto,add_payment_info,desktop,sea,10,dummy
2026-08-15,auto,purchase,desktop,sea,9,dummy
2026-08-15,auto,page_view,desktop,seo,339,dummy
2026-08-15,auto,view_item,desktop,seo,160,dummy
2026-08-15,auto,add_to_cart,desktop,seo,64,dummy
2026-08-15,auto,begin_checkout,desktop,seo,17,dummy
2026-08-15,auto,add_payment_info,desktop,seo,7,dummy
2026-08-15,auto,purchase,desktop,seo,6,dummy
2026-08-15,auto,page_view,desktop,direct,190,dummy
2026-08-15,auto,view_item,desktop,direct,110,dummy
2026-08-15,auto,add_to_cart,desktop,direct,47,dummy
2026-08-15,auto,begin_checkout,desktop,direct,11,dummy
2026-08-15,auto,add_payment_info,desktop,direct,7,dummy
2026-08-15,auto,purchase,desktop,direct,6,dummy
2026-08-15,auto,page_view,desktop,email,96,dummy
2026-08-15,auto,view_item,desktop,email,53,dummy
2026-08-15,auto,add_to_cart,desktop,email,24,dummy
2026-08-15,auto,begin_checkout,desktop,email,5,dummy
2026-08-15,auto,add_payment_info,desktop,email,3,dummy
2026-08-15,auto,purchase,desktop,email,3,dummy
2026-08-15,auto,page_view,desktop,paid_social,89,dummy
2026-08-15,auto,view_item,desktop,paid_social,58,dummy
2026-08-15,auto,add_to_cart,desktop,paid_social,26,dummy
2026-08-15,auto,begin_checkout,desktop,paid_social,12,dummy
2026-08-15,auto,add_payment_info,desktop,paid_social,9,dummy
2026-08-15,auto,purchase,desktop,paid_social,7,dummy
2026-08-15,auto,page_view,desktop,affiliate,141,dummy
2026-08-15,auto,view_item,desktop,affiliate,79,dummy
2026-08-15,auto,add_to_cart,desktop,affiliate,34,dummy
2026-08-15,auto,begin_checkout,desktop,affiliate,12,dummy
2026-08-15,auto,add_payment_info,desktop,affiliate,9,dummy
2026-08-15,auto,purchase,desktop,affiliate,8,dummy
2026-08-15,auto,page_view,desktop,referral,56,dummy
2026-08-15,auto,view_item,desktop,referral,36,dummy
2026-08-15,auto,add_to_cart,desktop,referral,17,dummy
2026-08-15,auto,begin_checkout,desktop,referral,4,dummy
2026-08-15,auto,add_payment_info,desktop,referral,2,dummy
2026-08-15,auto,purchase,desktop,referral,2,dummy
2026-08-15,auto,page_view,tablet,sea,72,dummy
2026-08-15,auto,view_item,tablet,sea,39,dummy
2026-08-15,auto,add_to_cart,tablet,sea,12,dummy
2026-08-15,auto,begin_checkout,tablet,sea,3,dummy
2026-08-15,auto,add_payment_info,tablet,sea,2,dummy
2026-08-15,auto,purchase,tablet,sea,2,dummy
2026-08-15,auto,page_view,tablet,seo,68,dummy
2026-08-15,auto,view_item,tablet,seo,34,dummy
2026-08-15,auto,add_to_cart,tablet,seo,13,dummy
2026-08-15,auto,begin_checkout,tablet,seo,3,dummy
2026-08-15,auto,add_payment_info,tablet,seo,0,dummy
2026-08-15,auto,purchase,tablet,seo,0,dummy
2026-08-15,auto,page_view,tablet,direct,39,dummy
2026-08-15,auto,view_item,tablet,direct,24,dummy
2026-08-15,auto,add_to_cart,tablet,direct,10,dummy
2026-08-15,auto,begin_checkout,tablet,direct,2,dummy
2026-08-15,auto,add_payment_info,tablet,direct,0,dummy
2026-08-15,auto,purchase,tablet,direct,0,dummy
2026-08-15,auto,page_view,tablet,email,26,dummy
2026-08-15,auto,view_item,tablet,email,13,dummy
2026-08-15,auto,add_to_cart,tablet,email,5,dummy
2026-08-15,auto,begin_checkout,tablet,email,3,dummy
2026-08-15,auto,add_payment_info,tablet,email,2,dummy
2026-08-15,auto,purchase,tablet,email,1,dummy
2026-08-15,auto,page_view,tablet,paid_social,24,dummy
2026-08-15,auto,view_item,tablet,paid_social,12,dummy
2026-08-15,auto,add_to_cart,tablet,paid_social,5,dummy
2026-08-15,auto,begin_checkout,tablet,paid_social,1,dummy
2026-08-15,auto,add_payment_info,tablet,paid_social,0,dummy
2026-08-15,auto,purchase,tablet,paid_social,0,dummy
2026-08-15,auto,page_view,tablet,affiliate,24,dummy
2026-08-15,auto,view_item,tablet,affiliate,13,dummy
2026-08-15,auto,add_to_cart,tablet,affiliate,6,dummy
2026-08-15,auto,begin_checkout,tablet,affiliate,4,dummy
2026-08-15,auto,add_payment_info,tablet,affiliate,2,dummy
2026-08-15,auto,purchase,tablet,affiliate,2,dummy
2026-08-15,auto,page_view,tablet,referral,11,dummy
2026-08-15,auto,view_item,tablet,referral,6,dummy
2026-08-15,auto,add_to_cart,tablet,referral,3,dummy
2026-08-15,auto,begin_checkout,tablet,referral,0,dummy
2026-08-15,auto,add_payment_info,tablet,referral,0,dummy
2026-08-15,auto,purchase,tablet,referral,0,dummy
2026-08-16,auto,page_view,mobile,sea,714,dummy
2026-08-16,auto,view_item,mobile,sea,255,dummy
2026-08-16,auto,add_to_cart,mobile,sea,80,dummy
2026-08-16,auto,begin_checkout,mobile,sea,28,dummy
2026-08-16,auto,add_payment_info,mobile,sea,19,dummy
2026-08-16,auto,purchase,mobile,sea,13,dummy
2026-08-16,auto,page_view,mobile,seo,604,dummy
2026-08-16,auto,view_item,mobile,seo,221,dummy
2026-08-16,auto,add_to_cart,mobile,seo,94,dummy
2026-08-16,auto,begin_checkout,mobile,seo,22,dummy
2026-08-16,auto,add_payment_info,mobile,seo,14,dummy
2026-08-16,auto,purchase,mobile,seo,11,dummy
2026-08-16,auto,page_view,mobile,direct,386,dummy
2026-08-16,auto,view_item,mobile,direct,148,dummy
2026-08-16,auto,add_to_cart,mobile,direct,68,dummy
2026-08-16,auto,begin_checkout,mobile,direct,20,dummy
2026-08-16,auto,add_payment_info,mobile,direct,13,dummy
2026-08-16,auto,purchase,mobile,direct,10,dummy
2026-08-16,auto,page_view,mobile,email,178,dummy
2026-08-16,auto,view_item,mobile,email,61,dummy
2026-08-16,auto,add_to_cart,mobile,email,24,dummy
2026-08-16,auto,begin_checkout,mobile,email,6,dummy
2026-08-16,auto,add_payment_info,mobile,email,5,dummy
2026-08-16,auto,purchase,mobile,email,3,dummy
2026-08-16,auto,page_view,mobile,paid_social,154,dummy
2026-08-16,auto,view_item,mobile,paid_social,66,dummy
2026-08-16,auto,add_to_cart,mobile,paid_social,29,dummy
2026-08-16,auto,begin_checkout,mobile,paid_social,9,dummy
2026-08-16,auto,add_payment_info,mobile,paid_social,7,dummy
2026-08-16,auto,purchase,mobile,paid_social,4,dummy
2026-08-16,auto,page_view,mobile,affiliate,222,dummy
2026-08-16,auto,view_item,mobile,affiliate,99,dummy
2026-08-16,auto,add_to_cart,mobile,affiliate,52,dummy
2026-08-16,auto,begin_checkout,mobile,affiliate,15,dummy
2026-08-16,auto,add_payment_info,mobile,affiliate,12,dummy
2026-08-16,auto,purchase,mobile,affiliate,10,dummy
2026-08-16,auto,page_view,mobile,referral,130,dummy
2026-08-16,auto,view_item,mobile,referral,40,dummy
2026-08-16,auto,add_to_cart,mobile,referral,15,dummy
2026-08-16,auto,begin_checkout,mobile,referral,4,dummy
2026-08-16,auto,add_payment_info,mobile,referral,4,dummy
2026-08-16,auto,purchase,mobile,referral,3,dummy
2026-08-16,auto,page_view,desktop,sea,354,dummy
2026-08-16,auto,view_item,desktop,sea,193,dummy
2026-08-16,auto,add_to_cart,desktop,sea,66,dummy
2026-08-16,auto,begin_checkout,desktop,sea,16,dummy
2026-08-16,auto,add_payment_info,desktop,sea,9,dummy
2026-08-16,auto,purchase,desktop,sea,8,dummy
2026-08-16,auto,page_view,desktop,seo,328,dummy
2026-08-16,auto,view_item,desktop,seo,167,dummy
2026-08-16,auto,add_to_cart,desktop,seo,77,dummy
2026-08-16,auto,begin_checkout,desktop,seo,26,dummy
2026-08-16,auto,add_payment_info,desktop,seo,15,dummy
2026-08-16,auto,purchase,desktop,seo,14,dummy
2026-08-16,auto,page_view,desktop,direct,215,dummy
2026-08-16,auto,view_item,desktop,direct,127,dummy
2026-08-16,auto,add_to_cart,desktop,direct,60,dummy
2026-08-16,auto,begin_checkout,desktop,direct,19,dummy
2026-08-16,auto,add_payment_info,desktop,direct,13,dummy
2026-08-16,auto,purchase,desktop,direct,12,dummy
2026-08-16,auto,page_view,desktop,email,117,dummy
2026-08-16,auto,view_item,desktop,email,63,dummy
2026-08-16,auto,add_to_cart,desktop,email,27,dummy
2026-08-16,auto,begin_checkout,desktop,email,10,dummy
2026-08-16,auto,add_payment_info,desktop,email,6,dummy
2026-08-16,auto,purchase,desktop,email,6,dummy
2026-08-16,auto,page_view,desktop,paid_social,96,dummy
2026-08-16,auto,view_item,desktop,paid_social,52,dummy
2026-08-16,auto,add_to_cart,desktop,paid_social,19,dummy
2026-08-16,auto,begin_checkout,desktop,paid_social,5,dummy
2026-08-16,auto,add_payment_info,desktop,paid_social,4,dummy
2026-08-16,auto,purchase,desktop,paid_social,3,dummy
2026-08-16,auto,page_view,desktop,affiliate,138,dummy
2026-08-16,auto,view_item,desktop,affiliate,79,dummy
2026-08-16,auto,add_to_cart,desktop,affiliate,46,dummy
2026-08-16,auto,begin_checkout,desktop,affiliate,18,dummy
2026-08-16,auto,add_payment_info,desktop,affiliate,11,dummy
2026-08-16,auto,purchase,desktop,affiliate,9,dummy
2026-08-16,auto,page_view,desktop,referral,69,dummy
2026-08-16,auto,view_item,desktop,referral,31,dummy
2026-08-16,auto,add_to_cart,desktop,referral,14,dummy
2026-08-16,auto,begin_checkout,desktop,referral,6,dummy
2026-08-16,auto,add_payment_info,desktop,referral,5,dummy
2026-08-16,auto,purchase,desktop,referral,3,dummy
2026-08-16,auto,page_view,tablet,sea,81,dummy
2026-08-16,auto,view_item,tablet,sea,43,dummy
2026-08-16,auto,add_to_cart,tablet,sea,20,dummy
2026-08-16,auto,begin_checkout,tablet,sea,7,dummy
2026-08-16,auto,add_payment_info,tablet,sea,5,dummy
2026-08-16,auto,purchase,tablet,sea,3,dummy
2026-08-16,auto,page_view,tablet,seo,74,dummy
2026-08-16,auto,view_item,tablet,seo,35,dummy
2026-08-16,auto,add_to_cart,tablet,seo,15,dummy
2026-08-16,auto,begin_checkout,tablet,seo,4,dummy
2026-08-16,auto,add_payment_info,tablet,seo,4,dummy
2026-08-16,auto,purchase,tablet,seo,4,dummy
2026-08-16,auto,page_view,tablet,direct,37,dummy
2026-08-16,auto,view_item,tablet,direct,20,dummy
2026-08-16,auto,add_to_cart,tablet,direct,7,dummy
2026-08-16,auto,begin_checkout,tablet,direct,3,dummy
2026-08-16,auto,add_payment_info,tablet,direct,3,dummy
2026-08-16,auto,purchase,tablet,direct,3,dummy
2026-08-16,auto,page_view,tablet,email,16,dummy
2026-08-16,auto,view_item,tablet,email,10,dummy
2026-08-16,auto,add_to_cart,tablet,email,2,dummy
2026-08-16,auto,begin_checkout,tablet,email,1,dummy
2026-08-16,auto,add_payment_info,tablet,email,0,dummy
2026-08-16,auto,purchase,tablet,email,0,dummy
2026-08-16,auto,page_view,tablet,paid_social,22,dummy
2026-08-16,auto,view_item,tablet,paid_social,16,dummy
2026-08-16,auto,add_to_cart,tablet,paid_social,6,dummy
2026-08-16,auto,begin_checkout,tablet,paid_social,2,dummy
2026-08-16,auto,add_payment_info,tablet,paid_social,2,dummy
2026-08-16,auto,purchase,tablet,paid_social,1,dummy
2026-08-16,auto,page_view,tablet,affiliate,35,dummy
2026-08-16,auto,view_item,tablet,affiliate,20,dummy
2026-08-16,auto,add_to_cart,tablet,affiliate,9,dummy
2026-08-16,auto,begin_checkout,tablet,affiliate,2,dummy
2026-08-16,auto,add_payment_info,tablet,affiliate,2,dummy
2026-08-16,auto,purchase,tablet,affiliate,2,dummy
2026-08-16,auto,page_view,tablet,referral,12,dummy
2026-08-16,auto,view_item,tablet,referral,8,dummy
2026-08-16,auto,add_to_cart,tablet,referral,5,dummy
2026-08-16,auto,begin_checkout,tablet,referral,2,dummy
2026-08-16,auto,add_payment_info,tablet,referral,1,dummy
2026-08-16,auto,purchase,tablet,referral,1,dummy
2026-08-17,auto,page_view,mobile,sea,930,dummy
2026-08-17,auto,view_item,mobile,sea,381,dummy
2026-08-17,auto,add_to_cart,mobile,sea,144,dummy
2026-08-17,auto,begin_checkout,mobile,sea,45,dummy
2026-08-17,auto,add_payment_info,mobile,sea,24,dummy
2026-08-17,auto,purchase,mobile,sea,21,dummy
2026-08-17,auto,page_view,mobile,seo,770,dummy
2026-08-17,auto,view_item,mobile,seo,292,dummy
2026-08-17,auto,add_to_cart,mobile,seo,123,dummy
2026-08-17,auto,begin_checkout,mobile,seo,36,dummy
2026-08-17,auto,add_payment_info,mobile,seo,21,dummy
2026-08-17,auto,purchase,mobile,seo,19,dummy
2026-08-17,auto,page_view,mobile,direct,452,dummy
2026-08-17,auto,view_item,mobile,direct,174,dummy
2026-08-17,auto,add_to_cart,mobile,direct,96,dummy
2026-08-17,auto,begin_checkout,mobile,direct,26,dummy
2026-08-17,auto,add_payment_info,mobile,direct,15,dummy
2026-08-17,auto,purchase,mobile,direct,14,dummy
2026-08-17,auto,page_view,mobile,email,240,dummy
2026-08-17,auto,view_item,mobile,email,85,dummy
2026-08-17,auto,add_to_cart,mobile,email,41,dummy
2026-08-17,auto,begin_checkout,mobile,email,11,dummy
2026-08-17,auto,add_payment_info,mobile,email,6,dummy
2026-08-17,auto,purchase,mobile,email,5,dummy
2026-08-17,auto,page_view,mobile,paid_social,199,dummy
2026-08-17,auto,view_item,mobile,paid_social,71,dummy
2026-08-17,auto,add_to_cart,mobile,paid_social,26,dummy
2026-08-17,auto,begin_checkout,mobile,paid_social,10,dummy
2026-08-17,auto,add_payment_info,mobile,paid_social,6,dummy
2026-08-17,auto,purchase,mobile,paid_social,4,dummy
2026-08-17,auto,page_view,mobile,affiliate,302,dummy
2026-08-17,auto,view_item,mobile,affiliate,108,dummy
2026-08-17,auto,add_to_cart,mobile,affiliate,46,dummy
2026-08-17,auto,begin_checkout,mobile,affiliate,12,dummy
2026-08-17,auto,add_payment_info,mobile,affiliate,10,dummy
2026-08-17,auto,purchase,mobile,affiliate,9,dummy
2026-08-17,auto,page_view,mobile,referral,143,dummy
2026-08-17,auto,view_item,mobile,referral,51,dummy
2026-08-17,auto,add_to_cart,mobile,referral,20,dummy
2026-08-17,auto,begin_checkout,mobile,referral,4,dummy
2026-08-17,auto,add_payment_info,mobile,referral,3,dummy
2026-08-17,auto,purchase,mobile,referral,2,dummy
2026-08-17,auto,page_view,desktop,sea,471,dummy
2026-08-17,auto,view_item,desktop,sea,268,dummy
2026-08-17,auto,add_to_cart,desktop,sea,93,dummy
2026-08-17,auto,begin_checkout,desktop,sea,23,dummy
2026-08-17,auto,add_payment_info,desktop,sea,15,dummy
2026-08-17,auto,purchase,desktop,sea,13,dummy
2026-08-17,auto,page_view,desktop,seo,414,dummy
2026-08-17,auto,view_item,desktop,seo,214,dummy
2026-08-17,auto,add_to_cart,desktop,seo,95,dummy
2026-08-17,auto,begin_checkout,desktop,seo,34,dummy
2026-08-17,auto,add_payment_info,desktop,seo,20,dummy
2026-08-17,auto,purchase,desktop,seo,17,dummy
2026-08-17,auto,page_view,desktop,direct,245,dummy
2026-08-17,auto,view_item,desktop,direct,117,dummy
2026-08-17,auto,add_to_cart,desktop,direct,48,dummy
2026-08-17,auto,begin_checkout,desktop,direct,11,dummy
2026-08-17,auto,add_payment_info,desktop,direct,9,dummy
2026-08-17,auto,purchase,desktop,direct,8,dummy
2026-08-17,auto,page_view,desktop,email,129,dummy
2026-08-17,auto,view_item,desktop,email,75,dummy
2026-08-17,auto,add_to_cart,desktop,email,31,dummy
2026-08-17,auto,begin_checkout,desktop,email,6,dummy
2026-08-17,auto,add_payment_info,desktop,email,3,dummy
2026-08-17,auto,purchase,desktop,email,3,dummy
2026-08-17,auto,page_view,desktop,paid_social,107,dummy
2026-08-17,auto,view_item,desktop,paid_social,64,dummy
2026-08-17,auto,add_to_cart,desktop,paid_social,23,dummy
2026-08-17,auto,begin_checkout,desktop,paid_social,4,dummy
2026-08-17,auto,add_payment_info,desktop,paid_social,4,dummy
2026-08-17,auto,purchase,desktop,paid_social,4,dummy
2026-08-17,auto,page_view,desktop,affiliate,162,dummy
2026-08-17,auto,view_item,desktop,affiliate,80,dummy
2026-08-17,auto,add_to_cart,desktop,affiliate,42,dummy
2026-08-17,auto,begin_checkout,desktop,affiliate,11,dummy
2026-08-17,auto,add_payment_info,desktop,affiliate,5,dummy
2026-08-17,auto,purchase,desktop,affiliate,4,dummy
2026-08-17,auto,page_view,desktop,referral,85,dummy
2026-08-17,auto,view_item,desktop,referral,45,dummy
2026-08-17,auto,add_to_cart,desktop,referral,25,dummy
2026-08-17,auto,begin_checkout,desktop,referral,6,dummy
2026-08-17,auto,add_payment_info,desktop,referral,4,dummy
2026-08-17,auto,purchase,desktop,referral,4,dummy
2026-08-17,auto,page_view,tablet,sea,94,dummy
2026-08-17,auto,view_item,tablet,sea,51,dummy
2026-08-17,auto,add_to_cart,tablet,sea,14,dummy
2026-08-17,auto,begin_checkout,tablet,sea,1,dummy
2026-08-17,auto,add_payment_info,tablet,sea,1,dummy
2026-08-17,auto,purchase,tablet,sea,1,dummy
2026-08-17,auto,page_view,tablet,seo,76,dummy
2026-08-17,auto,view_item,tablet,seo,45,dummy
2026-08-17,auto,add_to_cart,tablet,seo,21,dummy
2026-08-17,auto,begin_checkout,tablet,seo,4,dummy
2026-08-17,auto,add_payment_info,tablet,seo,4,dummy
2026-08-17,auto,purchase,tablet,seo,3,dummy
2026-08-17,auto,page_view,tablet,direct,47,dummy
2026-08-17,auto,view_item,tablet,direct,27,dummy
2026-08-17,auto,add_to_cart,tablet,direct,4,dummy
2026-08-17,auto,begin_checkout,tablet,direct,2,dummy
2026-08-17,auto,add_payment_info,tablet,direct,0,dummy
2026-08-17,auto,purchase,tablet,direct,0,dummy
2026-08-17,auto,page_view,tablet,email,33,dummy
2026-08-17,auto,view_item,tablet,email,16,dummy
2026-08-17,auto,add_to_cart,tablet,email,7,dummy
2026-08-17,auto,begin_checkout,tablet,email,1,dummy
2026-08-17,auto,add_payment_info,tablet,email,1,dummy
2026-08-17,auto,purchase,tablet,email,1,dummy
2026-08-17,auto,page_view,tablet,paid_social,31,dummy
2026-08-17,auto,view_item,tablet,paid_social,15,dummy
2026-08-17,auto,add_to_cart,tablet,paid_social,8,dummy
2026-08-17,auto,begin_checkout,tablet,paid_social,2,dummy
2026-08-17,auto,add_payment_info,tablet,paid_social,1,dummy
2026-08-17,auto,purchase,tablet,paid_social,1,dummy
2026-08-17,auto,page_view,tablet,affiliate,37,dummy
2026-08-17,auto,view_item,tablet,affiliate,18,dummy
2026-08-17,auto,add_to_cart,tablet,affiliate,9,dummy
2026-08-17,auto,begin_checkout,tablet,affiliate,1,dummy
2026-08-17,auto,add_payment_info,tablet,affiliate,0,dummy
2026-08-17,auto,purchase,tablet,affiliate,0,dummy
2026-08-17,auto,page_view,tablet,referral,21,dummy
2026-08-17,auto,view_item,tablet,referral,11,dummy
2026-08-17,auto,add_to_cart,tablet,referral,7,dummy
2026-08-17,auto,begin_checkout,tablet,referral,0,dummy
2026-08-17,auto,add_payment_info,tablet,referral,0,dummy
2026-08-17,auto,purchase,tablet,referral,0,dummy
2026-08-18,auto,page_view,mobile,sea,903,dummy
2026-08-18,auto,view_item,mobile,sea,356,dummy
2026-08-18,auto,add_to_cart,mobile,sea,121,dummy
2026-08-18,auto,begin_checkout,mobile,sea,45,dummy
2026-08-18,auto,add_payment_info,mobile,sea,30,dummy
2026-08-18,auto,purchase,mobile,sea,23,dummy
2026-08-18,auto,page_view,mobile,seo,764,dummy
2026-08-18,auto,view_item,mobile,seo,287,dummy
2026-08-18,auto,add_to_cart,mobile,seo,145,dummy
2026-08-18,auto,begin_checkout,mobile,seo,40,dummy
2026-08-18,auto,add_payment_info,mobile,seo,21,dummy
2026-08-18,auto,purchase,mobile,seo,11,dummy
2026-08-18,auto,page_view,mobile,direct,443,dummy
2026-08-18,auto,view_item,mobile,direct,172,dummy
2026-08-18,auto,add_to_cart,mobile,direct,79,dummy
2026-08-18,auto,begin_checkout,mobile,direct,20,dummy
2026-08-18,auto,add_payment_info,mobile,direct,14,dummy
2026-08-18,auto,purchase,mobile,direct,11,dummy
2026-08-18,auto,page_view,mobile,email,261,dummy
2026-08-18,auto,view_item,mobile,email,102,dummy
2026-08-18,auto,add_to_cart,mobile,email,55,dummy
2026-08-18,auto,begin_checkout,mobile,email,20,dummy
2026-08-18,auto,add_payment_info,mobile,email,17,dummy
2026-08-18,auto,purchase,mobile,email,13,dummy
2026-08-18,auto,page_view,mobile,paid_social,205,dummy
2026-08-18,auto,view_item,mobile,paid_social,72,dummy
2026-08-18,auto,add_to_cart,mobile,paid_social,34,dummy
2026-08-18,auto,begin_checkout,mobile,paid_social,10,dummy
2026-08-18,auto,add_payment_info,mobile,paid_social,8,dummy
2026-08-18,auto,purchase,mobile,paid_social,4,dummy
2026-08-18,auto,page_view,mobile,affiliate,287,dummy
2026-08-18,auto,view_item,mobile,affiliate,112,dummy
2026-08-18,auto,add_to_cart,mobile,affiliate,45,dummy
2026-08-18,auto,begin_checkout,mobile,affiliate,12,dummy
2026-08-18,auto,add_payment_info,mobile,affiliate,8,dummy
2026-08-18,auto,purchase,mobile,affiliate,6,dummy
2026-08-18,auto,page_view,mobile,referral,144,dummy
2026-08-18,auto,view_item,mobile,referral,54,dummy
2026-08-18,auto,add_to_cart,mobile,referral,22,dummy
2026-08-18,auto,begin_checkout,mobile,referral,9,dummy
2026-08-18,auto,add_payment_info,mobile,referral,6,dummy
2026-08-18,auto,purchase,mobile,referral,5,dummy
2026-08-18,auto,page_view,desktop,sea,524,dummy
2026-08-18,auto,view_item,desktop,sea,292,dummy
2026-08-18,auto,add_to_cart,desktop,sea,106,dummy
2026-08-18,auto,begin_checkout,desktop,sea,27,dummy
2026-08-18,auto,add_payment_info,desktop,sea,20,dummy
2026-08-18,auto,purchase,desktop,sea,16,dummy
2026-08-18,auto,page_view,desktop,seo,398,dummy
2026-08-18,auto,view_item,desktop,seo,223,dummy
2026-08-18,auto,add_to_cart,desktop,seo,100,dummy
2026-08-18,auto,begin_checkout,desktop,seo,30,dummy
2026-08-18,auto,add_payment_info,desktop,seo,24,dummy
2026-08-18,auto,purchase,desktop,seo,19,dummy
2026-08-18,auto,page_view,desktop,direct,267,dummy
2026-08-18,auto,view_item,desktop,direct,136,dummy
2026-08-18,auto,add_to_cart,desktop,direct,66,dummy
2026-08-18,auto,begin_checkout,desktop,direct,24,dummy
2026-08-18,auto,add_payment_info,desktop,direct,14,dummy
2026-08-18,auto,purchase,desktop,direct,11,dummy
2026-08-18,auto,page_view,desktop,email,169,dummy
2026-08-18,auto,view_item,desktop,email,88,dummy
2026-08-18,auto,add_to_cart,desktop,email,46,dummy
2026-08-18,auto,begin_checkout,desktop,email,14,dummy
2026-08-18,auto,add_payment_info,desktop,email,6,dummy
2026-08-18,auto,purchase,desktop,email,5,dummy
2026-08-18,auto,page_view,desktop,paid_social,104,dummy
2026-08-18,auto,view_item,desktop,paid_social,66,dummy
2026-08-18,auto,add_to_cart,desktop,paid_social,18,dummy
2026-08-18,auto,begin_checkout,desktop,paid_social,8,dummy
2026-08-18,auto,add_payment_info,desktop,paid_social,5,dummy
2026-08-18,auto,purchase,desktop,paid_social,3,dummy
2026-08-18,auto,page_view,desktop,affiliate,159,dummy
2026-08-18,auto,view_item,desktop,affiliate,90,dummy
2026-08-18,auto,add_to_cart,desktop,affiliate,32,dummy
2026-08-18,auto,begin_checkout,desktop,affiliate,8,dummy
2026-08-18,auto,add_payment_info,desktop,affiliate,6,dummy
2026-08-18,auto,purchase,desktop,affiliate,4,dummy
2026-08-18,auto,page_view,desktop,referral,88,dummy
2026-08-18,auto,view_item,desktop,referral,49,dummy
2026-08-18,auto,add_to_cart,desktop,referral,21,dummy
2026-08-18,auto,begin_checkout,desktop,referral,8,dummy
2026-08-18,auto,add_payment_info,desktop,referral,6,dummy
2026-08-18,auto,purchase,desktop,referral,6,dummy
2026-08-18,auto,page_view,tablet,sea,114,dummy
2026-08-18,auto,view_item,tablet,sea,58,dummy
2026-08-18,auto,add_to_cart,tablet,sea,21,dummy
2026-08-18,auto,begin_checkout,tablet,sea,5,dummy
2026-08-18,auto,add_payment_info,tablet,sea,2,dummy
2026-08-18,auto,purchase,tablet,sea,2,dummy
2026-08-18,auto,page_view,tablet,seo,88,dummy
2026-08-18,auto,view_item,tablet,seo,50,dummy
2026-08-18,auto,add_to_cart,tablet,seo,21,dummy
2026-08-18,auto,begin_checkout,tablet,seo,4,dummy
2026-08-18,auto,add_payment_info,tablet,seo,1,dummy
2026-08-18,auto,purchase,tablet,seo,1,dummy
2026-08-18,auto,page_view,tablet,direct,52,dummy
2026-08-18,auto,view_item,tablet,direct,24,dummy
2026-08-18,auto,add_to_cart,tablet,direct,7,dummy
2026-08-18,auto,begin_checkout,tablet,direct,3,dummy
2026-08-18,auto,add_payment_info,tablet,direct,2,dummy
2026-08-18,auto,purchase,tablet,direct,2,dummy
2026-08-18,auto,page_view,tablet,email,36,dummy
2026-08-18,auto,view_item,tablet,email,19,dummy
2026-08-18,auto,add_to_cart,tablet,email,7,dummy
2026-08-18,auto,begin_checkout,tablet,email,4,dummy
2026-08-18,auto,add_payment_info,tablet,email,3,dummy
2026-08-18,auto,purchase,tablet,email,3,dummy
2026-08-18,auto,page_view,tablet,paid_social,32,dummy
2026-08-18,auto,view_item,tablet,paid_social,14,dummy
2026-08-18,auto,add_to_cart,tablet,paid_social,4,dummy
2026-08-18,auto,begin_checkout,tablet,paid_social,1,dummy
2026-08-18,auto,add_payment_info,tablet,paid_social,1,dummy
2026-08-18,auto,purchase,tablet,paid_social,0,dummy
2026-08-18,auto,page_view,tablet,affiliate,26,dummy
2026-08-18,auto,view_item,tablet,affiliate,11,dummy
2026-08-18,auto,add_to_cart,tablet,affiliate,3,dummy
2026-08-18,auto,begin_checkout,tablet,affiliate,2,dummy
2026-08-18,auto,add_payment_info,tablet,affiliate,1,dummy
2026-08-18,auto,purchase,tablet,affiliate,1,dummy
2026-08-18,auto,page_view,tablet,referral,20,dummy
2026-08-18,auto,view_item,tablet,referral,7,dummy
2026-08-18,auto,add_to_cart,tablet,referral,0,dummy
2026-08-18,auto,begin_checkout,tablet,referral,0,dummy
2026-08-18,auto,add_payment_info,tablet,referral,0,dummy
2026-08-18,auto,purchase,tablet,referral,0,dummy
2026-08-19,auto,page_view,mobile,sea,916,dummy
2026-08-19,auto,view_item,mobile,sea,344,dummy
2026-08-19,auto,add_to_cart,mobile,sea,121,dummy
2026-08-19,auto,begin_checkout,mobile,sea,46,dummy
2026-08-19,auto,add_payment_info,mobile,sea,31,dummy
2026-08-19,auto,purchase,mobile,sea,26,dummy
2026-08-19,auto,page_view,mobile,seo,763,dummy
2026-08-19,auto,view_item,mobile,seo,272,dummy
2026-08-19,auto,add_to_cart,mobile,seo,121,dummy
2026-08-19,auto,begin_checkout,mobile,seo,42,dummy
2026-08-19,auto,add_payment_info,mobile,seo,20,dummy
2026-08-19,auto,purchase,mobile,seo,17,dummy
2026-08-19,auto,page_view,mobile,direct,460,dummy
2026-08-19,auto,view_item,mobile,direct,167,dummy
2026-08-19,auto,add_to_cart,mobile,direct,76,dummy
2026-08-19,auto,begin_checkout,mobile,direct,25,dummy
2026-08-19,auto,add_payment_info,mobile,direct,19,dummy
2026-08-19,auto,purchase,mobile,direct,18,dummy
2026-08-19,auto,page_view,mobile,email,224,dummy
2026-08-19,auto,view_item,mobile,email,83,dummy
2026-08-19,auto,add_to_cart,mobile,email,47,dummy
2026-08-19,auto,begin_checkout,mobile,email,15,dummy
2026-08-19,auto,add_payment_info,mobile,email,6,dummy
2026-08-19,auto,purchase,mobile,email,5,dummy
2026-08-19,auto,page_view,mobile,paid_social,247,dummy
2026-08-19,auto,view_item,mobile,paid_social,89,dummy
2026-08-19,auto,add_to_cart,mobile,paid_social,41,dummy
2026-08-19,auto,begin_checkout,mobile,paid_social,15,dummy
2026-08-19,auto,add_payment_info,mobile,paid_social,12,dummy
2026-08-19,auto,purchase,mobile,paid_social,9,dummy
2026-08-19,auto,page_view,mobile,affiliate,293,dummy
2026-08-19,auto,view_item,mobile,affiliate,113,dummy
2026-08-19,auto,add_to_cart,mobile,affiliate,56,dummy
2026-08-19,auto,begin_checkout,mobile,affiliate,23,dummy
2026-08-19,auto,add_payment_info,mobile,affiliate,13,dummy
2026-08-19,auto,purchase,mobile,affiliate,11,dummy
2026-08-19,auto,page_view,mobile,referral,153,dummy
2026-08-19,auto,view_item,mobile,referral,57,dummy
2026-08-19,auto,add_to_cart,mobile,referral,26,dummy
2026-08-19,auto,begin_checkout,mobile,referral,7,dummy
2026-08-19,auto,add_payment_info,mobile,referral,5,dummy
2026-08-19,auto,purchase,mobile,referral,3,dummy
2026-08-19,auto,page_view,desktop,sea,508,dummy
2026-08-19,auto,view_item,desktop,sea,281,dummy
2026-08-19,auto,add_to_cart,desktop,sea,91,dummy
2026-08-19,auto,begin_checkout,desktop,sea,20,dummy
2026-08-19,auto,add_payment_info,desktop,sea,14,dummy
2026-08-19,auto,purchase,desktop,sea,12,dummy
2026-08-19,auto,page_view,desktop,seo,423,dummy
2026-08-19,auto,view_item,desktop,seo,222,dummy
2026-08-19,auto,add_to_cart,desktop,seo,100,dummy
2026-08-19,auto,begin_checkout,desktop,seo,36,dummy
2026-08-19,auto,add_payment_info,desktop,seo,23,dummy
2026-08-19,auto,purchase,desktop,seo,19,dummy
2026-08-19,auto,page_view,desktop,direct,259,dummy
2026-08-19,auto,view_item,desktop,direct,151,dummy
2026-08-19,auto,add_to_cart,desktop,direct,67,dummy
2026-08-19,auto,begin_checkout,desktop,direct,24,dummy
2026-08-19,auto,add_payment_info,desktop,direct,13,dummy
2026-08-19,auto,purchase,desktop,direct,11,dummy
2026-08-19,auto,page_view,desktop,email,143,dummy
2026-08-19,auto,view_item,desktop,email,83,dummy
2026-08-19,auto,add_to_cart,desktop,email,43,dummy
2026-08-19,auto,begin_checkout,desktop,email,11,dummy
2026-08-19,auto,add_payment_info,desktop,email,6,dummy
2026-08-19,auto,purchase,desktop,email,5,dummy
2026-08-19,auto,page_view,desktop,paid_social,103,dummy
2026-08-19,auto,view_item,desktop,paid_social,50,dummy
2026-08-19,auto,add_to_cart,desktop,paid_social,12,dummy
2026-08-19,auto,begin_checkout,desktop,paid_social,3,dummy
2026-08-19,auto,add_payment_info,desktop,paid_social,2,dummy
2026-08-19,auto,purchase,desktop,paid_social,1,dummy
2026-08-19,auto,page_view,desktop,affiliate,154,dummy
2026-08-19,auto,view_item,desktop,affiliate,86,dummy
2026-08-19,auto,add_to_cart,desktop,affiliate,48,dummy
2026-08-19,auto,begin_checkout,desktop,affiliate,13,dummy
2026-08-19,auto,add_payment_info,desktop,affiliate,10,dummy
2026-08-19,auto,purchase,desktop,affiliate,7,dummy
2026-08-19,auto,page_view,desktop,referral,85,dummy
2026-08-19,auto,view_item,desktop,referral,57,dummy
2026-08-19,auto,add_to_cart,desktop,referral,21,dummy
2026-08-19,auto,begin_checkout,desktop,referral,4,dummy
2026-08-19,auto,add_payment_info,desktop,referral,3,dummy
2026-08-19,auto,purchase,desktop,referral,1,dummy
2026-08-19,auto,page_view,tablet,sea,111,dummy
2026-08-19,auto,view_item,tablet,sea,56,dummy
2026-08-19,auto,add_to_cart,tablet,sea,17,dummy
2026-08-19,auto,begin_checkout,tablet,sea,5,dummy
2026-08-19,auto,add_payment_info,tablet,sea,4,dummy
2026-08-19,auto,purchase,tablet,sea,4,dummy
2026-08-19,auto,page_view,tablet,seo,80,dummy
2026-08-19,auto,view_item,tablet,seo,45,dummy
2026-08-19,auto,add_to_cart,tablet,seo,21,dummy
2026-08-19,auto,begin_checkout,tablet,seo,5,dummy
2026-08-19,auto,add_payment_info,tablet,seo,4,dummy
2026-08-19,auto,purchase,tablet,seo,2,dummy
2026-08-19,auto,page_view,tablet,direct,60,dummy
2026-08-19,auto,view_item,tablet,direct,33,dummy
2026-08-19,auto,add_to_cart,tablet,direct,13,dummy
2026-08-19,auto,begin_checkout,tablet,direct,3,dummy
2026-08-19,auto,add_payment_info,tablet,direct,3,dummy
2026-08-19,auto,purchase,tablet,direct,3,dummy
2026-08-19,auto,page_view,tablet,email,29,dummy
2026-08-19,auto,view_item,tablet,email,11,dummy
2026-08-19,auto,add_to_cart,tablet,email,4,dummy
2026-08-19,auto,begin_checkout,tablet,email,1,dummy
2026-08-19,auto,add_payment_info,tablet,email,1,dummy
2026-08-19,auto,purchase,tablet,email,0,dummy
2026-08-19,auto,page_view,tablet,paid_social,25,dummy
2026-08-19,auto,view_item,tablet,paid_social,8,dummy
2026-08-19,auto,add_to_cart,tablet,paid_social,1,dummy
2026-08-19,auto,begin_checkout,tablet,paid_social,0,dummy
2026-08-19,auto,add_payment_info,tablet,paid_social,0,dummy
2026-08-19,auto,purchase,tablet,paid_social,0,dummy
2026-08-19,auto,page_view,tablet,affiliate,31,dummy
2026-08-19,auto,view_item,tablet,affiliate,16,dummy
2026-08-19,auto,add_to_cart,tablet,affiliate,9,dummy
2026-08-19,auto,begin_checkout,tablet,affiliate,3,dummy
2026-08-19,auto,add_payment_info,tablet,affiliate,2,dummy
2026-08-19,auto,purchase,tablet,affiliate,1,dummy
2026-08-19,auto,page_view,tablet,referral,23,dummy
2026-08-19,auto,view_item,tablet,referral,16,dummy
2026-08-19,auto,add_to_cart,tablet,referral,4,dummy
2026-08-19,auto,begin_checkout,tablet,referral,0,dummy
2026-08-19,auto,add_payment_info,tablet,referral,0,dummy
2026-08-19,auto,purchase,tablet,referral,0,dummy
2026-08-20,auto,page_view,mobile,sea,933,dummy
2026-08-20,auto,view_item,mobile,sea,354,dummy
2026-08-20,auto,add_to_cart,mobile,sea,130,dummy
2026-08-20,auto,begin_checkout,mobile,sea,30,dummy
2026-08-20,auto,add_payment_info,mobile,sea,18,dummy
2026-08-20,auto,purchase,mobile,sea,15,dummy
2026-08-20,auto,page_view,mobile,seo,738,dummy
2026-08-20,auto,view_item,mobile,seo,269,dummy
2026-08-20,auto,add_to_cart,mobile,seo,119,dummy
2026-08-20,auto,begin_checkout,mobile,seo,38,dummy
2026-08-20,auto,add_payment_info,mobile,seo,25,dummy
2026-08-20,auto,purchase,mobile,seo,22,dummy
2026-08-20,auto,page_view,mobile,direct,434,dummy
2026-08-20,auto,view_item,mobile,direct,167,dummy
2026-08-20,auto,add_to_cart,mobile,direct,79,dummy
2026-08-20,auto,begin_checkout,mobile,direct,24,dummy
2026-08-20,auto,add_payment_info,mobile,direct,19,dummy
2026-08-20,auto,purchase,mobile,direct,17,dummy
2026-08-20,auto,page_view,mobile,email,239,dummy
2026-08-20,auto,view_item,mobile,email,76,dummy
2026-08-20,auto,add_to_cart,mobile,email,40,dummy
2026-08-20,auto,begin_checkout,mobile,email,14,dummy
2026-08-20,auto,add_payment_info,mobile,email,10,dummy
2026-08-20,auto,purchase,mobile,email,10,dummy
2026-08-20,auto,page_view,mobile,paid_social,212,dummy
2026-08-20,auto,view_item,mobile,paid_social,79,dummy
2026-08-20,auto,add_to_cart,mobile,paid_social,38,dummy
2026-08-20,auto,begin_checkout,mobile,paid_social,10,dummy
2026-08-20,auto,add_payment_info,mobile,paid_social,9,dummy
2026-08-20,auto,purchase,mobile,paid_social,9,dummy
2026-08-20,auto,page_view,mobile,affiliate,304,dummy
2026-08-20,auto,view_item,mobile,affiliate,96,dummy
2026-08-20,auto,add_to_cart,mobile,affiliate,49,dummy
2026-08-20,auto,begin_checkout,mobile,affiliate,12,dummy
2026-08-20,auto,add_payment_info,mobile,affiliate,9,dummy
2026-08-20,auto,purchase,mobile,affiliate,9,dummy
2026-08-20,auto,page_view,mobile,referral,133,dummy
2026-08-20,auto,view_item,mobile,referral,55,dummy
2026-08-20,auto,add_to_cart,mobile,referral,20,dummy
2026-08-20,auto,begin_checkout,mobile,referral,4,dummy
2026-08-20,auto,add_payment_info,mobile,referral,3,dummy
2026-08-20,auto,purchase,mobile,referral,3,dummy
2026-08-20,auto,page_view,desktop,sea,514,dummy
2026-08-20,auto,view_item,desktop,sea,264,dummy
2026-08-20,auto,add_to_cart,desktop,sea,95,dummy
2026-08-20,auto,begin_checkout,desktop,sea,25,dummy
2026-08-20,auto,add_payment_info,desktop,sea,18,dummy
2026-08-20,auto,purchase,desktop,sea,14,dummy
2026-08-20,auto,page_view,desktop,seo,402,dummy
2026-08-20,auto,view_item,desktop,seo,214,dummy
2026-08-20,auto,add_to_cart,desktop,seo,108,dummy
2026-08-20,auto,begin_checkout,desktop,seo,35,dummy
2026-08-20,auto,add_payment_info,desktop,seo,15,dummy
2026-08-20,auto,purchase,desktop,seo,9,dummy
2026-08-20,auto,page_view,desktop,direct,224,dummy
2026-08-20,auto,view_item,desktop,direct,125,dummy
2026-08-20,auto,add_to_cart,desktop,direct,54,dummy
2026-08-20,auto,begin_checkout,desktop,direct,13,dummy
2026-08-20,auto,add_payment_info,desktop,direct,8,dummy
2026-08-20,auto,purchase,desktop,direct,6,dummy
2026-08-20,auto,page_view,desktop,email,122,dummy
2026-08-20,auto,view_item,desktop,email,64,dummy
2026-08-20,auto,add_to_cart,desktop,email,31,dummy
2026-08-20,auto,begin_checkout,desktop,email,6,dummy
2026-08-20,auto,add_payment_info,desktop,email,3,dummy
2026-08-20,auto,purchase,desktop,email,3,dummy
2026-08-20,auto,page_view,desktop,paid_social,121,dummy
2026-08-20,auto,view_item,desktop,paid_social,67,dummy
2026-08-20,auto,add_to_cart,desktop,paid_social,33,dummy
2026-08-20,auto,begin_checkout,desktop,paid_social,12,dummy
2026-08-20,auto,add_payment_info,desktop,paid_social,8,dummy
2026-08-20,auto,purchase,desktop,paid_social,6,dummy
2026-08-20,auto,page_view,desktop,affiliate,193,dummy
2026-08-20,auto,view_item,desktop,affiliate,104,dummy
2026-08-20,auto,add_to_cart,desktop,affiliate,43,dummy
2026-08-20,auto,begin_checkout,desktop,affiliate,13,dummy
2026-08-20,auto,add_payment_info,desktop,affiliate,10,dummy
2026-08-20,auto,purchase,desktop,affiliate,8,dummy
2026-08-20,auto,page_view,desktop,referral,93,dummy
2026-08-20,auto,view_item,desktop,referral,52,dummy
2026-08-20,auto,add_to_cart,desktop,referral,24,dummy
2026-08-20,auto,begin_checkout,desktop,referral,8,dummy
2026-08-20,auto,add_payment_info,desktop,referral,5,dummy
2026-08-20,auto,purchase,desktop,referral,4,dummy
2026-08-20,auto,page_view,tablet,sea,102,dummy
2026-08-20,auto,view_item,tablet,sea,59,dummy
2026-08-20,auto,add_to_cart,tablet,sea,24,dummy
2026-08-20,auto,begin_checkout,tablet,sea,6,dummy
2026-08-20,auto,add_payment_info,tablet,sea,5,dummy
2026-08-20,auto,purchase,tablet,sea,3,dummy
2026-08-20,auto,page_view,tablet,seo,72,dummy
2026-08-20,auto,view_item,tablet,seo,38,dummy
2026-08-20,auto,add_to_cart,tablet,seo,20,dummy
2026-08-20,auto,begin_checkout,tablet,seo,6,dummy
2026-08-20,auto,add_payment_info,tablet,seo,4,dummy
2026-08-20,auto,purchase,tablet,seo,4,dummy
2026-08-20,auto,page_view,tablet,direct,56,dummy
2026-08-20,auto,view_item,tablet,direct,33,dummy
2026-08-20,auto,add_to_cart,tablet,direct,14,dummy
2026-08-20,auto,begin_checkout,tablet,direct,4,dummy
2026-08-20,auto,add_payment_info,tablet,direct,3,dummy
2026-08-20,auto,purchase,tablet,direct,3,dummy
2026-08-20,auto,page_view,tablet,email,22,dummy
2026-08-20,auto,view_item,tablet,email,10,dummy
2026-08-20,auto,add_to_cart,tablet,email,7,dummy
2026-08-20,auto,begin_checkout,tablet,email,1,dummy
2026-08-20,auto,add_payment_info,tablet,email,1,dummy
2026-08-20,auto,purchase,tablet,email,1,dummy
2026-08-20,auto,page_view,tablet,paid_social,26,dummy
2026-08-20,auto,view_item,tablet,paid_social,9,dummy
2026-08-20,auto,add_to_cart,tablet,paid_social,4,dummy
2026-08-20,auto,begin_checkout,tablet,paid_social,2,dummy
2026-08-20,auto,add_payment_info,tablet,paid_social,1,dummy
2026-08-20,auto,purchase,tablet,paid_social,0,dummy
2026-08-20,auto,page_view,tablet,affiliate,31,dummy
2026-08-20,auto,view_item,tablet,affiliate,18,dummy
2026-08-20,auto,add_to_cart,tablet,affiliate,9,dummy
2026-08-20,auto,begin_checkout,tablet,affiliate,2,dummy
2026-08-20,auto,add_payment_info,tablet,affiliate,1,dummy
2026-08-20,auto,purchase,tablet,affiliate,1,dummy
2026-08-20,auto,page_view,tablet,referral,21,dummy
2026-08-20,auto,view_item,tablet,referral,12,dummy
2026-08-20,auto,add_to_cart,tablet,referral,4,dummy
2026-08-20,auto,begin_checkout,tablet,referral,1,dummy
2026-08-20,auto,add_payment_info,tablet,referral,0,dummy
2026-08-20,auto,purchase,tablet,referral,0,dummy
2026-08-21,auto,page_view,mobile,sea,858,dummy
2026-08-21,auto,view_item,mobile,sea,332,dummy
2026-08-21,auto,add_to_cart,mobile,sea,110,dummy
2026-08-21,auto,begin_checkout,mobile,sea,31,dummy
2026-08-21,auto,add_payment_info,mobile,sea,26,dummy
2026-08-21,auto,purchase,mobile,sea,15,dummy
2026-08-21,auto,page_view,mobile,seo,757,dummy
2026-08-21,auto,view_item,mobile,seo,289,dummy
2026-08-21,auto,add_to_cart,mobile,seo,136,dummy
2026-08-21,auto,begin_checkout,mobile,seo,42,dummy
2026-08-21,auto,add_payment_info,mobile,seo,29,dummy
2026-08-21,auto,purchase,mobile,seo,26,dummy
2026-08-21,auto,page_view,mobile,direct,426,dummy
2026-08-21,auto,view_item,mobile,direct,170,dummy
2026-08-21,auto,add_to_cart,mobile,direct,88,dummy
2026-08-21,auto,begin_checkout,mobile,direct,31,dummy
2026-08-21,auto,add_payment_info,mobile,direct,17,dummy
2026-08-21,auto,purchase,mobile,direct,15,dummy
2026-08-21,auto,page_view,mobile,email,247,dummy
2026-08-21,auto,view_item,mobile,email,103,dummy
2026-08-21,auto,add_to_cart,mobile,email,44,dummy
2026-08-21,auto,begin_checkout,mobile,email,13,dummy
2026-08-21,auto,add_payment_info,mobile,email,4,dummy
2026-08-21,auto,purchase,mobile,email,3,dummy
2026-08-21,auto,page_view,mobile,paid_social,224,dummy
2026-08-21,auto,view_item,mobile,paid_social,93,dummy
2026-08-21,auto,add_to_cart,mobile,paid_social,34,dummy
2026-08-21,auto,begin_checkout,mobile,paid_social,4,dummy
2026-08-21,auto,add_payment_info,mobile,paid_social,3,dummy
2026-08-21,auto,purchase,mobile,paid_social,2,dummy
2026-08-21,auto,page_view,mobile,affiliate,298,dummy
2026-08-21,auto,view_item,mobile,affiliate,106,dummy
2026-08-21,auto,add_to_cart,mobile,affiliate,55,dummy
2026-08-21,auto,begin_checkout,mobile,affiliate,10,dummy
2026-08-21,auto,add_payment_info,mobile,affiliate,6,dummy
2026-08-21,auto,purchase,mobile,affiliate,6,dummy
2026-08-21,auto,page_view,mobile,referral,146,dummy
2026-08-21,auto,view_item,mobile,referral,53,dummy
2026-08-21,auto,add_to_cart,mobile,referral,20,dummy
2026-08-21,auto,begin_checkout,mobile,referral,4,dummy
2026-08-21,auto,add_payment_info,mobile,referral,1,dummy
2026-08-21,auto,purchase,mobile,referral,1,dummy
2026-08-21,auto,page_view,desktop,sea,531,dummy
2026-08-21,auto,view_item,desktop,sea,267,dummy
2026-08-21,auto,add_to_cart,desktop,sea,96,dummy
2026-08-21,auto,begin_checkout,desktop,sea,28,dummy
2026-08-21,auto,add_payment_info,desktop,sea,23,dummy
2026-08-21,auto,purchase,desktop,sea,21,dummy
2026-08-21,auto,page_view,desktop,seo,401,dummy
2026-08-21,auto,view_item,desktop,seo,221,dummy
2026-08-21,auto,add_to_cart,desktop,seo,110,dummy
2026-08-21,auto,begin_checkout,desktop,seo,35,dummy
2026-08-21,auto,add_payment_info,desktop,seo,25,dummy
2026-08-21,auto,purchase,desktop,seo,22,dummy
2026-08-21,auto,page_view,desktop,direct,222,dummy
2026-08-21,auto,view_item,desktop,direct,122,dummy
2026-08-21,auto,add_to_cart,desktop,direct,57,dummy
2026-08-21,auto,begin_checkout,desktop,direct,18,dummy
2026-08-21,auto,add_payment_info,desktop,direct,9,dummy
2026-08-21,auto,purchase,desktop,direct,7,dummy
2026-08-21,auto,page_view,desktop,email,127,dummy
2026-08-21,auto,view_item,desktop,email,74,dummy
2026-08-21,auto,add_to_cart,desktop,email,39,dummy
2026-08-21,auto,begin_checkout,desktop,email,12,dummy
2026-08-21,auto,add_payment_info,desktop,email,6,dummy
2026-08-21,auto,purchase,desktop,email,4,dummy
2026-08-21,auto,page_view,desktop,paid_social,112,dummy
2026-08-21,auto,view_item,desktop,paid_social,67,dummy
2026-08-21,auto,add_to_cart,desktop,paid_social,26,dummy
2026-08-21,auto,begin_checkout,desktop,paid_social,9,dummy
2026-08-21,auto,add_payment_info,desktop,paid_social,8,dummy
2026-08-21,auto,purchase,desktop,paid_social,6,dummy
2026-08-21,auto,page_view,desktop,affiliate,154,dummy
2026-08-21,auto,view_item,desktop,affiliate,73,dummy
2026-08-21,auto,add_to_cart,desktop,affiliate,33,dummy
2026-08-21,auto,begin_checkout,desktop,affiliate,12,dummy
2026-08-21,auto,add_payment_info,desktop,affiliate,7,dummy
2026-08-21,auto,purchase,desktop,affiliate,5,dummy
2026-08-21,auto,page_view,desktop,referral,72,dummy
2026-08-21,auto,view_item,desktop,referral,38,dummy
2026-08-21,auto,add_to_cart,desktop,referral,21,dummy
2026-08-21,auto,begin_checkout,desktop,referral,6,dummy
2026-08-21,auto,add_payment_info,desktop,referral,4,dummy
2026-08-21,auto,purchase,desktop,referral,3,dummy
2026-08-21,auto,page_view,tablet,sea,88,dummy
2026-08-21,auto,view_item,tablet,sea,41,dummy
2026-08-21,auto,add_to_cart,tablet,sea,20,dummy
2026-08-21,auto,begin_checkout,tablet,sea,9,dummy
2026-08-21,auto,add_payment_info,tablet,sea,6,dummy
2026-08-21,auto,purchase,tablet,sea,6,dummy
2026-08-21,auto,page_view,tablet,seo,91,dummy
2026-08-21,auto,view_item,tablet,seo,50,dummy
2026-08-21,auto,add_to_cart,tablet,seo,23,dummy
2026-08-21,auto,begin_checkout,tablet,seo,5,dummy
2026-08-21,auto,add_payment_info,tablet,seo,3,dummy
2026-08-21,auto,purchase,tablet,seo,2,dummy
2026-08-21,auto,page_view,tablet,direct,57,dummy
2026-08-21,auto,view_item,tablet,direct,27,dummy
2026-08-21,auto,add_to_cart,tablet,direct,13,dummy
2026-08-21,auto,begin_checkout,tablet,direct,6,dummy
2026-08-21,auto,add_payment_info,tablet,direct,1,dummy
2026-08-21,auto,purchase,tablet,direct,0,dummy
2026-08-21,auto,page_view,tablet,email,32,dummy
2026-08-21,auto,view_item,tablet,email,16,dummy
2026-08-21,auto,add_to_cart,tablet,email,6,dummy
2026-08-21,auto,begin_checkout,tablet,email,0,dummy
2026-08-21,auto,add_payment_info,tablet,email,0,dummy
2026-08-21,auto,purchase,tablet,email,0,dummy
2026-08-21,auto,page_view,tablet,paid_social,27,dummy
2026-08-21,auto,view_item,tablet,paid_social,17,dummy
2026-08-21,auto,add_to_cart,tablet,paid_social,6,dummy
2026-08-21,auto,begin_checkout,tablet,paid_social,1,dummy
2026-08-21,auto,add_payment_info,tablet,paid_social,0,dummy
2026-08-21,auto,purchase,tablet,paid_social,0,dummy
2026-08-21,auto,page_view,tablet,affiliate,36,dummy
2026-08-21,auto,view_item,tablet,affiliate,21,dummy
2026-08-21,auto,add_to_cart,tablet,affiliate,9,dummy
2026-08-21,auto,begin_checkout,tablet,affiliate,5,dummy
2026-08-21,auto,add_payment_info,tablet,affiliate,3,dummy
2026-08-21,auto,purchase,tablet,affiliate,2,dummy
2026-08-21,auto,page_view,tablet,referral,19,dummy
2026-08-21,auto,view_item,tablet,referral,11,dummy
2026-08-21,auto,add_to_cart,tablet,referral,6,dummy
2026-08-21,auto,begin_checkout,tablet,referral,2,dummy
2026-08-21,auto,add_payment_info,tablet,referral,1,dummy
2026-08-21,auto,purchase,tablet,referral,0,dummy
2026-08-22,auto,page_view,mobile,sea,774,dummy
2026-08-22,auto,view_item,mobile,sea,303,dummy
2026-08-22,auto,add_to_cart,mobile,sea,101,dummy
2026-08-22,auto,begin_checkout,mobile,sea,26,dummy
2026-08-22,auto,add_payment_info,mobile,sea,17,dummy
2026-08-22,auto,purchase,mobile,sea,13,dummy
2026-08-22,auto,page_view,mobile,seo,563,dummy
2026-08-22,auto,view_item,mobile,seo,200,dummy
2026-08-22,auto,add_to_cart,mobile,seo,85,dummy
2026-08-22,auto,begin_checkout,mobile,seo,23,dummy
2026-08-22,auto,add_payment_info,mobile,seo,15,dummy
2026-08-22,auto,purchase,mobile,seo,12,dummy
2026-08-22,auto,page_view,mobile,direct,339,dummy
2026-08-22,auto,view_item,mobile,direct,131,dummy
2026-08-22,auto,add_to_cart,mobile,direct,61,dummy
2026-08-22,auto,begin_checkout,mobile,direct,21,dummy
2026-08-22,auto,add_payment_info,mobile,direct,13,dummy
2026-08-22,auto,purchase,mobile,direct,9,dummy
2026-08-22,auto,page_view,mobile,email,189,dummy
2026-08-22,auto,view_item,mobile,email,79,dummy
2026-08-22,auto,add_to_cart,mobile,email,37,dummy
2026-08-22,auto,begin_checkout,mobile,email,8,dummy
2026-08-22,auto,add_payment_info,mobile,email,5,dummy
2026-08-22,auto,purchase,mobile,email,5,dummy
2026-08-22,auto,page_view,mobile,paid_social,163,dummy
2026-08-22,auto,view_item,mobile,paid_social,58,dummy
2026-08-22,auto,add_to_cart,mobile,paid_social,29,dummy
2026-08-22,auto,begin_checkout,mobile,paid_social,11,dummy
2026-08-22,auto,add_payment_info,mobile,paid_social,5,dummy
2026-08-22,auto,purchase,mobile,paid_social,2,dummy
2026-08-22,auto,page_view,mobile,affiliate,225,dummy
2026-08-22,auto,view_item,mobile,affiliate,74,dummy
2026-08-22,auto,add_to_cart,mobile,affiliate,28,dummy
2026-08-22,auto,begin_checkout,mobile,affiliate,7,dummy
2026-08-22,auto,add_payment_info,mobile,affiliate,6,dummy
2026-08-22,auto,purchase,mobile,affiliate,4,dummy
2026-08-22,auto,page_view,mobile,referral,117,dummy
2026-08-22,auto,view_item,mobile,referral,48,dummy
2026-08-22,auto,add_to_cart,mobile,referral,20,dummy
2026-08-22,auto,begin_checkout,mobile,referral,5,dummy
2026-08-22,auto,add_payment_info,mobile,referral,4,dummy
2026-08-22,auto,purchase,mobile,referral,3,dummy
2026-08-22,auto,page_view,desktop,sea,377,dummy
2026-08-22,auto,view_item,desktop,sea,216,dummy
2026-08-22,auto,add_to_cart,desktop,sea,72,dummy
2026-08-22,auto,begin_checkout,desktop,sea,25,dummy
2026-08-22,auto,add_payment_info,desktop,sea,16,dummy
2026-08-22,auto,purchase,desktop,sea,13,dummy
2026-08-22,auto,page_view,desktop,seo,346,dummy
2026-08-22,auto,view_item,desktop,seo,174,dummy
2026-08-22,auto,add_to_cart,desktop,seo,79,dummy
2026-08-22,auto,begin_checkout,desktop,seo,24,dummy
2026-08-22,auto,add_payment_info,desktop,seo,18,dummy
2026-08-22,auto,purchase,desktop,seo,16,dummy
2026-08-22,auto,page_view,desktop,direct,215,dummy
2026-08-22,auto,view_item,desktop,direct,128,dummy
2026-08-22,auto,add_to_cart,desktop,direct,55,dummy
2026-08-22,auto,begin_checkout,desktop,direct,15,dummy
2026-08-22,auto,add_payment_info,desktop,direct,11,dummy
2026-08-22,auto,purchase,desktop,direct,9,dummy
2026-08-22,auto,page_view,desktop,email,100,dummy
2026-08-22,auto,view_item,desktop,email,56,dummy
2026-08-22,auto,add_to_cart,desktop,email,24,dummy
2026-08-22,auto,begin_checkout,desktop,email,9,dummy
2026-08-22,auto,add_payment_info,desktop,email,7,dummy
2026-08-22,auto,purchase,desktop,email,6,dummy
2026-08-22,auto,page_view,desktop,paid_social,76,dummy
2026-08-22,auto,view_item,desktop,paid_social,45,dummy
2026-08-22,auto,add_to_cart,desktop,paid_social,18,dummy
2026-08-22,auto,begin_checkout,desktop,paid_social,3,dummy
2026-08-22,auto,add_payment_info,desktop,paid_social,1,dummy
2026-08-22,auto,purchase,desktop,paid_social,1,dummy
2026-08-22,auto,page_view,desktop,affiliate,140,dummy
2026-08-22,auto,view_item,desktop,affiliate,77,dummy
2026-08-22,auto,add_to_cart,desktop,affiliate,36,dummy
2026-08-22,auto,begin_checkout,desktop,affiliate,11,dummy
2026-08-22,auto,add_payment_info,desktop,affiliate,8,dummy
2026-08-22,auto,purchase,desktop,affiliate,6,dummy
2026-08-22,auto,page_view,desktop,referral,70,dummy
2026-08-22,auto,view_item,desktop,referral,39,dummy
2026-08-22,auto,add_to_cart,desktop,referral,22,dummy
2026-08-22,auto,begin_checkout,desktop,referral,8,dummy
2026-08-22,auto,add_payment_info,desktop,referral,6,dummy
2026-08-22,auto,purchase,desktop,referral,5,dummy
2026-08-22,auto,page_view,tablet,sea,88,dummy
2026-08-22,auto,view_item,tablet,sea,45,dummy
2026-08-22,auto,add_to_cart,tablet,sea,9,dummy
2026-08-22,auto,begin_checkout,tablet,sea,2,dummy
2026-08-22,auto,add_payment_info,tablet,sea,0,dummy
2026-08-22,auto,purchase,tablet,sea,0,dummy
2026-08-22,auto,page_view,tablet,seo,59,dummy
2026-08-22,auto,view_item,tablet,seo,29,dummy
2026-08-22,auto,add_to_cart,tablet,seo,15,dummy
2026-08-22,auto,begin_checkout,tablet,seo,2,dummy
2026-08-22,auto,add_payment_info,tablet,seo,1,dummy
2026-08-22,auto,purchase,tablet,seo,1,dummy
2026-08-22,auto,page_view,tablet,direct,37,dummy
2026-08-22,auto,view_item,tablet,direct,25,dummy
2026-08-22,auto,add_to_cart,tablet,direct,10,dummy
2026-08-22,auto,begin_checkout,tablet,direct,3,dummy
2026-08-22,auto,add_payment_info,tablet,direct,2,dummy
2026-08-22,auto,purchase,tablet,direct,1,dummy
2026-08-22,auto,page_view,tablet,email,16,dummy
2026-08-22,auto,view_item,tablet,email,7,dummy
2026-08-22,auto,add_to_cart,tablet,email,1,dummy
2026-08-22,auto,begin_checkout,tablet,email,1,dummy
2026-08-22,auto,add_payment_info,tablet,email,1,dummy
2026-08-22,auto,purchase,tablet,email,1,dummy
2026-08-22,auto,page_view,tablet,paid_social,23,dummy
2026-08-22,auto,view_item,tablet,paid_social,11,dummy
2026-08-22,auto,add_to_cart,tablet,paid_social,3,dummy
2026-08-22,auto,begin_checkout,tablet,paid_social,1,dummy
2026-08-22,auto,add_payment_info,tablet,paid_social,0,dummy
2026-08-22,auto,purchase,tablet,paid_social,0,dummy
2026-08-22,auto,page_view,tablet,affiliate,32,dummy
2026-08-22,auto,view_item,tablet,affiliate,19,dummy
2026-08-22,auto,add_to_cart,tablet,affiliate,11,dummy
2026-08-22,auto,begin_checkout,tablet,affiliate,4,dummy
2026-08-22,auto,add_payment_info,tablet,affiliate,3,dummy
2026-08-22,auto,purchase,tablet,affiliate,3,dummy
2026-08-22,auto,page_view,tablet,referral,16,dummy
2026-08-22,auto,view_item,tablet,referral,10,dummy
2026-08-22,auto,add_to_cart,tablet,referral,9,dummy
2026-08-22,auto,begin_checkout,tablet,referral,2,dummy
2026-08-22,auto,add_payment_info,tablet,referral,1,dummy
2026-08-22,auto,purchase,tablet,referral,1,dummy
2026-08-23,auto,page_view,mobile,sea,688,dummy
2026-08-23,auto,view_item,mobile,sea,277,dummy
2026-08-23,auto,add_to_cart,mobile,sea,93,dummy
2026-08-23,auto,begin_checkout,mobile,sea,28,dummy
2026-08-23,auto,add_payment_info,mobile,sea,16,dummy
2026-08-23,auto,purchase,mobile,sea,15,dummy
2026-08-23,auto,page_view,mobile,seo,610,dummy
2026-08-23,auto,view_item,mobile,seo,240,dummy
2026-08-23,auto,add_to_cart,mobile,seo,115,dummy
2026-08-23,auto,begin_checkout,mobile,seo,33,dummy
2026-08-23,auto,add_payment_info,mobile,seo,23,dummy
2026-08-23,auto,purchase,mobile,seo,21,dummy
2026-08-23,auto,page_view,mobile,direct,374,dummy
2026-08-23,auto,view_item,mobile,direct,158,dummy
2026-08-23,auto,add_to_cart,mobile,direct,82,dummy
2026-08-23,auto,begin_checkout,mobile,direct,25,dummy
2026-08-23,auto,add_payment_info,mobile,direct,16,dummy
2026-08-23,auto,purchase,mobile,direct,14,dummy
2026-08-23,auto,page_view,mobile,email,176,dummy
2026-08-23,auto,view_item,mobile,email,68,dummy
2026-08-23,auto,add_to_cart,mobile,email,24,dummy
2026-08-23,auto,begin_checkout,mobile,email,5,dummy
2026-08-23,auto,add_payment_info,mobile,email,3,dummy
2026-08-23,auto,purchase,mobile,email,2,dummy
2026-08-23,auto,page_view,mobile,paid_social,154,dummy
2026-08-23,auto,view_item,mobile,paid_social,48,dummy
2026-08-23,auto,add_to_cart,mobile,paid_social,24,dummy
2026-08-23,auto,begin_checkout,mobile,paid_social,9,dummy
2026-08-23,auto,add_payment_info,mobile,paid_social,6,dummy
2026-08-23,auto,purchase,mobile,paid_social,4,dummy
2026-08-23,auto,page_view,mobile,affiliate,233,dummy
2026-08-23,auto,view_item,mobile,affiliate,92,dummy
2026-08-23,auto,add_to_cart,mobile,affiliate,36,dummy
2026-08-23,auto,begin_checkout,mobile,affiliate,12,dummy
2026-08-23,auto,add_payment_info,mobile,affiliate,7,dummy
2026-08-23,auto,purchase,mobile,affiliate,5,dummy
2026-08-23,auto,page_view,mobile,referral,119,dummy
2026-08-23,auto,view_item,mobile,referral,44,dummy
2026-08-23,auto,add_to_cart,mobile,referral,20,dummy
2026-08-23,auto,begin_checkout,mobile,referral,8,dummy
2026-08-23,auto,add_payment_info,mobile,referral,5,dummy
2026-08-23,auto,purchase,mobile,referral,4,dummy
2026-08-23,auto,page_view,desktop,sea,373,dummy
2026-08-23,auto,view_item,desktop,sea,217,dummy
2026-08-23,auto,add_to_cart,desktop,sea,73,dummy
2026-08-23,auto,begin_checkout,desktop,sea,22,dummy
2026-08-23,auto,add_payment_info,desktop,sea,15,dummy
2026-08-23,auto,purchase,desktop,sea,9,dummy
2026-08-23,auto,page_view,desktop,seo,339,dummy
2026-08-23,auto,view_item,desktop,seo,189,dummy
2026-08-23,auto,add_to_cart,desktop,seo,74,dummy
2026-08-23,auto,begin_checkout,desktop,seo,22,dummy
2026-08-23,auto,add_payment_info,desktop,seo,12,dummy
2026-08-23,auto,purchase,desktop,seo,10,dummy
2026-08-23,auto,page_view,desktop,direct,189,dummy
2026-08-23,auto,view_item,desktop,direct,93,dummy
2026-08-23,auto,add_to_cart,desktop,direct,55,dummy
2026-08-23,auto,begin_checkout,desktop,direct,16,dummy
2026-08-23,auto,add_payment_info,desktop,direct,11,dummy
2026-08-23,auto,purchase,desktop,direct,10,dummy
2026-08-23,auto,page_view,desktop,email,107,dummy
2026-08-23,auto,view_item,desktop,email,58,dummy
2026-08-23,auto,add_to_cart,desktop,email,31,dummy
2026-08-23,auto,begin_checkout,desktop,email,11,dummy
2026-08-23,auto,add_payment_info,desktop,email,5,dummy
2026-08-23,auto,purchase,desktop,email,4,dummy
2026-08-23,auto,page_view,desktop,paid_social,94,dummy
2026-08-23,auto,view_item,desktop,paid_social,50,dummy
2026-08-23,auto,add_to_cart,desktop,paid_social,20,dummy
2026-08-23,auto,begin_checkout,desktop,paid_social,4,dummy
2026-08-23,auto,add_payment_info,desktop,paid_social,3,dummy
2026-08-23,auto,purchase,desktop,paid_social,1,dummy
2026-08-23,auto,page_view,desktop,affiliate,148,dummy
2026-08-23,auto,view_item,desktop,affiliate,74,dummy
2026-08-23,auto,add_to_cart,desktop,affiliate,32,dummy
2026-08-23,auto,begin_checkout,desktop,affiliate,4,dummy
2026-08-23,auto,add_payment_info,desktop,affiliate,1,dummy
2026-08-23,auto,purchase,desktop,affiliate,0,dummy
2026-08-23,auto,page_view,desktop,referral,64,dummy
2026-08-23,auto,view_item,desktop,referral,44,dummy
2026-08-23,auto,add_to_cart,desktop,referral,23,dummy
2026-08-23,auto,begin_checkout,desktop,referral,5,dummy
2026-08-23,auto,add_payment_info,desktop,referral,4,dummy
2026-08-23,auto,purchase,desktop,referral,4,dummy
2026-08-23,auto,page_view,tablet,sea,85,dummy
2026-08-23,auto,view_item,tablet,sea,43,dummy
2026-08-23,auto,add_to_cart,tablet,sea,12,dummy
2026-08-23,auto,begin_checkout,tablet,sea,2,dummy
2026-08-23,auto,add_payment_info,tablet,sea,1,dummy
2026-08-23,auto,purchase,tablet,sea,0,dummy
2026-08-23,auto,page_view,tablet,seo,70,dummy
2026-08-23,auto,view_item,tablet,seo,34,dummy
2026-08-23,auto,add_to_cart,tablet,seo,12,dummy
2026-08-23,auto,begin_checkout,tablet,seo,4,dummy
2026-08-23,auto,add_payment_info,tablet,seo,4,dummy
2026-08-23,auto,purchase,tablet,seo,4,dummy
2026-08-23,auto,page_view,tablet,direct,38,dummy
2026-08-23,auto,view_item,tablet,direct,22,dummy
2026-08-23,auto,add_to_cart,tablet,direct,9,dummy
2026-08-23,auto,begin_checkout,tablet,direct,3,dummy
2026-08-23,auto,add_payment_info,tablet,direct,3,dummy
2026-08-23,auto,purchase,tablet,direct,3,dummy
2026-08-23,auto,page_view,tablet,email,21,dummy
2026-08-23,auto,view_item,tablet,email,11,dummy
2026-08-23,auto,add_to_cart,tablet,email,9,dummy
2026-08-23,auto,begin_checkout,tablet,email,6,dummy
2026-08-23,auto,add_payment_info,tablet,email,5,dummy
2026-08-23,auto,purchase,tablet,email,4,dummy
2026-08-23,auto,page_view,tablet,paid_social,22,dummy
2026-08-23,auto,view_item,tablet,paid_social,9,dummy
2026-08-23,auto,add_to_cart,tablet,paid_social,5,dummy
2026-08-23,auto,begin_checkout,tablet,paid_social,1,dummy
2026-08-23,auto,add_payment_info,tablet,paid_social,0,dummy
2026-08-23,auto,purchase,tablet,paid_social,0,dummy
2026-08-23,auto,page_view,tablet,affiliate,27,dummy
2026-08-23,auto,view_item,tablet,affiliate,14,dummy
2026-08-23,auto,add_to_cart,tablet,affiliate,11,dummy
2026-08-23,auto,begin_checkout,tablet,affiliate,4,dummy
2026-08-23,auto,add_payment_info,tablet,affiliate,2,dummy
2026-08-23,auto,purchase,tablet,affiliate,1,dummy
2026-08-23,auto,page_view,tablet,referral,16,dummy
2026-08-23,auto,view_item,tablet,referral,7,dummy
2026-08-23,auto,add_to_cart,tablet,referral,3,dummy
2026-08-23,auto,begin_checkout,tablet,referral,0,dummy
2026-08-23,auto,add_payment_info,tablet,referral,0,dummy
2026-08-23,auto,purchase,tablet,referral,0,dummy
2026-08-24,auto,page_view,mobile,sea,900,dummy
2026-08-24,auto,view_item,mobile,sea,342,dummy
2026-08-24,auto,add_to_cart,mobile,sea,115,dummy
2026-08-24,auto,begin_checkout,mobile,sea,37,dummy
2026-08-24,auto,add_payment_info,mobile,sea,19,dummy
2026-08-24,auto,purchase,mobile,sea,16,dummy
2026-08-24,auto,page_view,mobile,seo,748,dummy
2026-08-24,auto,view_item,mobile,seo,285,dummy
2026-08-24,auto,add_to_cart,mobile,seo,129,dummy
2026-08-24,auto,begin_checkout,mobile,seo,33,dummy
2026-08-24,auto,add_payment_info,mobile,seo,11,dummy
2026-08-24,auto,purchase,mobile,seo,10,dummy
2026-08-24,auto,page_view,mobile,direct,408,dummy
2026-08-24,auto,view_item,mobile,direct,154,dummy
2026-08-24,auto,add_to_cart,mobile,direct,76,dummy
2026-08-24,auto,begin_checkout,mobile,direct,24,dummy
2026-08-24,auto,add_payment_info,mobile,direct,9,dummy
2026-08-24,auto,purchase,mobile,direct,7,dummy
2026-08-24,auto,page_view,mobile,email,229,dummy
2026-08-24,auto,view_item,mobile,email,82,dummy
2026-08-24,auto,add_to_cart,mobile,email,43,dummy
2026-08-24,auto,begin_checkout,mobile,email,8,dummy
2026-08-24,auto,add_payment_info,mobile,email,3,dummy
2026-08-24,auto,purchase,mobile,email,2,dummy
2026-08-24,auto,page_view,mobile,paid_social,210,dummy
2026-08-24,auto,view_item,mobile,paid_social,82,dummy
2026-08-24,auto,add_to_cart,mobile,paid_social,37,dummy
2026-08-24,auto,begin_checkout,mobile,paid_social,14,dummy
2026-08-24,auto,add_payment_info,mobile,paid_social,8,dummy
2026-08-24,auto,purchase,mobile,paid_social,7,dummy
2026-08-24,auto,page_view,mobile,affiliate,303,dummy
2026-08-24,auto,view_item,mobile,affiliate,114,dummy
2026-08-24,auto,add_to_cart,mobile,affiliate,60,dummy
2026-08-24,auto,begin_checkout,mobile,affiliate,19,dummy
2026-08-24,auto,add_payment_info,mobile,affiliate,8,dummy
2026-08-24,auto,purchase,mobile,affiliate,8,dummy
2026-08-24,auto,page_view,mobile,referral,170,dummy
2026-08-24,auto,view_item,mobile,referral,60,dummy
2026-08-24,auto,add_to_cart,mobile,referral,26,dummy
2026-08-24,auto,begin_checkout,mobile,referral,6,dummy
2026-08-24,auto,add_payment_info,mobile,referral,3,dummy
2026-08-24,auto,purchase,mobile,referral,2,dummy
2026-08-24,auto,page_view,desktop,sea,494,dummy
2026-08-24,auto,view_item,desktop,sea,271,dummy
2026-08-24,auto,add_to_cart,desktop,sea,72,dummy
2026-08-24,auto,begin_checkout,desktop,sea,20,dummy
2026-08-24,auto,add_payment_info,desktop,sea,6,dummy
2026-08-24,auto,purchase,desktop,sea,3,dummy
2026-08-24,auto,page_view,desktop,seo,429,dummy
2026-08-24,auto,view_item,desktop,seo,253,dummy
2026-08-24,auto,add_to_cart,desktop,seo,120,dummy
2026-08-24,auto,begin_checkout,desktop,seo,34,dummy
2026-08-24,auto,add_payment_info,desktop,seo,10,dummy
2026-08-24,auto,purchase,desktop,seo,9,dummy
2026-08-24,auto,page_view,desktop,direct,240,dummy
2026-08-24,auto,view_item,desktop,direct,135,dummy
2026-08-24,auto,add_to_cart,desktop,direct,60,dummy
2026-08-24,auto,begin_checkout,desktop,direct,20,dummy
2026-08-24,auto,add_payment_info,desktop,direct,6,dummy
2026-08-24,auto,purchase,desktop,direct,6,dummy
2026-08-24,auto,page_view,desktop,email,123,dummy
2026-08-24,auto,view_item,desktop,email,71,dummy
2026-08-24,auto,add_to_cart,desktop,email,34,dummy
2026-08-24,auto,begin_checkout,desktop,email,11,dummy
2026-08-24,auto,add_payment_info,desktop,email,4,dummy
2026-08-24,auto,purchase,desktop,email,3,dummy
2026-08-24,auto,page_view,desktop,paid_social,109,dummy
2026-08-24,auto,view_item,desktop,paid_social,57,dummy
2026-08-24,auto,add_to_cart,desktop,paid_social,26,dummy
2026-08-24,auto,begin_checkout,desktop,paid_social,6,dummy
2026-08-24,auto,add_payment_info,desktop,paid_social,0,dummy
2026-08-24,auto,purchase,desktop,paid_social,0,dummy
2026-08-24,auto,page_view,desktop,affiliate,167,dummy
2026-08-24,auto,view_item,desktop,affiliate,104,dummy
2026-08-24,auto,add_to_cart,desktop,affiliate,50,dummy
2026-08-24,auto,begin_checkout,desktop,affiliate,14,dummy
2026-08-24,auto,add_payment_info,desktop,affiliate,6,dummy
2026-08-24,auto,purchase,desktop,affiliate,2,dummy
2026-08-24,auto,page_view,desktop,referral,70,dummy
2026-08-24,auto,view_item,desktop,referral,40,dummy
2026-08-24,auto,add_to_cart,desktop,referral,22,dummy
2026-08-24,auto,begin_checkout,desktop,referral,8,dummy
2026-08-24,auto,add_payment_info,desktop,referral,4,dummy
2026-08-24,auto,purchase,desktop,referral,3,dummy
2026-08-24,auto,page_view,tablet,sea,101,dummy
2026-08-24,auto,view_item,tablet,sea,53,dummy
2026-08-24,auto,add_to_cart,tablet,sea,17,dummy
2026-08-24,auto,begin_checkout,tablet,sea,4,dummy
2026-08-24,auto,add_payment_info,tablet,sea,4,dummy
2026-08-24,auto,purchase,tablet,sea,4,dummy
2026-08-24,auto,page_view,tablet,seo,96,dummy
2026-08-24,auto,view_item,tablet,seo,55,dummy
2026-08-24,auto,add_to_cart,tablet,seo,24,dummy
2026-08-24,auto,begin_checkout,tablet,seo,6,dummy
2026-08-24,auto,add_payment_info,tablet,seo,3,dummy
2026-08-24,auto,purchase,tablet,seo,2,dummy
2026-08-24,auto,page_view,tablet,direct,50,dummy
2026-08-24,auto,view_item,tablet,direct,23,dummy
2026-08-24,auto,add_to_cart,tablet,direct,10,dummy
2026-08-24,auto,begin_checkout,tablet,direct,1,dummy
2026-08-24,auto,add_payment_info,tablet,direct,1,dummy
2026-08-24,auto,purchase,tablet,direct,1,dummy
2026-08-24,auto,page_view,tablet,email,25,dummy
2026-08-24,auto,view_item,tablet,email,15,dummy
2026-08-24,auto,add_to_cart,tablet,email,7,dummy
2026-08-24,auto,begin_checkout,tablet,email,0,dummy
2026-08-24,auto,add_payment_info,tablet,email,0,dummy
2026-08-24,auto,purchase,tablet,email,0,dummy
2026-08-24,auto,page_view,tablet,paid_social,16,dummy
2026-08-24,auto,view_item,tablet,paid_social,7,dummy
2026-08-24,auto,add_to_cart,tablet,paid_social,3,dummy
2026-08-24,auto,begin_checkout,tablet,paid_social,1,dummy
2026-08-24,auto,add_payment_info,tablet,paid_social,0,dummy
2026-08-24,auto,purchase,tablet,paid_social,0,dummy
2026-08-24,auto,page_view,tablet,affiliate,25,dummy
2026-08-24,auto,view_item,tablet,affiliate,11,dummy
2026-08-24,auto,add_to_cart,tablet,affiliate,5,dummy
2026-08-24,auto,begin_checkout,tablet,affiliate,0,dummy
2026-08-24,auto,add_payment_info,tablet,affiliate,0,dummy
2026-08-24,auto,purchase,tablet,affiliate,0,dummy
2026-08-24,auto,page_view,tablet,referral,14,dummy
2026-08-24,auto,view_item,tablet,referral,10,dummy
2026-08-24,auto,add_to_cart,tablet,referral,5,dummy
2026-08-24,auto,begin_checkout,tablet,referral,4,dummy
2026-08-24,auto,add_payment_info,tablet,referral,3,dummy
2026-08-24,auto,purchase,tablet,referral,1,dummy
2026-08-25,auto,page_view,mobile,sea,900,dummy
2026-08-25,auto,view_item,mobile,sea,355,dummy
2026-08-25,auto,add_to_cart,mobile,sea,125,dummy
2026-08-25,auto,begin_checkout,mobile,sea,39,dummy
2026-08-25,auto,add_payment_info,mobile,sea,17,dummy
2026-08-25,auto,purchase,mobile,sea,14,dummy
2026-08-25,auto,page_view,mobile,seo,768,dummy
2026-08-25,auto,view_item,mobile,seo,279,dummy
2026-08-25,auto,add_to_cart,mobile,seo,148,dummy
2026-08-25,auto,begin_checkout,mobile,seo,50,dummy
2026-08-25,auto,add_payment_info,mobile,seo,12,dummy
2026-08-25,auto,purchase,mobile,seo,10,dummy
2026-08-25,auto,page_view,mobile,direct,424,dummy
2026-08-25,auto,view_item,mobile,direct,169,dummy
2026-08-25,auto,add_to_cart,mobile,direct,89,dummy
2026-08-25,auto,begin_checkout,mobile,direct,37,dummy
2026-08-25,auto,add_payment_info,mobile,direct,11,dummy
2026-08-25,auto,purchase,mobile,direct,9,dummy
2026-08-25,auto,page_view,mobile,email,234,dummy
2026-08-25,auto,view_item,mobile,email,98,dummy
2026-08-25,auto,add_to_cart,mobile,email,48,dummy
2026-08-25,auto,begin_checkout,mobile,email,11,dummy
2026-08-25,auto,add_payment_info,mobile,email,5,dummy
2026-08-25,auto,purchase,mobile,email,4,dummy
2026-08-25,auto,page_view,mobile,paid_social,202,dummy
2026-08-25,auto,view_item,mobile,paid_social,82,dummy
2026-08-25,auto,add_to_cart,mobile,paid_social,33,dummy
2026-08-25,auto,begin_checkout,mobile,paid_social,11,dummy
2026-08-25,auto,add_payment_info,mobile,paid_social,2,dummy
2026-08-25,auto,purchase,mobile,paid_social,1,dummy
2026-08-25,auto,page_view,mobile,affiliate,288,dummy
2026-08-25,auto,view_item,mobile,affiliate,84,dummy
2026-08-25,auto,add_to_cart,mobile,affiliate,31,dummy
2026-08-25,auto,begin_checkout,mobile,affiliate,8,dummy
2026-08-25,auto,add_payment_info,mobile,affiliate,3,dummy
2026-08-25,auto,purchase,mobile,affiliate,3,dummy
2026-08-25,auto,page_view,mobile,referral,152,dummy
2026-08-25,auto,view_item,mobile,referral,65,dummy
2026-08-25,auto,add_to_cart,mobile,referral,31,dummy
2026-08-25,auto,begin_checkout,mobile,referral,9,dummy
2026-08-25,auto,add_payment_info,mobile,referral,4,dummy
2026-08-25,auto,purchase,mobile,referral,3,dummy
2026-08-25,auto,page_view,desktop,sea,501,dummy
2026-08-25,auto,view_item,desktop,sea,282,dummy
2026-08-25,auto,add_to_cart,desktop,sea,98,dummy
2026-08-25,auto,begin_checkout,desktop,sea,40,dummy
2026-08-25,auto,add_payment_info,desktop,sea,17,dummy
2026-08-25,auto,purchase,desktop,sea,13,dummy
2026-08-25,auto,page_view,desktop,seo,419,dummy
2026-08-25,auto,view_item,desktop,seo,237,dummy
2026-08-25,auto,add_to_cart,desktop,seo,110,dummy
2026-08-25,auto,begin_checkout,desktop,seo,39,dummy
2026-08-25,auto,add_payment_info,desktop,seo,17,dummy
2026-08-25,auto,purchase,desktop,seo,15,dummy
2026-08-25,auto,page_view,desktop,direct,238,dummy
2026-08-25,auto,view_item,desktop,direct,133,dummy
2026-08-25,auto,add_to_cart,desktop,direct,59,dummy
2026-08-25,auto,begin_checkout,desktop,direct,12,dummy
2026-08-25,auto,add_payment_info,desktop,direct,3,dummy
2026-08-25,auto,purchase,desktop,direct,2,dummy
2026-08-25,auto,page_view,desktop,email,123,dummy
2026-08-25,auto,view_item,desktop,email,65,dummy
2026-08-25,auto,add_to_cart,desktop,email,25,dummy
2026-08-25,auto,begin_checkout,desktop,email,7,dummy
2026-08-25,auto,add_payment_info,desktop,email,1,dummy
2026-08-25,auto,purchase,desktop,email,1,dummy
2026-08-25,auto,page_view,desktop,paid_social,110,dummy
2026-08-25,auto,view_item,desktop,paid_social,61,dummy
2026-08-25,auto,add_to_cart,desktop,paid_social,28,dummy
2026-08-25,auto,begin_checkout,desktop,paid_social,9,dummy
2026-08-25,auto,add_payment_info,desktop,paid_social,3,dummy
2026-08-25,auto,purchase,desktop,paid_social,1,dummy
2026-08-25,auto,page_view,desktop,affiliate,165,dummy
2026-08-25,auto,view_item,desktop,affiliate,99,dummy
2026-08-25,auto,add_to_cart,desktop,affiliate,46,dummy
2026-08-25,auto,begin_checkout,desktop,affiliate,10,dummy
2026-08-25,auto,add_payment_info,desktop,affiliate,1,dummy
2026-08-25,auto,purchase,desktop,affiliate,1,dummy
2026-08-25,auto,page_view,desktop,referral,87,dummy
2026-08-25,auto,view_item,desktop,referral,47,dummy
2026-08-25,auto,add_to_cart,desktop,referral,19,dummy
2026-08-25,auto,begin_checkout,desktop,referral,7,dummy
2026-08-25,auto,add_payment_info,desktop,referral,3,dummy
2026-08-25,auto,purchase,desktop,referral,3,dummy
2026-08-25,auto,page_view,tablet,sea,111,dummy
2026-08-25,auto,view_item,tablet,sea,64,dummy
2026-08-25,auto,add_to_cart,tablet,sea,16,dummy
2026-08-25,auto,begin_checkout,tablet,sea,3,dummy
2026-08-25,auto,add_payment_info,tablet,sea,1,dummy
2026-08-25,auto,purchase,tablet,sea,1,dummy
2026-08-25,auto,page_view,tablet,seo,69,dummy
2026-08-25,auto,view_item,tablet,seo,37,dummy
2026-08-25,auto,add_to_cart,tablet,seo,20,dummy
2026-08-25,auto,begin_checkout,tablet,seo,5,dummy
2026-08-25,auto,add_payment_info,tablet,seo,3,dummy
2026-08-25,auto,purchase,tablet,seo,2,dummy
2026-08-25,auto,page_view,tablet,direct,57,dummy
2026-08-25,auto,view_item,tablet,direct,24,dummy
2026-08-25,auto,add_to_cart,tablet,direct,10,dummy
2026-08-25,auto,begin_checkout,tablet,direct,0,dummy
2026-08-25,auto,add_payment_info,tablet,direct,0,dummy
2026-08-25,auto,purchase,tablet,direct,0,dummy
2026-08-25,auto,page_view,tablet,email,27,dummy
2026-08-25,auto,view_item,tablet,email,10,dummy
2026-08-25,auto,add_to_cart,tablet,email,4,dummy
2026-08-25,auto,begin_checkout,tablet,email,1,dummy
2026-08-25,auto,add_payment_info,tablet,email,0,dummy
2026-08-25,auto,purchase,tablet,email,0,dummy
2026-08-25,auto,page_view,tablet,paid_social,24,dummy
2026-08-25,auto,view_item,tablet,paid_social,9,dummy
2026-08-25,auto,add_to_cart,tablet,paid_social,4,dummy
2026-08-25,auto,begin_checkout,tablet,paid_social,2,dummy
2026-08-25,auto,add_payment_info,tablet,paid_social,1,dummy
2026-08-25,auto,purchase,tablet,paid_social,1,dummy
2026-08-25,auto,page_view,tablet,affiliate,33,dummy
2026-08-25,auto,view_item,tablet,affiliate,15,dummy
2026-08-25,auto,add_to_cart,tablet,affiliate,6,dummy
2026-08-25,auto,begin_checkout,tablet,affiliate,0,dummy
2026-08-25,auto,add_payment_info,tablet,affiliate,0,dummy
2026-08-25,auto,purchase,tablet,affiliate,0,dummy
2026-08-25,auto,page_view,tablet,referral,21,dummy
2026-08-25,auto,view_item,tablet,referral,8,dummy
2026-08-25,auto,add_to_cart,tablet,referral,4,dummy
2026-08-25,auto,begin_checkout,tablet,referral,1,dummy
2026-08-25,auto,add_payment_info,tablet,referral,1,dummy
2026-08-25,auto,purchase,tablet,referral,1,dummy
2026-08-26,auto,page_view,mobile,sea,846,dummy
2026-08-26,auto,view_item,mobile,sea,307,dummy
2026-08-26,auto,add_to_cart,mobile,sea,105,dummy
2026-08-26,auto,begin_checkout,mobile,sea,28,dummy
2026-08-26,auto,add_payment_info,mobile,sea,9,dummy
2026-08-26,auto,purchase,mobile,sea,7,dummy
2026-08-26,auto,page_view,mobile,seo,696,dummy
2026-08-26,auto,view_item,mobile,seo,265,dummy
2026-08-26,auto,add_to_cart,mobile,seo,104,dummy
2026-08-26,auto,begin_checkout,mobile,seo,31,dummy
2026-08-26,auto,add_payment_info,mobile,seo,15,dummy
2026-08-26,auto,purchase,mobile,seo,10,dummy
2026-08-26,auto,page_view,mobile,direct,454,dummy
2026-08-26,auto,view_item,mobile,direct,169,dummy
2026-08-26,auto,add_to_cart,mobile,direct,75,dummy
2026-08-26,auto,begin_checkout,mobile,direct,23,dummy
2026-08-26,auto,add_payment_info,mobile,direct,8,dummy
2026-08-26,auto,purchase,mobile,direct,7,dummy
2026-08-26,auto,page_view,mobile,email,233,dummy
2026-08-26,auto,view_item,mobile,email,100,dummy
2026-08-26,auto,add_to_cart,mobile,email,54,dummy
2026-08-26,auto,begin_checkout,mobile,email,14,dummy
2026-08-26,auto,add_payment_info,mobile,email,8,dummy
2026-08-26,auto,purchase,mobile,email,8,dummy
2026-08-26,auto,page_view,mobile,paid_social,214,dummy
2026-08-26,auto,view_item,mobile,paid_social,79,dummy
2026-08-26,auto,add_to_cart,mobile,paid_social,21,dummy
2026-08-26,auto,begin_checkout,mobile,paid_social,8,dummy
2026-08-26,auto,add_payment_info,mobile,paid_social,5,dummy
2026-08-26,auto,purchase,mobile,paid_social,5,dummy
2026-08-26,auto,page_view,mobile,affiliate,290,dummy
2026-08-26,auto,view_item,mobile,affiliate,121,dummy
2026-08-26,auto,add_to_cart,mobile,affiliate,57,dummy
2026-08-26,auto,begin_checkout,mobile,affiliate,15,dummy
2026-08-26,auto,add_payment_info,mobile,affiliate,5,dummy
2026-08-26,auto,purchase,mobile,affiliate,5,dummy
2026-08-26,auto,page_view,mobile,referral,155,dummy
2026-08-26,auto,view_item,mobile,referral,82,dummy
2026-08-26,auto,add_to_cart,mobile,referral,32,dummy
2026-08-26,auto,begin_checkout,mobile,referral,13,dummy
2026-08-26,auto,add_payment_info,mobile,referral,7,dummy
2026-08-26,auto,purchase,mobile,referral,6,dummy
2026-08-26,auto,page_view,desktop,sea,459,dummy
2026-08-26,auto,view_item,desktop,sea,238,dummy
2026-08-26,auto,add_to_cart,desktop,sea,87,dummy
2026-08-26,auto,begin_checkout,desktop,sea,24,dummy
2026-08-26,auto,add_payment_info,desktop,sea,7,dummy
2026-08-26,auto,purchase,desktop,sea,6,dummy
2026-08-26,auto,page_view,desktop,seo,405,dummy
2026-08-26,auto,view_item,desktop,seo,218,dummy
2026-08-26,auto,add_to_cart,desktop,seo,86,dummy
2026-08-26,auto,begin_checkout,desktop,seo,28,dummy
2026-08-26,auto,add_payment_info,desktop,seo,15,dummy
2026-08-26,auto,purchase,desktop,seo,12,dummy
2026-08-26,auto,page_view,desktop,direct,241,dummy
2026-08-26,auto,view_item,desktop,direct,137,dummy
2026-08-26,auto,add_to_cart,desktop,direct,66,dummy
2026-08-26,auto,begin_checkout,desktop,direct,19,dummy
2026-08-26,auto,add_payment_info,desktop,direct,4,dummy
2026-08-26,auto,purchase,desktop,direct,4,dummy
2026-08-26,auto,page_view,desktop,email,123,dummy
2026-08-26,auto,view_item,desktop,email,61,dummy
2026-08-26,auto,add_to_cart,desktop,email,26,dummy
2026-08-26,auto,begin_checkout,desktop,email,12,dummy
2026-08-26,auto,add_payment_info,desktop,email,6,dummy
2026-08-26,auto,purchase,desktop,email,5,dummy
2026-08-26,auto,page_view,desktop,paid_social,106,dummy
2026-08-26,auto,view_item,desktop,paid_social,48,dummy
2026-08-26,auto,add_to_cart,desktop,paid_social,15,dummy
2026-08-26,auto,begin_checkout,desktop,paid_social,6,dummy
2026-08-26,auto,add_payment_info,desktop,paid_social,2,dummy
2026-08-26,auto,purchase,desktop,paid_social,1,dummy
2026-08-26,auto,page_view,desktop,affiliate,178,dummy
2026-08-26,auto,view_item,desktop,affiliate,94,dummy
2026-08-26,auto,add_to_cart,desktop,affiliate,34,dummy
2026-08-26,auto,begin_checkout,desktop,affiliate,15,dummy
2026-08-26,auto,add_payment_info,desktop,affiliate,4,dummy
2026-08-26,auto,purchase,desktop,affiliate,4,dummy
2026-08-26,auto,page_view,desktop,referral,79,dummy
2026-08-26,auto,view_item,desktop,referral,43,dummy
2026-08-26,auto,add_to_cart,desktop,referral,22,dummy
2026-08-26,auto,begin_checkout,desktop,referral,4,dummy
2026-08-26,auto,add_payment_info,desktop,referral,3,dummy
2026-08-26,auto,purchase,desktop,referral,2,dummy
2026-08-26,auto,page_view,tablet,sea,103,dummy
2026-08-26,auto,view_item,tablet,sea,53,dummy
2026-08-26,auto,add_to_cart,tablet,sea,15,dummy
2026-08-26,auto,begin_checkout,tablet,sea,4,dummy
2026-08-26,auto,add_payment_info,tablet,sea,1,dummy
2026-08-26,auto,purchase,tablet,sea,0,dummy
2026-08-26,auto,page_view,tablet,seo,103,dummy
2026-08-26,auto,view_item,tablet,seo,55,dummy
2026-08-26,auto,add_to_cart,tablet,seo,21,dummy
2026-08-26,auto,begin_checkout,tablet,seo,4,dummy
2026-08-26,auto,add_payment_info,tablet,seo,3,dummy
2026-08-26,auto,purchase,tablet,seo,3,dummy
2026-08-26,auto,page_view,tablet,direct,54,dummy
2026-08-26,auto,view_item,tablet,direct,28,dummy
2026-08-26,auto,add_to_cart,tablet,direct,11,dummy
2026-08-26,auto,begin_checkout,tablet,direct,3,dummy
2026-08-26,auto,add_payment_info,tablet,direct,1,dummy
2026-08-26,auto,purchase,tablet,direct,1,dummy
2026-08-26,auto,page_view,tablet,email,27,dummy
2026-08-26,auto,view_item,tablet,email,12,dummy
2026-08-26,auto,add_to_cart,tablet,email,7,dummy
2026-08-26,auto,begin_checkout,tablet,email,1,dummy
2026-08-26,auto,add_payment_info,tablet,email,0,dummy
2026-08-26,auto,purchase,tablet,email,0,dummy
2026-08-26,auto,page_view,tablet,paid_social,27,dummy
2026-08-26,auto,view_item,tablet,paid_social,21,dummy
2026-08-26,auto,add_to_cart,tablet,paid_social,8,dummy
2026-08-26,auto,begin_checkout,tablet,paid_social,2,dummy
2026-08-26,auto,add_payment_info,tablet,paid_social,1,dummy
2026-08-26,auto,purchase,tablet,paid_social,1,dummy
2026-08-26,auto,page_view,tablet,affiliate,40,dummy
2026-08-26,auto,view_item,tablet,affiliate,22,dummy
2026-08-26,auto,add_to_cart,tablet,affiliate,9,dummy
2026-08-26,auto,begin_checkout,tablet,affiliate,3,dummy
2026-08-26,auto,add_payment_info,tablet,affiliate,1,dummy
2026-08-26,auto,purchase,tablet,affiliate,1,dummy
2026-08-26,auto,page_view,tablet,referral,13,dummy
2026-08-26,auto,view_item,tablet,referral,10,dummy
2026-08-26,auto,add_to_cart,tablet,referral,2,dummy
2026-08-26,auto,begin_checkout,tablet,referral,1,dummy
2026-08-26,auto,add_payment_info,tablet,referral,1,dummy
2026-08-26,auto,purchase,tablet,referral,1,dummy
2026-08-27,auto,page_view,mobile,sea,900,dummy
2026-08-27,auto,view_item,mobile,sea,335,dummy
2026-08-27,auto,add_to_cart,mobile,sea,114,dummy
2026-08-27,auto,begin_checkout,mobile,sea,34,dummy
2026-08-27,auto,add_payment_info,mobile,sea,10,dummy
2026-08-27,auto,purchase,mobile,sea,9,dummy
2026-08-27,auto,page_view,mobile,seo,788,dummy
2026-08-27,auto,view_item,mobile,seo,301,dummy
2026-08-27,auto,add_to_cart,mobile,seo,119,dummy
2026-08-27,auto,begin_checkout,mobile,seo,35,dummy
2026-08-27,auto,add_payment_info,mobile,seo,15,dummy
2026-08-27,auto,purchase,mobile,seo,13,dummy
2026-08-27,auto,page_view,mobile,direct,452,dummy
2026-08-27,auto,view_item,mobile,direct,182,dummy
2026-08-27,auto,add_to_cart,mobile,direct,85,dummy
2026-08-27,auto,begin_checkout,mobile,direct,33,dummy
2026-08-27,auto,add_payment_info,mobile,direct,11,dummy
2026-08-27,auto,purchase,mobile,direct,9,dummy
2026-08-27,auto,page_view,mobile,email,254,dummy
2026-08-27,auto,view_item,mobile,email,88,dummy
2026-08-27,auto,add_to_cart,mobile,email,42,dummy
2026-08-27,auto,begin_checkout,mobile,email,16,dummy
2026-08-27,auto,add_payment_info,mobile,email,7,dummy
2026-08-27,auto,purchase,mobile,email,6,dummy
2026-08-27,auto,page_view,mobile,paid_social,218,dummy
2026-08-27,auto,view_item,mobile,paid_social,83,dummy
2026-08-27,auto,add_to_cart,mobile,paid_social,36,dummy
2026-08-27,auto,begin_checkout,mobile,paid_social,6,dummy
2026-08-27,auto,add_payment_info,mobile,paid_social,2,dummy
2026-08-27,auto,purchase,mobile,paid_social,1,dummy
2026-08-27,auto,page_view,mobile,affiliate,294,dummy
2026-08-27,auto,view_item,mobile,affiliate,107,dummy
2026-08-27,auto,add_to_cart,mobile,affiliate,49,dummy
2026-08-27,auto,begin_checkout,mobile,affiliate,15,dummy
2026-08-27,auto,add_payment_info,mobile,affiliate,7,dummy
2026-08-27,auto,purchase,mobile,affiliate,6,dummy
2026-08-27,auto,page_view,mobile,referral,152,dummy
2026-08-27,auto,view_item,mobile,referral,54,dummy
2026-08-27,auto,add_to_cart,mobile,referral,25,dummy
2026-08-27,auto,begin_checkout,mobile,referral,12,dummy
2026-08-27,auto,add_payment_info,mobile,referral,2,dummy
2026-08-27,auto,purchase,mobile,referral,1,dummy
2026-08-27,auto,page_view,desktop,sea,468,dummy
2026-08-27,auto,view_item,desktop,sea,270,dummy
2026-08-27,auto,add_to_cart,desktop,sea,86,dummy
2026-08-27,auto,begin_checkout,desktop,sea,29,dummy
2026-08-27,auto,add_payment_info,desktop,sea,8,dummy
2026-08-27,auto,purchase,desktop,sea,7,dummy
2026-08-27,auto,page_view,desktop,seo,389,dummy
2026-08-27,auto,view_item,desktop,seo,213,dummy
2026-08-27,auto,add_to_cart,desktop,seo,92,dummy
2026-08-27,auto,begin_checkout,desktop,seo,29,dummy
2026-08-27,auto,add_payment_info,desktop,seo,7,dummy
2026-08-27,auto,purchase,desktop,seo,5,dummy
2026-08-27,auto,page_view,desktop,direct,238,dummy
2026-08-27,auto,view_item,desktop,direct,141,dummy
2026-08-27,auto,add_to_cart,desktop,direct,70,dummy
2026-08-27,auto,begin_checkout,desktop,direct,17,dummy
2026-08-27,auto,add_payment_info,desktop,direct,5,dummy
2026-08-27,auto,purchase,desktop,direct,5,dummy
2026-08-27,auto,page_view,desktop,email,124,dummy
2026-08-27,auto,view_item,desktop,email,76,dummy
2026-08-27,auto,add_to_cart,desktop,email,32,dummy
2026-08-27,auto,begin_checkout,desktop,email,8,dummy
2026-08-27,auto,add_payment_info,desktop,email,5,dummy
2026-08-27,auto,purchase,desktop,email,5,dummy
2026-08-27,auto,page_view,desktop,paid_social,121,dummy
2026-08-27,auto,view_item,desktop,paid_social,69,dummy
2026-08-27,auto,add_to_cart,desktop,paid_social,29,dummy
2026-08-27,auto,begin_checkout,desktop,paid_social,7,dummy
2026-08-27,auto,add_payment_info,desktop,paid_social,1,dummy
2026-08-27,auto,purchase,desktop,paid_social,0,dummy
2026-08-27,auto,page_view,desktop,affiliate,181,dummy
2026-08-27,auto,view_item,desktop,affiliate,102,dummy
2026-08-27,auto,add_to_cart,desktop,affiliate,43,dummy
2026-08-27,auto,begin_checkout,desktop,affiliate,10,dummy
2026-08-27,auto,add_payment_info,desktop,affiliate,4,dummy
2026-08-27,auto,purchase,desktop,affiliate,3,dummy
2026-08-27,auto,page_view,desktop,referral,81,dummy
2026-08-27,auto,view_item,desktop,referral,49,dummy
2026-08-27,auto,add_to_cart,desktop,referral,17,dummy
2026-08-27,auto,begin_checkout,desktop,referral,6,dummy
2026-08-27,auto,add_payment_info,desktop,referral,5,dummy
2026-08-27,auto,purchase,desktop,referral,4,dummy
2026-08-27,auto,page_view,tablet,sea,103,dummy
2026-08-27,auto,view_item,tablet,sea,58,dummy
2026-08-27,auto,add_to_cart,tablet,sea,11,dummy
2026-08-27,auto,begin_checkout,tablet,sea,3,dummy
2026-08-27,auto,add_payment_info,tablet,sea,0,dummy
2026-08-27,auto,purchase,tablet,sea,0,dummy
2026-08-27,auto,page_view,tablet,seo,91,dummy
2026-08-27,auto,view_item,tablet,seo,44,dummy
2026-08-27,auto,add_to_cart,tablet,seo,20,dummy
2026-08-27,auto,begin_checkout,tablet,seo,5,dummy
2026-08-27,auto,add_payment_info,tablet,seo,3,dummy
2026-08-27,auto,purchase,tablet,seo,3,dummy
2026-08-27,auto,page_view,tablet,direct,66,dummy
2026-08-27,auto,view_item,tablet,direct,28,dummy
2026-08-27,auto,add_to_cart,tablet,direct,12,dummy
2026-08-27,auto,begin_checkout,tablet,direct,2,dummy
2026-08-27,auto,add_payment_info,tablet,direct,0,dummy
2026-08-27,auto,purchase,tablet,direct,0,dummy
2026-08-27,auto,page_view,tablet,email,31,dummy
2026-08-27,auto,view_item,tablet,email,20,dummy
2026-08-27,auto,add_to_cart,tablet,email,9,dummy
2026-08-27,auto,begin_checkout,tablet,email,2,dummy
2026-08-27,auto,add_payment_info,tablet,email,0,dummy
2026-08-27,auto,purchase,tablet,email,0,dummy
2026-08-27,auto,page_view,tablet,paid_social,29,dummy
2026-08-27,auto,view_item,tablet,paid_social,14,dummy
2026-08-27,auto,add_to_cart,tablet,paid_social,6,dummy
2026-08-27,auto,begin_checkout,tablet,paid_social,3,dummy
2026-08-27,auto,add_payment_info,tablet,paid_social,1,dummy
2026-08-27,auto,purchase,tablet,paid_social,1,dummy
2026-08-27,auto,page_view,tablet,affiliate,31,dummy
2026-08-27,auto,view_item,tablet,affiliate,12,dummy
2026-08-27,auto,add_to_cart,tablet,affiliate,8,dummy
2026-08-27,auto,begin_checkout,tablet,affiliate,3,dummy
2026-08-27,auto,add_payment_info,tablet,affiliate,1,dummy
2026-08-27,auto,purchase,tablet,affiliate,1,dummy
2026-08-27,auto,page_view,tablet,referral,18,dummy
2026-08-27,auto,view_item,tablet,referral,11,dummy
2026-08-27,auto,add_to_cart,tablet,referral,2,dummy
2026-08-27,auto,begin_checkout,tablet,referral,0,dummy
2026-08-27,auto,add_payment_info,tablet,referral,0,dummy
2026-08-27,auto,purchase,tablet,referral,0,dummy
2026-08-28,auto,page_view,mobile,sea,921,dummy
2026-08-28,auto,view_item,mobile,sea,356,dummy
2026-08-28,auto,add_to_cart,mobile,sea,114,dummy
2026-08-28,auto,begin_checkout,mobile,sea,30,dummy
2026-08-28,auto,add_payment_info,mobile,sea,8,dummy
2026-08-28,auto,purchase,mobile,sea,7,dummy
2026-08-28,auto,page_view,mobile,seo,735,dummy
2026-08-28,auto,view_item,mobile,seo,267,dummy
2026-08-28,auto,add_to_cart,mobile,seo,110,dummy
2026-08-28,auto,begin_checkout,mobile,seo,29,dummy
2026-08-28,auto,add_payment_info,mobile,seo,8,dummy
2026-08-28,auto,purchase,mobile,seo,6,dummy
2026-08-28,auto,page_view,mobile,direct,497,dummy
2026-08-28,auto,view_item,mobile,direct,190,dummy
2026-08-28,auto,add_to_cart,mobile,direct,86,dummy
2026-08-28,auto,begin_checkout,mobile,direct,32,dummy
2026-08-28,auto,add_payment_info,mobile,direct,12,dummy
2026-08-28,auto,purchase,mobile,direct,9,dummy
2026-08-28,auto,page_view,mobile,email,255,dummy
2026-08-28,auto,view_item,mobile,email,92,dummy
2026-08-28,auto,add_to_cart,mobile,email,36,dummy
2026-08-28,auto,begin_checkout,mobile,email,12,dummy
2026-08-28,auto,add_payment_info,mobile,email,4,dummy
2026-08-28,auto,purchase,mobile,email,4,dummy
2026-08-28,auto,page_view,mobile,paid_social,214,dummy
2026-08-28,auto,view_item,mobile,paid_social,83,dummy
2026-08-28,auto,add_to_cart,mobile,paid_social,38,dummy
2026-08-28,auto,begin_checkout,mobile,paid_social,9,dummy
2026-08-28,auto,add_payment_info,mobile,paid_social,3,dummy
2026-08-28,auto,purchase,mobile,paid_social,3,dummy
2026-08-28,auto,page_view,mobile,affiliate,300,dummy
2026-08-28,auto,view_item,mobile,affiliate,112,dummy
2026-08-28,auto,add_to_cart,mobile,affiliate,50,dummy
2026-08-28,auto,begin_checkout,mobile,affiliate,14,dummy
2026-08-28,auto,add_payment_info,mobile,affiliate,6,dummy
2026-08-28,auto,purchase,mobile,affiliate,6,dummy
2026-08-28,auto,page_view,mobile,referral,156,dummy
2026-08-28,auto,view_item,mobile,referral,65,dummy
2026-08-28,auto,add_to_cart,mobile,referral,32,dummy
2026-08-28,auto,begin_checkout,mobile,referral,11,dummy
2026-08-28,auto,add_payment_info,mobile,referral,4,dummy
2026-08-28,auto,purchase,mobile,referral,4,dummy
2026-08-28,auto,page_view,desktop,sea,518,dummy
2026-08-28,auto,view_item,desktop,sea,275,dummy
2026-08-28,auto,add_to_cart,desktop,sea,96,dummy
2026-08-28,auto,begin_checkout,desktop,sea,30,dummy
2026-08-28,auto,add_payment_info,desktop,sea,13,dummy
2026-08-28,auto,purchase,desktop,sea,8,dummy
2026-08-28,auto,page_view,desktop,seo,439,dummy
2026-08-28,auto,view_item,desktop,seo,234,dummy
2026-08-28,auto,add_to_cart,desktop,seo,117,dummy
2026-08-28,auto,begin_checkout,desktop,seo,46,dummy
2026-08-28,auto,add_payment_info,desktop,seo,19,dummy
2026-08-28,auto,purchase,desktop,seo,11,dummy
2026-08-28,auto,page_view,desktop,direct,234,dummy
2026-08-28,auto,view_item,desktop,direct,109,dummy
2026-08-28,auto,add_to_cart,desktop,direct,47,dummy
2026-08-28,auto,begin_checkout,desktop,direct,15,dummy
2026-08-28,auto,add_payment_info,desktop,direct,5,dummy
2026-08-28,auto,purchase,desktop,direct,5,dummy
2026-08-28,auto,page_view,desktop,email,147,dummy
2026-08-28,auto,view_item,desktop,email,82,dummy
2026-08-28,auto,add_to_cart,desktop,email,44,dummy
2026-08-28,auto,begin_checkout,desktop,email,12,dummy
2026-08-28,auto,add_payment_info,desktop,email,5,dummy
2026-08-28,auto,purchase,desktop,email,3,dummy
2026-08-28,auto,page_view,desktop,paid_social,118,dummy
2026-08-28,auto,view_item,desktop,paid_social,59,dummy
2026-08-28,auto,add_to_cart,desktop,paid_social,28,dummy
2026-08-28,auto,begin_checkout,desktop,paid_social,10,dummy
2026-08-28,auto,add_payment_info,desktop,paid_social,6,dummy
2026-08-28,auto,purchase,desktop,paid_social,4,dummy
2026-08-28,auto,page_view,desktop,affiliate,149,dummy
2026-08-28,auto,view_item,desktop,affiliate,89,dummy
2026-08-28,auto,add_to_cart,desktop,affiliate,41,dummy
2026-08-28,auto,begin_checkout,desktop,affiliate,11,dummy
2026-08-28,auto,add_payment_info,desktop,affiliate,5,dummy
2026-08-28,auto,purchase,desktop,affiliate,4,dummy
2026-08-28,auto,page_view,desktop,referral,96,dummy
2026-08-28,auto,view_item,desktop,referral,49,dummy
2026-08-28,auto,add_to_cart,desktop,referral,29,dummy
2026-08-28,auto,begin_checkout,desktop,referral,11,dummy
2026-08-28,auto,add_payment_info,desktop,referral,2,dummy
2026-08-28,auto,purchase,desktop,referral,2,dummy
2026-08-28,auto,page_view,tablet,sea,97,dummy
2026-08-28,auto,view_item,tablet,sea,49,dummy
2026-08-28,auto,add_to_cart,tablet,sea,18,dummy
2026-08-28,auto,begin_checkout,tablet,sea,6,dummy
2026-08-28,auto,add_payment_info,tablet,sea,0,dummy
2026-08-28,auto,purchase,tablet,sea,0,dummy
2026-08-28,auto,page_view,tablet,seo,88,dummy
2026-08-28,auto,view_item,tablet,seo,45,dummy
2026-08-28,auto,add_to_cart,tablet,seo,19,dummy
2026-08-28,auto,begin_checkout,tablet,seo,9,dummy
2026-08-28,auto,add_payment_info,tablet,seo,3,dummy
2026-08-28,auto,purchase,tablet,seo,3,dummy
2026-08-28,auto,page_view,tablet,direct,51,dummy
2026-08-28,auto,view_item,tablet,direct,31,dummy
2026-08-28,auto,add_to_cart,tablet,direct,12,dummy
2026-08-28,auto,begin_checkout,tablet,direct,5,dummy
2026-08-28,auto,add_payment_info,tablet,direct,1,dummy
2026-08-28,auto,purchase,tablet,direct,1,dummy
2026-08-28,auto,page_view,tablet,email,32,dummy
2026-08-28,auto,view_item,tablet,email,17,dummy
2026-08-28,auto,add_to_cart,tablet,email,6,dummy
2026-08-28,auto,begin_checkout,tablet,email,2,dummy
2026-08-28,auto,add_payment_info,tablet,email,1,dummy
2026-08-28,auto,purchase,tablet,email,1,dummy
2026-08-28,auto,page_view,tablet,paid_social,28,dummy
2026-08-28,auto,view_item,tablet,paid_social,13,dummy
2026-08-28,auto,add_to_cart,tablet,paid_social,5,dummy
2026-08-28,auto,begin_checkout,tablet,paid_social,1,dummy
2026-08-28,auto,add_payment_info,tablet,paid_social,0,dummy
2026-08-28,auto,purchase,tablet,paid_social,0,dummy
2026-08-28,auto,page_view,tablet,affiliate,43,dummy
2026-08-28,auto,view_item,tablet,affiliate,17,dummy
2026-08-28,auto,add_to_cart,tablet,affiliate,7,dummy
2026-08-28,auto,begin_checkout,tablet,affiliate,2,dummy
2026-08-28,auto,add_payment_info,tablet,affiliate,1,dummy
2026-08-28,auto,purchase,tablet,affiliate,1,dummy
2026-08-28,auto,page_view,tablet,referral,14,dummy
2026-08-28,auto,view_item,tablet,referral,4,dummy
2026-08-28,auto,add_to_cart,tablet,referral,2,dummy
2026-08-28,auto,begin_checkout,tablet,referral,2,dummy
2026-08-28,auto,add_payment_info,tablet,referral,0,dummy
2026-08-28,auto,purchase,tablet,referral,0,dummy
2026-08-29,auto,page_view,mobile,sea,696,dummy
2026-08-29,auto,view_item,mobile,sea,292,dummy
2026-08-29,auto,add_to_cart,mobile,sea,111,dummy
2026-08-29,auto,begin_checkout,mobile,sea,32,dummy
2026-08-29,auto,add_payment_info,mobile,sea,17,dummy
2026-08-29,auto,purchase,mobile,sea,17,dummy
2026-08-29,auto,page_view,mobile,seo,620,dummy
2026-08-29,auto,view_item,mobile,seo,245,dummy
2026-08-29,auto,add_to_cart,mobile,seo,116,dummy
2026-08-29,auto,begin_checkout,mobile,seo,28,dummy
2026-08-29,auto,add_payment_info,mobile,seo,13,dummy
2026-08-29,auto,purchase,mobile,seo,11,dummy
2026-08-29,auto,page_view,mobile,direct,339,dummy
2026-08-29,auto,view_item,mobile,direct,121,dummy
2026-08-29,auto,add_to_cart,mobile,direct,55,dummy
2026-08-29,auto,begin_checkout,mobile,direct,12,dummy
2026-08-29,auto,add_payment_info,mobile,direct,4,dummy
2026-08-29,auto,purchase,mobile,direct,3,dummy
2026-08-29,auto,page_view,mobile,email,167,dummy
2026-08-29,auto,view_item,mobile,email,60,dummy
2026-08-29,auto,add_to_cart,mobile,email,17,dummy
2026-08-29,auto,begin_checkout,mobile,email,5,dummy
2026-08-29,auto,add_payment_info,mobile,email,3,dummy
2026-08-29,auto,purchase,mobile,email,1,dummy
2026-08-29,auto,page_view,mobile,paid_social,144,dummy
2026-08-29,auto,view_item,mobile,paid_social,58,dummy
2026-08-29,auto,add_to_cart,mobile,paid_social,21,dummy
2026-08-29,auto,begin_checkout,mobile,paid_social,6,dummy
2026-08-29,auto,add_payment_info,mobile,paid_social,2,dummy
2026-08-29,auto,purchase,mobile,paid_social,2,dummy
2026-08-29,auto,page_view,mobile,affiliate,221,dummy
2026-08-29,auto,view_item,mobile,affiliate,91,dummy
2026-08-29,auto,add_to_cart,mobile,affiliate,37,dummy
2026-08-29,auto,begin_checkout,mobile,affiliate,11,dummy
2026-08-29,auto,add_payment_info,mobile,affiliate,4,dummy
2026-08-29,auto,purchase,mobile,affiliate,4,dummy
2026-08-29,auto,page_view,mobile,referral,117,dummy
2026-08-29,auto,view_item,mobile,referral,49,dummy
2026-08-29,auto,add_to_cart,mobile,referral,18,dummy
2026-08-29,auto,begin_checkout,mobile,referral,7,dummy
2026-08-29,auto,add_payment_info,mobile,referral,1,dummy
2026-08-29,auto,purchase,mobile,referral,1,dummy
2026-08-29,auto,page_view,desktop,sea,413,dummy
2026-08-29,auto,view_item,desktop,sea,213,dummy
2026-08-29,auto,add_to_cart,desktop,sea,64,dummy
2026-08-29,auto,begin_checkout,desktop,sea,16,dummy
2026-08-29,auto,add_payment_info,desktop,sea,5,dummy
2026-08-29,auto,purchase,desktop,sea,3,dummy
2026-08-29,auto,page_view,desktop,seo,348,dummy
2026-08-29,auto,view_item,desktop,seo,187,dummy
2026-08-29,auto,add_to_cart,desktop,seo,77,dummy
2026-08-29,auto,begin_checkout,desktop,seo,24,dummy
2026-08-29,auto,add_payment_info,desktop,seo,9,dummy
2026-08-29,auto,purchase,desktop,seo,8,dummy
2026-08-29,auto,page_view,desktop,direct,181,dummy
2026-08-29,auto,view_item,desktop,direct,102,dummy
2026-08-29,auto,add_to_cart,desktop,direct,47,dummy
2026-08-29,auto,begin_checkout,desktop,direct,8,dummy
2026-08-29,auto,add_payment_info,desktop,direct,3,dummy
2026-08-29,auto,purchase,desktop,direct,3,dummy
2026-08-29,auto,page_view,desktop,email,111,dummy
2026-08-29,auto,view_item,desktop,email,71,dummy
2026-08-29,auto,add_to_cart,desktop,email,36,dummy
2026-08-29,auto,begin_checkout,desktop,email,8,dummy
2026-08-29,auto,add_payment_info,desktop,email,2,dummy
2026-08-29,auto,purchase,desktop,email,2,dummy
2026-08-29,auto,page_view,desktop,paid_social,103,dummy
2026-08-29,auto,view_item,desktop,paid_social,61,dummy
2026-08-29,auto,add_to_cart,desktop,paid_social,25,dummy
2026-08-29,auto,begin_checkout,desktop,paid_social,10,dummy
2026-08-29,auto,add_payment_info,desktop,paid_social,4,dummy
2026-08-29,auto,purchase,desktop,paid_social,3,dummy
2026-08-29,auto,page_view,desktop,affiliate,126,dummy
2026-08-29,auto,view_item,desktop,affiliate,77,dummy
2026-08-29,auto,add_to_cart,desktop,affiliate,47,dummy
2026-08-29,auto,begin_checkout,desktop,affiliate,18,dummy
2026-08-29,auto,add_payment_info,desktop,affiliate,6,dummy
2026-08-29,auto,purchase,desktop,affiliate,6,dummy
2026-08-29,auto,page_view,desktop,referral,75,dummy
2026-08-29,auto,view_item,desktop,referral,40,dummy
2026-08-29,auto,add_to_cart,desktop,referral,16,dummy
2026-08-29,auto,begin_checkout,desktop,referral,5,dummy
2026-08-29,auto,add_payment_info,desktop,referral,3,dummy
2026-08-29,auto,purchase,desktop,referral,3,dummy
2026-08-29,auto,page_view,tablet,sea,99,dummy
2026-08-29,auto,view_item,tablet,sea,58,dummy
2026-08-29,auto,add_to_cart,tablet,sea,16,dummy
2026-08-29,auto,begin_checkout,tablet,sea,5,dummy
2026-08-29,auto,add_payment_info,tablet,sea,3,dummy
2026-08-29,auto,purchase,tablet,sea,2,dummy
2026-08-29,auto,page_view,tablet,seo,61,dummy
2026-08-29,auto,view_item,tablet,seo,30,dummy
2026-08-29,auto,add_to_cart,tablet,seo,20,dummy
2026-08-29,auto,begin_checkout,tablet,seo,6,dummy
2026-08-29,auto,add_payment_info,tablet,seo,0,dummy
2026-08-29,auto,purchase,tablet,seo,0,dummy
2026-08-29,auto,page_view,tablet,direct,47,dummy
2026-08-29,auto,view_item,tablet,direct,23,dummy
2026-08-29,auto,add_to_cart,tablet,direct,6,dummy
2026-08-29,auto,begin_checkout,tablet,direct,0,dummy
2026-08-29,auto,add_payment_info,tablet,direct,0,dummy
2026-08-29,auto,purchase,tablet,direct,0,dummy
2026-08-29,auto,page_view,tablet,email,31,dummy
2026-08-29,auto,view_item,tablet,email,19,dummy
2026-08-29,auto,add_to_cart,tablet,email,7,dummy
2026-08-29,auto,begin_checkout,tablet,email,2,dummy
2026-08-29,auto,add_payment_info,tablet,email,2,dummy
2026-08-29,auto,purchase,tablet,email,1,dummy
2026-08-29,auto,page_view,tablet,paid_social,24,dummy
2026-08-29,auto,view_item,tablet,paid_social,12,dummy
2026-08-29,auto,add_to_cart,tablet,paid_social,8,dummy
2026-08-29,auto,begin_checkout,tablet,paid_social,1,dummy
2026-08-29,auto,add_payment_info,tablet,paid_social,0,dummy
2026-08-29,auto,purchase,tablet,paid_social,0,dummy
2026-08-29,auto,page_view,tablet,affiliate,30,dummy
2026-08-29,auto,view_item,tablet,affiliate,18,dummy
2026-08-29,auto,add_to_cart,tablet,affiliate,6,dummy
2026-08-29,auto,begin_checkout,tablet,affiliate,1,dummy
2026-08-29,auto,add_payment_info,tablet,affiliate,1,dummy
2026-08-29,auto,purchase,tablet,affiliate,0,dummy
2026-08-29,auto,page_view,tablet,referral,13,dummy
2026-08-29,auto,view_item,tablet,referral,8,dummy
2026-08-29,auto,add_to_cart,tablet,referral,4,dummy
2026-08-29,auto,begin_checkout,tablet,referral,2,dummy
2026-08-29,auto,add_payment_info,tablet,referral,1,dummy
2026-08-29,auto,purchase,tablet,referral,1,dummy
2026-08-30,auto,page_view,mobile,sea,742,dummy
2026-08-30,auto,view_item,mobile,sea,278,dummy
2026-08-30,auto,add_to_cart,mobile,sea,92,dummy
2026-08-30,auto,begin_checkout,mobile,sea,27,dummy
2026-08-30,auto,add_payment_info,mobile,sea,5,dummy
2026-08-30,auto,purchase,mobile,sea,4,dummy
2026-08-30,auto,page_view,mobile,seo,621,dummy
2026-08-30,auto,view_item,mobile,seo,252,dummy
2026-08-30,auto,add_to_cart,mobile,seo,94,dummy
2026-08-30,auto,begin_checkout,mobile,seo,29,dummy
2026-08-30,auto,add_payment_info,mobile,seo,13,dummy
2026-08-30,auto,purchase,mobile,seo,11,dummy
2026-08-30,auto,page_view,mobile,direct,374,dummy
2026-08-30,auto,view_item,mobile,direct,136,dummy
2026-08-30,auto,add_to_cart,mobile,direct,69,dummy
2026-08-30,auto,begin_checkout,mobile,direct,16,dummy
2026-08-30,auto,add_payment_info,mobile,direct,6,dummy
2026-08-30,auto,purchase,mobile,direct,6,dummy
2026-08-30,auto,page_view,mobile,email,181,dummy
2026-08-30,auto,view_item,mobile,email,74,dummy
2026-08-30,auto,add_to_cart,mobile,email,36,dummy
2026-08-30,auto,begin_checkout,mobile,email,15,dummy
2026-08-30,auto,add_payment_info,mobile,email,3,dummy
2026-08-30,auto,purchase,mobile,email,3,dummy
2026-08-30,auto,page_view,mobile,paid_social,175,dummy
2026-08-30,auto,view_item,mobile,paid_social,70,dummy
2026-08-30,auto,add_to_cart,mobile,paid_social,29,dummy
2026-08-30,auto,begin_checkout,mobile,paid_social,8,dummy
2026-08-30,auto,add_payment_info,mobile,paid_social,2,dummy
2026-08-30,auto,purchase,mobile,paid_social,1,dummy
2026-08-30,auto,page_view,mobile,affiliate,236,dummy
2026-08-30,auto,view_item,mobile,affiliate,96,dummy
2026-08-30,auto,add_to_cart,mobile,affiliate,45,dummy
2026-08-30,auto,begin_checkout,mobile,affiliate,17,dummy
2026-08-30,auto,add_payment_info,mobile,affiliate,7,dummy
2026-08-30,auto,purchase,mobile,affiliate,7,dummy
2026-08-30,auto,page_view,mobile,referral,86,dummy
2026-08-30,auto,view_item,mobile,referral,32,dummy
2026-08-30,auto,add_to_cart,mobile,referral,13,dummy
2026-08-30,auto,begin_checkout,mobile,referral,5,dummy
2026-08-30,auto,add_payment_info,mobile,referral,3,dummy
2026-08-30,auto,purchase,mobile,referral,3,dummy
2026-08-30,auto,page_view,desktop,sea,421,dummy
2026-08-30,auto,view_item,desktop,sea,229,dummy
2026-08-30,auto,add_to_cart,desktop,sea,80,dummy
2026-08-30,auto,begin_checkout,desktop,sea,25,dummy
2026-08-30,auto,add_payment_info,desktop,sea,8,dummy
2026-08-30,auto,purchase,desktop,sea,6,dummy
2026-08-30,auto,page_view,desktop,seo,338,dummy
2026-08-30,auto,view_item,desktop,seo,179,dummy
2026-08-30,auto,add_to_cart,desktop,seo,71,dummy
2026-08-30,auto,begin_checkout,desktop,seo,22,dummy
2026-08-30,auto,add_payment_info,desktop,seo,12,dummy
2026-08-30,auto,purchase,desktop,seo,9,dummy
2026-08-30,auto,page_view,desktop,direct,205,dummy
2026-08-30,auto,view_item,desktop,direct,113,dummy
2026-08-30,auto,add_to_cart,desktop,direct,59,dummy
2026-08-30,auto,begin_checkout,desktop,direct,22,dummy
2026-08-30,auto,add_payment_info,desktop,direct,9,dummy
2026-08-30,auto,purchase,desktop,direct,7,dummy
2026-08-30,auto,page_view,desktop,email,100,dummy
2026-08-30,auto,view_item,desktop,email,54,dummy
2026-08-30,auto,add_to_cart,desktop,email,29,dummy
2026-08-30,auto,begin_checkout,desktop,email,8,dummy
2026-08-30,auto,add_payment_info,desktop,email,4,dummy
2026-08-30,auto,purchase,desktop,email,3,dummy
2026-08-30,auto,page_view,desktop,paid_social,88,dummy
2026-08-30,auto,view_item,desktop,paid_social,53,dummy
2026-08-30,auto,add_to_cart,desktop,paid_social,20,dummy
2026-08-30,auto,begin_checkout,desktop,paid_social,7,dummy
2026-08-30,auto,add_payment_info,desktop,paid_social,2,dummy
2026-08-30,auto,purchase,desktop,paid_social,1,dummy
2026-08-30,auto,page_view,desktop,affiliate,131,dummy
2026-08-30,auto,view_item,desktop,affiliate,78,dummy
2026-08-30,auto,add_to_cart,desktop,affiliate,30,dummy
2026-08-30,auto,begin_checkout,desktop,affiliate,7,dummy
2026-08-30,auto,add_payment_info,desktop,affiliate,5,dummy
2026-08-30,auto,purchase,desktop,affiliate,5,dummy
2026-08-30,auto,page_view,desktop,referral,65,dummy
2026-08-30,auto,view_item,desktop,referral,31,dummy
2026-08-30,auto,add_to_cart,desktop,referral,16,dummy
2026-08-30,auto,begin_checkout,desktop,referral,3,dummy
2026-08-30,auto,add_payment_info,desktop,referral,0,dummy
2026-08-30,auto,purchase,desktop,referral,0,dummy
2026-08-30,auto,page_view,tablet,sea,78,dummy
2026-08-30,auto,view_item,tablet,sea,36,dummy
2026-08-30,auto,add_to_cart,tablet,sea,11,dummy
2026-08-30,auto,begin_checkout,tablet,sea,5,dummy
2026-08-30,auto,add_payment_info,tablet,sea,2,dummy
2026-08-30,auto,purchase,tablet,sea,1,dummy
2026-08-30,auto,page_view,tablet,seo,69,dummy
2026-08-30,auto,view_item,tablet,seo,36,dummy
2026-08-30,auto,add_to_cart,tablet,seo,16,dummy
2026-08-30,auto,begin_checkout,tablet,seo,4,dummy
2026-08-30,auto,add_payment_info,tablet,seo,0,dummy
2026-08-30,auto,purchase,tablet,seo,0,dummy
2026-08-30,auto,page_view,tablet,direct,47,dummy
2026-08-30,auto,view_item,tablet,direct,24,dummy
2026-08-30,auto,add_to_cart,tablet,direct,12,dummy
2026-08-30,auto,begin_checkout,tablet,direct,4,dummy
2026-08-30,auto,add_payment_info,tablet,direct,2,dummy
2026-08-30,auto,purchase,tablet,direct,1,dummy
2026-08-30,auto,page_view,tablet,email,23,dummy
2026-08-30,auto,view_item,tablet,email,12,dummy
2026-08-30,auto,add_to_cart,tablet,email,4,dummy
2026-08-30,auto,begin_checkout,tablet,email,1,dummy
2026-08-30,auto,add_payment_info,tablet,email,0,dummy
2026-08-30,auto,purchase,tablet,email,0,dummy
2026-08-30,auto,page_view,tablet,paid_social,19,dummy
2026-08-30,auto,view_item,tablet,paid_social,10,dummy
2026-08-30,auto,add_to_cart,tablet,paid_social,4,dummy
2026-08-30,auto,begin_checkout,tablet,paid_social,0,dummy
2026-08-30,auto,add_payment_info,tablet,paid_social,0,dummy
2026-08-30,auto,purchase,tablet,paid_social,0,dummy
2026-08-30,auto,page_view,tablet,affiliate,30,dummy
2026-08-30,auto,view_item,tablet,affiliate,14,dummy
2026-08-30,auto,add_to_cart,tablet,affiliate,10,dummy
2026-08-30,auto,begin_checkout,tablet,affiliate,4,dummy
2026-08-30,auto,add_payment_info,tablet,affiliate,2,dummy
2026-08-30,auto,purchase,tablet,affiliate,1,dummy
2026-08-30,auto,page_view,tablet,referral,5,dummy
2026-08-30,auto,view_item,tablet,referral,4,dummy
2026-08-30,auto,add_to_cart,tablet,referral,1,dummy
2026-08-30,auto,begin_checkout,tablet,referral,0,dummy
2026-08-30,auto,add_payment_info,tablet,referral,0,dummy
2026-08-30,auto,purchase,tablet,referral,0,dummy
2026-08-31,auto,page_view,mobile,sea,902,dummy
2026-08-31,auto,view_item,mobile,sea,331,dummy
2026-08-31,auto,add_to_cart,mobile,sea,107,dummy
2026-08-31,auto,begin_checkout,mobile,sea,36,dummy
2026-08-31,auto,add_payment_info,mobile,sea,24,dummy
2026-08-31,auto,purchase,mobile,sea,21,dummy
2026-08-31,auto,page_view,mobile,seo,734,dummy
2026-08-31,auto,view_item,mobile,seo,283,dummy
2026-08-31,auto,add_to_cart,mobile,seo,126,dummy
2026-08-31,auto,begin_checkout,mobile,seo,35,dummy
2026-08-31,auto,add_payment_info,mobile,seo,27,dummy
2026-08-31,auto,purchase,mobile,seo,19,dummy
2026-08-31,auto,page_view,mobile,direct,425,dummy
2026-08-31,auto,view_item,mobile,direct,163,dummy
2026-08-31,auto,add_to_cart,mobile,direct,83,dummy
2026-08-31,auto,begin_checkout,mobile,direct,32,dummy
2026-08-31,auto,add_payment_info,mobile,direct,19,dummy
2026-08-31,auto,purchase,mobile,direct,16,dummy
2026-08-31,auto,page_view,mobile,email,256,dummy
2026-08-31,auto,view_item,mobile,email,104,dummy
2026-08-31,auto,add_to_cart,mobile,email,39,dummy
2026-08-31,auto,begin_checkout,mobile,email,12,dummy
2026-08-31,auto,add_payment_info,mobile,email,9,dummy
2026-08-31,auto,purchase,mobile,email,8,dummy
2026-08-31,auto,page_view,mobile,paid_social,204,dummy
2026-08-31,auto,view_item,mobile,paid_social,84,dummy
2026-08-31,auto,add_to_cart,mobile,paid_social,26,dummy
2026-08-31,auto,begin_checkout,mobile,paid_social,8,dummy
2026-08-31,auto,add_payment_info,mobile,paid_social,6,dummy
2026-08-31,auto,purchase,mobile,paid_social,4,dummy
2026-08-31,auto,page_view,mobile,affiliate,310,dummy
2026-08-31,auto,view_item,mobile,affiliate,139,dummy
2026-08-31,auto,add_to_cart,mobile,affiliate,74,dummy
2026-08-31,auto,begin_checkout,mobile,affiliate,25,dummy
2026-08-31,auto,add_payment_info,mobile,affiliate,18,dummy
2026-08-31,auto,purchase,mobile,affiliate,14,dummy
2026-08-31,auto,page_view,mobile,referral,157,dummy
2026-08-31,auto,view_item,mobile,referral,62,dummy
2026-08-31,auto,add_to_cart,mobile,referral,28,dummy
2026-08-31,auto,begin_checkout,mobile,referral,9,dummy
2026-08-31,auto,add_payment_info,mobile,referral,5,dummy
2026-08-31,auto,purchase,mobile,referral,4,dummy
2026-08-31,auto,page_view,desktop,sea,514,dummy
2026-08-31,auto,view_item,desktop,sea,291,dummy
2026-08-31,auto,add_to_cart,desktop,sea,94,dummy
2026-08-31,auto,begin_checkout,desktop,sea,24,dummy
2026-08-31,auto,add_payment_info,desktop,sea,16,dummy
2026-08-31,auto,purchase,desktop,sea,12,dummy
2026-08-31,auto,page_view,desktop,seo,428,dummy
2026-08-31,auto,view_item,desktop,seo,242,dummy
2026-08-31,auto,add_to_cart,desktop,seo,102,dummy
2026-08-31,auto,begin_checkout,desktop,seo,34,dummy
2026-08-31,auto,add_payment_info,desktop,seo,23,dummy
2026-08-31,auto,purchase,desktop,seo,16,dummy
2026-08-31,auto,page_view,desktop,direct,228,dummy
2026-08-31,auto,view_item,desktop,direct,138,dummy
2026-08-31,auto,add_to_cart,desktop,direct,64,dummy
2026-08-31,auto,begin_checkout,desktop,direct,22,dummy
2026-08-31,auto,add_payment_info,desktop,direct,19,dummy
2026-08-31,auto,purchase,desktop,direct,15,dummy
2026-08-31,auto,page_view,desktop,email,124,dummy
2026-08-31,auto,view_item,desktop,email,71,dummy
2026-08-31,auto,add_to_cart,desktop,email,33,dummy
2026-08-31,auto,begin_checkout,desktop,email,8,dummy
2026-08-31,auto,add_payment_info,desktop,email,3,dummy
2026-08-31,auto,purchase,desktop,email,3,dummy
2026-08-31,auto,page_view,desktop,paid_social,127,dummy
2026-08-31,auto,view_item,desktop,paid_social,56,dummy
2026-08-31,auto,add_to_cart,desktop,paid_social,25,dummy
2026-08-31,auto,begin_checkout,desktop,paid_social,6,dummy
2026-08-31,auto,add_payment_info,desktop,paid_social,2,dummy
2026-08-31,auto,purchase,desktop,paid_social,2,dummy
2026-08-31,auto,page_view,desktop,affiliate,159,dummy
2026-08-31,auto,view_item,desktop,affiliate,89,dummy
2026-08-31,auto,add_to_cart,desktop,affiliate,38,dummy
2026-08-31,auto,begin_checkout,desktop,affiliate,16,dummy
2026-08-31,auto,add_payment_info,desktop,affiliate,7,dummy
2026-08-31,auto,purchase,desktop,affiliate,7,dummy
2026-08-31,auto,page_view,desktop,referral,78,dummy
2026-08-31,auto,view_item,desktop,referral,40,dummy
2026-08-31,auto,add_to_cart,desktop,referral,19,dummy
2026-08-31,auto,begin_checkout,desktop,referral,6,dummy
2026-08-31,auto,add_payment_info,desktop,referral,4,dummy
2026-08-31,auto,purchase,desktop,referral,4,dummy
2026-08-31,auto,page_view,tablet,sea,90,dummy
2026-08-31,auto,view_item,tablet,sea,41,dummy
2026-08-31,auto,add_to_cart,tablet,sea,13,dummy
2026-08-31,auto,begin_checkout,tablet,sea,4,dummy
2026-08-31,auto,add_payment_info,tablet,sea,3,dummy
2026-08-31,auto,purchase,tablet,sea,2,dummy
2026-08-31,auto,page_view,tablet,seo,78,dummy
2026-08-31,auto,view_item,tablet,seo,48,dummy
2026-08-31,auto,add_to_cart,tablet,seo,27,dummy
2026-08-31,auto,begin_checkout,tablet,seo,9,dummy
2026-08-31,auto,add_payment_info,tablet,seo,6,dummy
2026-08-31,auto,purchase,tablet,seo,4,dummy
2026-08-31,auto,page_view,tablet,direct,60,dummy
2026-08-31,auto,view_item,tablet,direct,33,dummy
2026-08-31,auto,add_to_cart,tablet,direct,10,dummy
2026-08-31,auto,begin_checkout,tablet,direct,2,dummy
2026-08-31,auto,add_payment_info,tablet,direct,1,dummy
2026-08-31,auto,purchase,tablet,direct,1,dummy
2026-08-31,auto,page_view,tablet,email,29,dummy
2026-08-31,auto,view_item,tablet,email,14,dummy
2026-08-31,auto,add_to_cart,tablet,email,7,dummy
2026-08-31,auto,begin_checkout,tablet,email,1,dummy
2026-08-31,auto,add_payment_info,tablet,email,1,dummy
2026-08-31,auto,purchase,tablet,email,1,dummy
2026-08-31,auto,page_view,tablet,paid_social,22,dummy
2026-08-31,auto,view_item,tablet,paid_social,12,dummy
2026-08-31,auto,add_to_cart,tablet,paid_social,6,dummy
2026-08-31,auto,begin_checkout,tablet,paid_social,1,dummy
2026-08-31,auto,add_payment_info,tablet,paid_social,0,dummy
2026-08-31,auto,purchase,tablet,paid_social,0,dummy
2026-08-31,auto,page_view,tablet,affiliate,34,dummy
2026-08-31,auto,view_item,tablet,affiliate,20,dummy
2026-08-31,auto,add_to_cart,tablet,affiliate,6,dummy
2026-08-31,auto,begin_checkout,tablet,affiliate,4,dummy
2026-08-31,auto,add_payment_info,tablet,affiliate,1,dummy
2026-08-31,auto,purchase,tablet,affiliate,1,dummy
2026-08-31,auto,page_view,tablet,referral,22,dummy
2026-08-31,auto,view_item,tablet,referral,10,dummy
2026-08-31,auto,add_to_cart,tablet,referral,5,dummy
2026-08-31,auto,begin_checkout,tablet,referral,0,dummy
2026-08-31,auto,add_payment_info,tablet,referral,0,dummy
2026-08-31,auto,purchase,tablet,referral,0,dummy
2026-09-01,auto,page_view,mobile,sea,939,dummy
2026-09-01,auto,view_item,mobile,sea,387,dummy
2026-09-01,auto,add_to_cart,mobile,sea,120,dummy
2026-09-01,auto,begin_checkout,mobile,sea,35,dummy
2026-09-01,auto,add_payment_info,mobile,sea,20,dummy
2026-09-01,auto,purchase,mobile,sea,19,dummy
2026-09-01,auto,page_view,mobile,seo,773,dummy
2026-09-01,auto,view_item,mobile,seo,280,dummy
2026-09-01,auto,add_to_cart,mobile,seo,131,dummy
2026-09-01,auto,begin_checkout,mobile,seo,38,dummy
2026-09-01,auto,add_payment_info,mobile,seo,24,dummy
2026-09-01,auto,purchase,mobile,seo,19,dummy
2026-09-01,auto,page_view,mobile,direct,437,dummy
2026-09-01,auto,view_item,mobile,direct,174,dummy
2026-09-01,auto,add_to_cart,mobile,direct,84,dummy
2026-09-01,auto,begin_checkout,mobile,direct,28,dummy
2026-09-01,auto,add_payment_info,mobile,direct,16,dummy
2026-09-01,auto,purchase,mobile,direct,12,dummy
2026-09-01,auto,page_view,mobile,email,229,dummy
2026-09-01,auto,view_item,mobile,email,95,dummy
2026-09-01,auto,add_to_cart,mobile,email,43,dummy
2026-09-01,auto,begin_checkout,mobile,email,8,dummy
2026-09-01,auto,add_payment_info,mobile,email,5,dummy
2026-09-01,auto,purchase,mobile,email,4,dummy
2026-09-01,auto,page_view,mobile,paid_social,189,dummy
2026-09-01,auto,view_item,mobile,paid_social,80,dummy
2026-09-01,auto,add_to_cart,mobile,paid_social,32,dummy
2026-09-01,auto,begin_checkout,mobile,paid_social,7,dummy
2026-09-01,auto,add_payment_info,mobile,paid_social,5,dummy
2026-09-01,auto,purchase,mobile,paid_social,4,dummy
2026-09-01,auto,page_view,mobile,affiliate,299,dummy
2026-09-01,auto,view_item,mobile,affiliate,124,dummy
2026-09-01,auto,add_to_cart,mobile,affiliate,60,dummy
2026-09-01,auto,begin_checkout,mobile,affiliate,21,dummy
2026-09-01,auto,add_payment_info,mobile,affiliate,14,dummy
2026-09-01,auto,purchase,mobile,affiliate,11,dummy
2026-09-01,auto,page_view,mobile,referral,140,dummy
2026-09-01,auto,view_item,mobile,referral,48,dummy
2026-09-01,auto,add_to_cart,mobile,referral,18,dummy
2026-09-01,auto,begin_checkout,mobile,referral,9,dummy
2026-09-01,auto,add_payment_info,mobile,referral,6,dummy
2026-09-01,auto,purchase,mobile,referral,6,dummy
2026-09-01,auto,page_view,desktop,sea,502,dummy
2026-09-01,auto,view_item,desktop,sea,282,dummy
2026-09-01,auto,add_to_cart,desktop,sea,100,dummy
2026-09-01,auto,begin_checkout,desktop,sea,31,dummy
2026-09-01,auto,add_payment_info,desktop,sea,20,dummy
2026-09-01,auto,purchase,desktop,sea,16,dummy
2026-09-01,auto,page_view,desktop,seo,425,dummy
2026-09-01,auto,view_item,desktop,seo,239,dummy
2026-09-01,auto,add_to_cart,desktop,seo,110,dummy
2026-09-01,auto,begin_checkout,desktop,seo,34,dummy
2026-09-01,auto,add_payment_info,desktop,seo,23,dummy
2026-09-01,auto,purchase,desktop,seo,19,dummy
2026-09-01,auto,page_view,desktop,direct,253,dummy
2026-09-01,auto,view_item,desktop,direct,126,dummy
2026-09-01,auto,add_to_cart,desktop,direct,64,dummy
2026-09-01,auto,begin_checkout,desktop,direct,17,dummy
2026-09-01,auto,add_payment_info,desktop,direct,12,dummy
2026-09-01,auto,purchase,desktop,direct,11,dummy
2026-09-01,auto,page_view,desktop,email,145,dummy
2026-09-01,auto,view_item,desktop,email,82,dummy
2026-09-01,auto,add_to_cart,desktop,email,44,dummy
2026-09-01,auto,begin_checkout,desktop,email,9,dummy
2026-09-01,auto,add_payment_info,desktop,email,6,dummy
2026-09-01,auto,purchase,desktop,email,5,dummy
2026-09-01,auto,page_view,desktop,paid_social,115,dummy
2026-09-01,auto,view_item,desktop,paid_social,68,dummy
2026-09-01,auto,add_to_cart,desktop,paid_social,27,dummy
2026-09-01,auto,begin_checkout,desktop,paid_social,9,dummy
2026-09-01,auto,add_payment_info,desktop,paid_social,5,dummy
2026-09-01,auto,purchase,desktop,paid_social,2,dummy
2026-09-01,auto,page_view,desktop,affiliate,172,dummy
2026-09-01,auto,view_item,desktop,affiliate,105,dummy
2026-09-01,auto,add_to_cart,desktop,affiliate,53,dummy
2026-09-01,auto,begin_checkout,desktop,affiliate,20,dummy
2026-09-01,auto,add_payment_info,desktop,affiliate,15,dummy
2026-09-01,auto,purchase,desktop,affiliate,12,dummy
2026-09-01,auto,page_view,desktop,referral,75,dummy
2026-09-01,auto,view_item,desktop,referral,47,dummy
2026-09-01,auto,add_to_cart,desktop,referral,17,dummy
2026-09-01,auto,begin_checkout,desktop,referral,3,dummy
2026-09-01,auto,add_payment_info,desktop,referral,0,dummy
2026-09-01,auto,purchase,desktop,referral,0,dummy
2026-09-01,auto,page_view,tablet,sea,111,dummy
2026-09-01,auto,view_item,tablet,sea,64,dummy
2026-09-01,auto,add_to_cart,tablet,sea,23,dummy
2026-09-01,auto,begin_checkout,tablet,sea,9,dummy
2026-09-01,auto,add_payment_info,tablet,sea,2,dummy
2026-09-01,auto,purchase,tablet,sea,2,dummy
2026-09-01,auto,page_view,tablet,seo,74,dummy
2026-09-01,auto,view_item,tablet,seo,44,dummy
2026-09-01,auto,add_to_cart,tablet,seo,26,dummy
2026-09-01,auto,begin_checkout,tablet,seo,9,dummy
2026-09-01,auto,add_payment_info,tablet,seo,7,dummy
2026-09-01,auto,purchase,tablet,seo,5,dummy
2026-09-01,auto,page_view,tablet,direct,55,dummy
2026-09-01,auto,view_item,tablet,direct,30,dummy
2026-09-01,auto,add_to_cart,tablet,direct,14,dummy
2026-09-01,auto,begin_checkout,tablet,direct,3,dummy
2026-09-01,auto,add_payment_info,tablet,direct,1,dummy
2026-09-01,auto,purchase,tablet,direct,1,dummy
2026-09-01,auto,page_view,tablet,email,31,dummy
2026-09-01,auto,view_item,tablet,email,18,dummy
2026-09-01,auto,add_to_cart,tablet,email,10,dummy
2026-09-01,auto,begin_checkout,tablet,email,5,dummy
2026-09-01,auto,add_payment_info,tablet,email,1,dummy
2026-09-01,auto,purchase,tablet,email,1,dummy
2026-09-01,auto,page_view,tablet,paid_social,31,dummy
2026-09-01,auto,view_item,tablet,paid_social,15,dummy
2026-09-01,auto,add_to_cart,tablet,paid_social,8,dummy
2026-09-01,auto,begin_checkout,tablet,paid_social,2,dummy
2026-09-01,auto,add_payment_info,tablet,paid_social,1,dummy
2026-09-01,auto,purchase,tablet,paid_social,1,dummy
2026-09-01,auto,page_view,tablet,affiliate,38,dummy
2026-09-01,auto,view_item,tablet,affiliate,20,dummy
2026-09-01,auto,add_to_cart,tablet,affiliate,11,dummy
2026-09-01,auto,begin_checkout,tablet,affiliate,6,dummy
2026-09-01,auto,add_payment_info,tablet,affiliate,2,dummy
2026-09-01,auto,purchase,tablet,affiliate,2,dummy
2026-09-01,auto,page_view,tablet,referral,18,dummy
2026-09-01,auto,view_item,tablet,referral,9,dummy
2026-09-01,auto,add_to_cart,tablet,referral,4,dummy
2026-09-01,auto,begin_checkout,tablet,referral,2,dummy
2026-09-01,auto,add_payment_info,tablet,referral,1,dummy
2026-09-01,auto,purchase,tablet,referral,1,dummy
2026-09-02,auto,page_view,mobile,sea,972,dummy
2026-09-02,auto,view_item,mobile,sea,400,dummy
2026-09-02,auto,add_to_cart,mobile,sea,115,dummy
2026-09-02,auto,begin_checkout,mobile,sea,37,dummy
2026-09-02,auto,add_payment_info,mobile,sea,24,dummy
2026-09-02,auto,purchase,mobile,sea,19,dummy
2026-09-02,auto,page_view,mobile,seo,778,dummy
2026-09-02,auto,view_item,mobile,seo,311,dummy
2026-09-02,auto,add_to_cart,mobile,seo,141,dummy
2026-09-02,auto,begin_checkout,mobile,seo,43,dummy
2026-09-02,auto,add_payment_info,mobile,seo,22,dummy
2026-09-02,auto,purchase,mobile,seo,17,dummy
2026-09-02,auto,page_view,mobile,direct,479,dummy
2026-09-02,auto,view_item,mobile,direct,180,dummy
2026-09-02,auto,add_to_cart,mobile,direct,80,dummy
2026-09-02,auto,begin_checkout,mobile,direct,23,dummy
2026-09-02,auto,add_payment_info,mobile,direct,13,dummy
2026-09-02,auto,purchase,mobile,direct,12,dummy
2026-09-02,auto,page_view,mobile,email,235,dummy
2026-09-02,auto,view_item,mobile,email,85,dummy
2026-09-02,auto,add_to_cart,mobile,email,49,dummy
2026-09-02,auto,begin_checkout,mobile,email,14,dummy
2026-09-02,auto,add_payment_info,mobile,email,7,dummy
2026-09-02,auto,purchase,mobile,email,3,dummy
2026-09-02,auto,page_view,mobile,paid_social,236,dummy
2026-09-02,auto,view_item,mobile,paid_social,84,dummy
2026-09-02,auto,add_to_cart,mobile,paid_social,30,dummy
2026-09-02,auto,begin_checkout,mobile,paid_social,4,dummy
2026-09-02,auto,add_payment_info,mobile,paid_social,3,dummy
2026-09-02,auto,purchase,mobile,paid_social,2,dummy
2026-09-02,auto,page_view,mobile,affiliate,290,dummy
2026-09-02,auto,view_item,mobile,affiliate,113,dummy
2026-09-02,auto,add_to_cart,mobile,affiliate,55,dummy
2026-09-02,auto,begin_checkout,mobile,affiliate,16,dummy
2026-09-02,auto,add_payment_info,mobile,affiliate,9,dummy
2026-09-02,auto,purchase,mobile,affiliate,7,dummy
2026-09-02,auto,page_view,mobile,referral,131,dummy
2026-09-02,auto,view_item,mobile,referral,51,dummy
2026-09-02,auto,add_to_cart,mobile,referral,28,dummy
2026-09-02,auto,begin_checkout,mobile,referral,6,dummy
2026-09-02,auto,add_payment_info,mobile,referral,5,dummy
2026-09-02,auto,purchase,mobile,referral,5,dummy
2026-09-02,auto,page_view,desktop,sea,493,dummy
2026-09-02,auto,view_item,desktop,sea,260,dummy
2026-09-02,auto,add_to_cart,desktop,sea,86,dummy
2026-09-02,auto,begin_checkout,desktop,sea,25,dummy
2026-09-02,auto,add_payment_info,desktop,sea,12,dummy
2026-09-02,auto,purchase,desktop,sea,9,dummy
2026-09-02,auto,page_view,desktop,seo,408,dummy
2026-09-02,auto,view_item,desktop,seo,218,dummy
2026-09-02,auto,add_to_cart,desktop,seo,99,dummy
2026-09-02,auto,begin_checkout,desktop,seo,33,dummy
2026-09-02,auto,add_payment_info,desktop,seo,22,dummy
2026-09-02,auto,purchase,desktop,seo,17,dummy
2026-09-02,auto,page_view,desktop,direct,244,dummy
2026-09-02,auto,view_item,desktop,direct,135,dummy
2026-09-02,auto,add_to_cart,desktop,direct,60,dummy
2026-09-02,auto,begin_checkout,desktop,direct,14,dummy
2026-09-02,auto,add_payment_info,desktop,direct,7,dummy
2026-09-02,auto,purchase,desktop,direct,5,dummy
2026-09-02,auto,page_view,desktop,email,126,dummy
2026-09-02,auto,view_item,desktop,email,62,dummy
2026-09-02,auto,add_to_cart,desktop,email,29,dummy
2026-09-02,auto,begin_checkout,desktop,email,11,dummy
2026-09-02,auto,add_payment_info,desktop,email,7,dummy
2026-09-02,auto,purchase,desktop,email,6,dummy
2026-09-02,auto,page_view,desktop,paid_social,123,dummy
2026-09-02,auto,view_item,desktop,paid_social,53,dummy
2026-09-02,auto,add_to_cart,desktop,paid_social,22,dummy
2026-09-02,auto,begin_checkout,desktop,paid_social,2,dummy
2026-09-02,auto,add_payment_info,desktop,paid_social,2,dummy
2026-09-02,auto,purchase,desktop,paid_social,2,dummy
2026-09-02,auto,page_view,desktop,affiliate,166,dummy
2026-09-02,auto,view_item,desktop,affiliate,83,dummy
2026-09-02,auto,add_to_cart,desktop,affiliate,40,dummy
2026-09-02,auto,begin_checkout,desktop,affiliate,10,dummy
2026-09-02,auto,add_payment_info,desktop,affiliate,8,dummy
2026-09-02,auto,purchase,desktop,affiliate,7,dummy
2026-09-02,auto,page_view,desktop,referral,91,dummy
2026-09-02,auto,view_item,desktop,referral,49,dummy
2026-09-02,auto,add_to_cart,desktop,referral,25,dummy
2026-09-02,auto,begin_checkout,desktop,referral,9,dummy
2026-09-02,auto,add_payment_info,desktop,referral,7,dummy
2026-09-02,auto,purchase,desktop,referral,7,dummy
2026-09-02,auto,page_view,tablet,sea,115,dummy
2026-09-02,auto,view_item,tablet,sea,64,dummy
2026-09-02,auto,add_to_cart,tablet,sea,25,dummy
2026-09-02,auto,begin_checkout,tablet,sea,5,dummy
2026-09-02,auto,add_payment_info,tablet,sea,3,dummy
2026-09-02,auto,purchase,tablet,sea,2,dummy
2026-09-02,auto,page_view,tablet,seo,79,dummy
2026-09-02,auto,view_item,tablet,seo,48,dummy
2026-09-02,auto,add_to_cart,tablet,seo,22,dummy
2026-09-02,auto,begin_checkout,tablet,seo,8,dummy
2026-09-02,auto,add_payment_info,tablet,seo,5,dummy
2026-09-02,auto,purchase,tablet,seo,3,dummy
2026-09-02,auto,page_view,tablet,direct,67,dummy
2026-09-02,auto,view_item,tablet,direct,39,dummy
2026-09-02,auto,add_to_cart,tablet,direct,22,dummy
2026-09-02,auto,begin_checkout,tablet,direct,7,dummy
2026-09-02,auto,add_payment_info,tablet,direct,3,dummy
2026-09-02,auto,purchase,tablet,direct,2,dummy
2026-09-02,auto,page_view,tablet,email,34,dummy
2026-09-02,auto,view_item,tablet,email,19,dummy
2026-09-02,auto,add_to_cart,tablet,email,8,dummy
2026-09-02,auto,begin_checkout,tablet,email,2,dummy
2026-09-02,auto,add_payment_info,tablet,email,2,dummy
2026-09-02,auto,purchase,tablet,email,2,dummy
2026-09-02,auto,page_view,tablet,paid_social,23,dummy
2026-09-02,auto,view_item,tablet,paid_social,11,dummy
2026-09-02,auto,add_to_cart,tablet,paid_social,5,dummy
2026-09-02,auto,begin_checkout,tablet,paid_social,2,dummy
2026-09-02,auto,add_payment_info,tablet,paid_social,2,dummy
2026-09-02,auto,purchase,tablet,paid_social,1,dummy
2026-09-02,auto,page_view,tablet,affiliate,31,dummy
2026-09-02,auto,view_item,tablet,affiliate,15,dummy
2026-09-02,auto,add_to_cart,tablet,affiliate,3,dummy
2026-09-02,auto,begin_checkout,tablet,affiliate,1,dummy
2026-09-02,auto,add_payment_info,tablet,affiliate,1,dummy
2026-09-02,auto,purchase,tablet,affiliate,1,dummy
2026-09-02,auto,page_view,tablet,referral,21,dummy
2026-09-02,auto,view_item,tablet,referral,9,dummy
2026-09-02,auto,add_to_cart,tablet,referral,6,dummy
2026-09-02,auto,begin_checkout,tablet,referral,2,dummy
2026-09-02,auto,add_payment_info,tablet,referral,2,dummy
2026-09-02,auto,purchase,tablet,referral,2,dummy
2026-09-03,auto,page_view,mobile,sea,843,dummy
2026-09-03,auto,view_item,mobile,sea,295,dummy
2026-09-03,auto,add_to_cart,mobile,sea,111,dummy
2026-09-03,auto,begin_checkout,mobile,sea,26,dummy
2026-09-03,auto,add_payment_info,mobile,sea,15,dummy
2026-09-03,auto,purchase,mobile,sea,14,dummy
2026-09-03,auto,page_view,mobile,seo,738,dummy
2026-09-03,auto,view_item,mobile,seo,275,dummy
2026-09-03,auto,add_to_cart,mobile,seo,101,dummy
2026-09-03,auto,begin_checkout,mobile,seo,18,dummy
2026-09-03,auto,add_payment_info,mobile,seo,14,dummy
2026-09-03,auto,purchase,mobile,seo,11,dummy
2026-09-03,auto,page_view,mobile,direct,446,dummy
2026-09-03,auto,view_item,mobile,direct,177,dummy
2026-09-03,auto,add_to_cart,mobile,direct,87,dummy
2026-09-03,auto,begin_checkout,mobile,direct,33,dummy
2026-09-03,auto,add_payment_info,mobile,direct,23,dummy
2026-09-03,auto,purchase,mobile,direct,20,dummy
2026-09-03,auto,page_view,mobile,email,264,dummy
2026-09-03,auto,view_item,mobile,email,107,dummy
2026-09-03,auto,add_to_cart,mobile,email,53,dummy
2026-09-03,auto,begin_checkout,mobile,email,22,dummy
2026-09-03,auto,add_payment_info,mobile,email,17,dummy
2026-09-03,auto,purchase,mobile,email,15,dummy
2026-09-03,auto,page_view,mobile,paid_social,193,dummy
2026-09-03,auto,view_item,mobile,paid_social,69,dummy
2026-09-03,auto,add_to_cart,mobile,paid_social,31,dummy
2026-09-03,auto,begin_checkout,mobile,paid_social,11,dummy
2026-09-03,auto,add_payment_info,mobile,paid_social,9,dummy
2026-09-03,auto,purchase,mobile,paid_social,9,dummy
2026-09-03,auto,page_view,mobile,affiliate,297,dummy
2026-09-03,auto,view_item,mobile,affiliate,113,dummy
2026-09-03,auto,add_to_cart,mobile,affiliate,50,dummy
2026-09-03,auto,begin_checkout,mobile,affiliate,16,dummy
2026-09-03,auto,add_payment_info,mobile,affiliate,7,dummy
2026-09-03,auto,purchase,mobile,affiliate,7,dummy
2026-09-03,auto,page_view,mobile,referral,152,dummy
2026-09-03,auto,view_item,mobile,referral,63,dummy
2026-09-03,auto,add_to_cart,mobile,referral,33,dummy
2026-09-03,auto,begin_checkout,mobile,referral,10,dummy
2026-09-03,auto,add_payment_info,mobile,referral,7,dummy
2026-09-03,auto,purchase,mobile,referral,5,dummy
2026-09-03,auto,page_view,desktop,sea,506,dummy
2026-09-03,auto,view_item,desktop,sea,280,dummy
2026-09-03,auto,add_to_cart,desktop,sea,102,dummy
2026-09-03,auto,begin_checkout,desktop,sea,31,dummy
2026-09-03,auto,add_payment_info,desktop,sea,20,dummy
2026-09-03,auto,purchase,desktop,sea,12,dummy
2026-09-03,auto,page_view,desktop,seo,439,dummy
2026-09-03,auto,view_item,desktop,seo,234,dummy
2026-09-03,auto,add_to_cart,desktop,seo,101,dummy
2026-09-03,auto,begin_checkout,desktop,seo,30,dummy
2026-09-03,auto,add_payment_info,desktop,seo,17,dummy
2026-09-03,auto,purchase,desktop,seo,13,dummy
2026-09-03,auto,page_view,desktop,direct,262,dummy
2026-09-03,auto,view_item,desktop,direct,144,dummy
2026-09-03,auto,add_to_cart,desktop,direct,72,dummy
2026-09-03,auto,begin_checkout,desktop,direct,21,dummy
2026-09-03,auto,add_payment_info,desktop,direct,11,dummy
2026-09-03,auto,purchase,desktop,direct,10,dummy
2026-09-03,auto,page_view,desktop,email,129,dummy
2026-09-03,auto,view_item,desktop,email,66,dummy
2026-09-03,auto,add_to_cart,desktop,email,34,dummy
2026-09-03,auto,begin_checkout,desktop,email,8,dummy
2026-09-03,auto,add_payment_info,desktop,email,5,dummy
2026-09-03,auto,purchase,desktop,email,4,dummy
2026-09-03,auto,page_view,desktop,paid_social,121,dummy
2026-09-03,auto,view_item,desktop,paid_social,68,dummy
2026-09-03,auto,add_to_cart,desktop,paid_social,26,dummy
2026-09-03,auto,begin_checkout,desktop,paid_social,10,dummy
2026-09-03,auto,add_payment_info,desktop,paid_social,9,dummy
2026-09-03,auto,purchase,desktop,paid_social,6,dummy
2026-09-03,auto,page_view,desktop,affiliate,152,dummy
2026-09-03,auto,view_item,desktop,affiliate,82,dummy
2026-09-03,auto,add_to_cart,desktop,affiliate,40,dummy
2026-09-03,auto,begin_checkout,desktop,affiliate,13,dummy
2026-09-03,auto,add_payment_info,desktop,affiliate,7,dummy
2026-09-03,auto,purchase,desktop,affiliate,5,dummy
2026-09-03,auto,page_view,desktop,referral,88,dummy
2026-09-03,auto,view_item,desktop,referral,49,dummy
2026-09-03,auto,add_to_cart,desktop,referral,20,dummy
2026-09-03,auto,begin_checkout,desktop,referral,6,dummy
2026-09-03,auto,add_payment_info,desktop,referral,4,dummy
2026-09-03,auto,purchase,desktop,referral,4,dummy
2026-09-03,auto,page_view,tablet,sea,100,dummy
2026-09-03,auto,view_item,tablet,sea,59,dummy
2026-09-03,auto,add_to_cart,tablet,sea,12,dummy
2026-09-03,auto,begin_checkout,tablet,sea,3,dummy
2026-09-03,auto,add_payment_info,tablet,sea,1,dummy
2026-09-03,auto,purchase,tablet,sea,1,dummy
2026-09-03,auto,page_view,tablet,seo,87,dummy
2026-09-03,auto,view_item,tablet,seo,54,dummy
2026-09-03,auto,add_to_cart,tablet,seo,26,dummy
2026-09-03,auto,begin_checkout,tablet,seo,7,dummy
2026-09-03,auto,add_payment_info,tablet,seo,6,dummy
2026-09-03,auto,purchase,tablet,seo,4,dummy
2026-09-03,auto,page_view,tablet,direct,37,dummy
2026-09-03,auto,view_item,tablet,direct,21,dummy
2026-09-03,auto,add_to_cart,tablet,direct,11,dummy
2026-09-03,auto,begin_checkout,tablet,direct,3,dummy
2026-09-03,auto,add_payment_info,tablet,direct,1,dummy
2026-09-03,auto,purchase,tablet,direct,1,dummy
2026-09-03,auto,page_view,tablet,email,40,dummy
2026-09-03,auto,view_item,tablet,email,16,dummy
2026-09-03,auto,add_to_cart,tablet,email,7,dummy
2026-09-03,auto,begin_checkout,tablet,email,1,dummy
2026-09-03,auto,add_payment_info,tablet,email,0,dummy
2026-09-03,auto,purchase,tablet,email,0,dummy
2026-09-03,auto,page_view,tablet,paid_social,24,dummy
2026-09-03,auto,view_item,tablet,paid_social,12,dummy
2026-09-03,auto,add_to_cart,tablet,paid_social,3,dummy
2026-09-03,auto,begin_checkout,tablet,paid_social,0,dummy
2026-09-03,auto,add_payment_info,tablet,paid_social,0,dummy
2026-09-03,auto,purchase,tablet,paid_social,0,dummy
2026-09-03,auto,page_view,tablet,affiliate,46,dummy
2026-09-03,auto,view_item,tablet,affiliate,24,dummy
2026-09-03,auto,add_to_cart,tablet,affiliate,8,dummy
2026-09-03,auto,begin_checkout,tablet,affiliate,4,dummy
2026-09-03,auto,add_payment_info,tablet,affiliate,3,dummy
2026-09-03,auto,purchase,tablet,affiliate,3,dummy
2026-09-03,auto,page_view,tablet,referral,15,dummy
2026-09-03,auto,view_item,tablet,referral,12,dummy
2026-09-03,auto,add_to_cart,tablet,referral,7,dummy
2026-09-03,auto,begin_checkout,tablet,referral,4,dummy
2026-09-03,auto,add_payment_info,tablet,referral,2,dummy
2026-09-03,auto,purchase,tablet,referral,2,dummy
2026-09-04,auto,page_view,mobile,sea,846,dummy
2026-09-04,auto,view_item,mobile,sea,321,dummy
2026-09-04,auto,add_to_cart,mobile,sea,101,dummy
2026-09-04,auto,begin_checkout,mobile,sea,30,dummy
2026-09-04,auto,add_payment_info,mobile,sea,23,dummy
2026-09-04,auto,purchase,mobile,sea,17,dummy
2026-09-04,auto,page_view,mobile,seo,763,dummy
2026-09-04,auto,view_item,mobile,seo,305,dummy
2026-09-04,auto,add_to_cart,mobile,seo,140,dummy
2026-09-04,auto,begin_checkout,mobile,seo,41,dummy
2026-09-04,auto,add_payment_info,mobile,seo,23,dummy
2026-09-04,auto,purchase,mobile,seo,18,dummy
2026-09-04,auto,page_view,mobile,direct,452,dummy
2026-09-04,auto,view_item,mobile,direct,165,dummy
2026-09-04,auto,add_to_cart,mobile,direct,78,dummy
2026-09-04,auto,begin_checkout,mobile,direct,25,dummy
2026-09-04,auto,add_payment_info,mobile,direct,17,dummy
2026-09-04,auto,purchase,mobile,direct,14,dummy
2026-09-04,auto,page_view,mobile,email,255,dummy
2026-09-04,auto,view_item,mobile,email,82,dummy
2026-09-04,auto,add_to_cart,mobile,email,44,dummy
2026-09-04,auto,begin_checkout,mobile,email,11,dummy
2026-09-04,auto,add_payment_info,mobile,email,7,dummy
2026-09-04,auto,purchase,mobile,email,6,dummy
2026-09-04,auto,page_view,mobile,paid_social,202,dummy
2026-09-04,auto,view_item,mobile,paid_social,76,dummy
2026-09-04,auto,add_to_cart,mobile,paid_social,26,dummy
2026-09-04,auto,begin_checkout,mobile,paid_social,8,dummy
2026-09-04,auto,add_payment_info,mobile,paid_social,3,dummy
2026-09-04,auto,purchase,mobile,paid_social,1,dummy
2026-09-04,auto,page_view,mobile,affiliate,330,dummy
2026-09-04,auto,view_item,mobile,affiliate,127,dummy
2026-09-04,auto,add_to_cart,mobile,affiliate,60,dummy
2026-09-04,auto,begin_checkout,mobile,affiliate,18,dummy
2026-09-04,auto,add_payment_info,mobile,affiliate,11,dummy
2026-09-04,auto,purchase,mobile,affiliate,9,dummy
2026-09-04,auto,page_view,mobile,referral,167,dummy
2026-09-04,auto,view_item,mobile,referral,63,dummy
2026-09-04,auto,add_to_cart,mobile,referral,36,dummy
2026-09-04,auto,begin_checkout,mobile,referral,12,dummy
2026-09-04,auto,add_payment_info,mobile,referral,7,dummy
2026-09-04,auto,purchase,mobile,referral,5,dummy
2026-09-04,auto,page_view,desktop,sea,447,dummy
2026-09-04,auto,view_item,desktop,sea,247,dummy
2026-09-04,auto,add_to_cart,desktop,sea,78,dummy
2026-09-04,auto,begin_checkout,desktop,sea,27,dummy
2026-09-04,auto,add_payment_info,desktop,sea,17,dummy
2026-09-04,auto,purchase,desktop,sea,12,dummy
2026-09-04,auto,page_view,desktop,seo,440,dummy
2026-09-04,auto,view_item,desktop,seo,249,dummy
2026-09-04,auto,add_to_cart,desktop,seo,110,dummy
2026-09-04,auto,begin_checkout,desktop,seo,36,dummy
2026-09-04,auto,add_payment_info,desktop,seo,24,dummy
2026-09-04,auto,purchase,desktop,seo,18,dummy
2026-09-04,auto,page_view,desktop,direct,242,dummy
2026-09-04,auto,view_item,desktop,direct,136,dummy
2026-09-04,auto,add_to_cart,desktop,direct,53,dummy
2026-09-04,auto,begin_checkout,desktop,direct,19,dummy
2026-09-04,auto,add_payment_info,desktop,direct,12,dummy
2026-09-04,auto,purchase,desktop,direct,12,dummy
2026-09-04,auto,page_view,desktop,email,125,dummy
2026-09-04,auto,view_item,desktop,email,51,dummy
2026-09-04,auto,add_to_cart,desktop,email,26,dummy
2026-09-04,auto,begin_checkout,desktop,email,6,dummy
2026-09-04,auto,add_payment_info,desktop,email,2,dummy
2026-09-04,auto,purchase,desktop,email,2,dummy
2026-09-04,auto,page_view,desktop,paid_social,107,dummy
2026-09-04,auto,view_item,desktop,paid_social,56,dummy
2026-09-04,auto,add_to_cart,desktop,paid_social,24,dummy
2026-09-04,auto,begin_checkout,desktop,paid_social,10,dummy
2026-09-04,auto,add_payment_info,desktop,paid_social,7,dummy
2026-09-04,auto,purchase,desktop,paid_social,4,dummy
2026-09-04,auto,page_view,desktop,affiliate,161,dummy
2026-09-04,auto,view_item,desktop,affiliate,98,dummy
2026-09-04,auto,add_to_cart,desktop,affiliate,45,dummy
2026-09-04,auto,begin_checkout,desktop,affiliate,11,dummy
2026-09-04,auto,add_payment_info,desktop,affiliate,4,dummy
2026-09-04,auto,purchase,desktop,affiliate,3,dummy
2026-09-04,auto,page_view,desktop,referral,86,dummy
2026-09-04,auto,view_item,desktop,referral,44,dummy
2026-09-04,auto,add_to_cart,desktop,referral,23,dummy
2026-09-04,auto,begin_checkout,desktop,referral,7,dummy
2026-09-04,auto,add_payment_info,desktop,referral,5,dummy
2026-09-04,auto,purchase,desktop,referral,4,dummy
2026-09-04,auto,page_view,tablet,sea,97,dummy
2026-09-04,auto,view_item,tablet,sea,57,dummy
2026-09-04,auto,add_to_cart,tablet,sea,12,dummy
2026-09-04,auto,begin_checkout,tablet,sea,5,dummy
2026-09-04,auto,add_payment_info,tablet,sea,3,dummy
2026-09-04,auto,purchase,tablet,sea,3,dummy
2026-09-04,auto,page_view,tablet,seo,100,dummy
2026-09-04,auto,view_item,tablet,seo,47,dummy
2026-09-04,auto,add_to_cart,tablet,seo,19,dummy
2026-09-04,auto,begin_checkout,tablet,seo,2,dummy
2026-09-04,auto,add_payment_info,tablet,seo,2,dummy
2026-09-04,auto,purchase,tablet,seo,1,dummy
2026-09-04,auto,page_view,tablet,direct,53,dummy
2026-09-04,auto,view_item,tablet,direct,36,dummy
2026-09-04,auto,add_to_cart,tablet,direct,15,dummy
2026-09-04,auto,begin_checkout,tablet,direct,5,dummy
2026-09-04,auto,add_payment_info,tablet,direct,1,dummy
2026-09-04,auto,purchase,tablet,direct,1,dummy
2026-09-04,auto,page_view,tablet,email,28,dummy
2026-09-04,auto,view_item,tablet,email,19,dummy
2026-09-04,auto,add_to_cart,tablet,email,3,dummy
2026-09-04,auto,begin_checkout,tablet,email,2,dummy
2026-09-04,auto,add_payment_info,tablet,email,2,dummy
2026-09-04,auto,purchase,tablet,email,2,dummy
2026-09-04,auto,page_view,tablet,paid_social,28,dummy
2026-09-04,auto,view_item,tablet,paid_social,13,dummy
2026-09-04,auto,add_to_cart,tablet,paid_social,3,dummy
2026-09-04,auto,begin_checkout,tablet,paid_social,1,dummy
2026-09-04,auto,add_payment_info,tablet,paid_social,0,dummy
2026-09-04,auto,purchase,tablet,paid_social,0,dummy
2026-09-04,auto,page_view,tablet,affiliate,29,dummy
2026-09-04,auto,view_item,tablet,affiliate,19,dummy
2026-09-04,auto,add_to_cart,tablet,affiliate,8,dummy
2026-09-04,auto,begin_checkout,tablet,affiliate,1,dummy
2026-09-04,auto,add_payment_info,tablet,affiliate,0,dummy
2026-09-04,auto,purchase,tablet,affiliate,0,dummy
2026-09-04,auto,page_view,tablet,referral,23,dummy
2026-09-04,auto,view_item,tablet,referral,13,dummy
2026-09-04,auto,add_to_cart,tablet,referral,6,dummy
2026-09-04,auto,begin_checkout,tablet,referral,4,dummy
2026-09-04,auto,add_payment_info,tablet,referral,4,dummy
2026-09-04,auto,purchase,tablet,referral,2,dummy
2026-09-05,auto,page_view,mobile,sea,694,dummy
2026-09-05,auto,view_item,mobile,sea,258,dummy
2026-09-05,auto,add_to_cart,mobile,sea,87,dummy
2026-09-05,auto,begin_checkout,mobile,sea,28,dummy
2026-09-05,auto,add_payment_info,mobile,sea,22,dummy
2026-09-05,auto,purchase,mobile,sea,16,dummy
2026-09-05,auto,page_view,mobile,seo,562,dummy
2026-09-05,auto,view_item,mobile,seo,214,dummy
2026-09-05,auto,add_to_cart,mobile,seo,80,dummy
2026-09-05,auto,begin_checkout,mobile,seo,17,dummy
2026-09-05,auto,add_payment_info,mobile,seo,10,dummy
2026-09-05,auto,purchase,mobile,seo,8,dummy
2026-09-05,auto,page_view,mobile,direct,342,dummy
2026-09-05,auto,view_item,mobile,direct,141,dummy
2026-09-05,auto,add_to_cart,mobile,direct,63,dummy
2026-09-05,auto,begin_checkout,mobile,direct,17,dummy
2026-09-05,auto,add_payment_info,mobile,direct,15,dummy
2026-09-05,auto,purchase,mobile,direct,11,dummy
2026-09-05,auto,page_view,mobile,email,210,dummy
2026-09-05,auto,view_item,mobile,email,71,dummy
2026-09-05,auto,add_to_cart,mobile,email,39,dummy
2026-09-05,auto,begin_checkout,mobile,email,14,dummy
2026-09-05,auto,add_payment_info,mobile,email,9,dummy
2026-09-05,auto,purchase,mobile,email,8,dummy
2026-09-05,auto,page_view,mobile,paid_social,164,dummy
2026-09-05,auto,view_item,mobile,paid_social,72,dummy
2026-09-05,auto,add_to_cart,mobile,paid_social,38,dummy
2026-09-05,auto,begin_checkout,mobile,paid_social,8,dummy
2026-09-05,auto,add_payment_info,mobile,paid_social,6,dummy
2026-09-05,auto,purchase,mobile,paid_social,4,dummy
2026-09-05,auto,page_view,mobile,affiliate,219,dummy
2026-09-05,auto,view_item,mobile,affiliate,73,dummy
2026-09-05,auto,add_to_cart,mobile,affiliate,37,dummy
2026-09-05,auto,begin_checkout,mobile,affiliate,10,dummy
2026-09-05,auto,add_payment_info,mobile,affiliate,8,dummy
2026-09-05,auto,purchase,mobile,affiliate,7,dummy
2026-09-05,auto,page_view,mobile,referral,115,dummy
2026-09-05,auto,view_item,mobile,referral,41,dummy
2026-09-05,auto,add_to_cart,mobile,referral,20,dummy
2026-09-05,auto,begin_checkout,mobile,referral,9,dummy
2026-09-05,auto,add_payment_info,mobile,referral,5,dummy
2026-09-05,auto,purchase,mobile,referral,3,dummy
2026-09-05,auto,page_view,desktop,sea,422,dummy
2026-09-05,auto,view_item,desktop,sea,231,dummy
2026-09-05,auto,add_to_cart,desktop,sea,66,dummy
2026-09-05,auto,begin_checkout,desktop,sea,26,dummy
2026-09-05,auto,add_payment_info,desktop,sea,18,dummy
2026-09-05,auto,purchase,desktop,sea,18,dummy
2026-09-05,auto,page_view,desktop,seo,359,dummy
2026-09-05,auto,view_item,desktop,seo,203,dummy
2026-09-05,auto,add_to_cart,desktop,seo,84,dummy
2026-09-05,auto,begin_checkout,desktop,seo,23,dummy
2026-09-05,auto,add_payment_info,desktop,seo,13,dummy
2026-09-05,auto,purchase,desktop,seo,10,dummy
2026-09-05,auto,page_view,desktop,direct,185,dummy
2026-09-05,auto,view_item,desktop,direct,98,dummy
2026-09-05,auto,add_to_cart,desktop,direct,45,dummy
2026-09-05,auto,begin_checkout,desktop,direct,14,dummy
2026-09-05,auto,add_payment_info,desktop,direct,11,dummy
2026-09-05,auto,purchase,desktop,direct,11,dummy
2026-09-05,auto,page_view,desktop,email,102,dummy
2026-09-05,auto,view_item,desktop,email,54,dummy
2026-09-05,auto,add_to_cart,desktop,email,24,dummy
2026-09-05,auto,begin_checkout,desktop,email,8,dummy
2026-09-05,auto,add_payment_info,desktop,email,7,dummy
2026-09-05,auto,purchase,desktop,email,7,dummy
2026-09-05,auto,page_view,desktop,paid_social,90,dummy
2026-09-05,auto,view_item,desktop,paid_social,52,dummy
2026-09-05,auto,add_to_cart,desktop,paid_social,25,dummy
2026-09-05,auto,begin_checkout,desktop,paid_social,6,dummy
2026-09-05,auto,add_payment_info,desktop,paid_social,4,dummy
2026-09-05,auto,purchase,desktop,paid_social,2,dummy
2026-09-05,auto,page_view,desktop,affiliate,132,dummy
2026-09-05,auto,view_item,desktop,affiliate,71,dummy
2026-09-05,auto,add_to_cart,desktop,affiliate,33,dummy
2026-09-05,auto,begin_checkout,desktop,affiliate,12,dummy
2026-09-05,auto,add_payment_info,desktop,affiliate,6,dummy
2026-09-05,auto,purchase,desktop,affiliate,5,dummy
2026-09-05,auto,page_view,desktop,referral,68,dummy
2026-09-05,auto,view_item,desktop,referral,34,dummy
2026-09-05,auto,add_to_cart,desktop,referral,23,dummy
2026-09-05,auto,begin_checkout,desktop,referral,10,dummy
2026-09-05,auto,add_payment_info,desktop,referral,8,dummy
2026-09-05,auto,purchase,desktop,referral,6,dummy
2026-09-05,auto,page_view,tablet,sea,79,dummy
2026-09-05,auto,view_item,tablet,sea,40,dummy
2026-09-05,auto,add_to_cart,tablet,sea,11,dummy
2026-09-05,auto,begin_checkout,tablet,sea,0,dummy
2026-09-05,auto,add_payment_info,tablet,sea,0,dummy
2026-09-05,auto,purchase,tablet,sea,0,dummy
2026-09-05,auto,page_view,tablet,seo,74,dummy
2026-09-05,auto,view_item,tablet,seo,50,dummy
2026-09-05,auto,add_to_cart,tablet,seo,26,dummy
2026-09-05,auto,begin_checkout,tablet,seo,8,dummy
2026-09-05,auto,add_payment_info,tablet,seo,3,dummy
2026-09-05,auto,purchase,tablet,seo,3,dummy
2026-09-05,auto,page_view,tablet,direct,47,dummy
2026-09-05,auto,view_item,tablet,direct,19,dummy
2026-09-05,auto,add_to_cart,tablet,direct,5,dummy
2026-09-05,auto,begin_checkout,tablet,direct,2,dummy
2026-09-05,auto,add_payment_info,tablet,direct,2,dummy
2026-09-05,auto,purchase,tablet,direct,2,dummy
2026-09-05,auto,page_view,tablet,email,17,dummy
2026-09-05,auto,view_item,tablet,email,13,dummy
2026-09-05,auto,add_to_cart,tablet,email,4,dummy
2026-09-05,auto,begin_checkout,tablet,email,1,dummy
2026-09-05,auto,add_payment_info,tablet,email,0,dummy
2026-09-05,auto,purchase,tablet,email,0,dummy
2026-09-05,auto,page_view,tablet,paid_social,24,dummy
2026-09-05,auto,view_item,tablet,paid_social,14,dummy
2026-09-05,auto,add_to_cart,tablet,paid_social,5,dummy
2026-09-05,auto,begin_checkout,tablet,paid_social,1,dummy
2026-09-05,auto,add_payment_info,tablet,paid_social,0,dummy
2026-09-05,auto,purchase,tablet,paid_social,0,dummy
2026-09-05,auto,page_view,tablet,affiliate,32,dummy
2026-09-05,auto,view_item,tablet,affiliate,15,dummy
2026-09-05,auto,add_to_cart,tablet,affiliate,11,dummy
2026-09-05,auto,begin_checkout,tablet,affiliate,4,dummy
2026-09-05,auto,add_payment_info,tablet,affiliate,4,dummy
2026-09-05,auto,purchase,tablet,affiliate,4,dummy
2026-09-05,auto,page_view,tablet,referral,19,dummy
2026-09-05,auto,view_item,tablet,referral,9,dummy
2026-09-05,auto,add_to_cart,tablet,referral,5,dummy
2026-09-05,auto,begin_checkout,tablet,referral,1,dummy
2026-09-05,auto,add_payment_info,tablet,referral,0,dummy
2026-09-05,auto,purchase,tablet,referral,0,dummy
2026-09-06,auto,page_view,mobile,sea,728,dummy
2026-09-06,auto,view_item,mobile,sea,271,dummy
2026-09-06,auto,add_to_cart,mobile,sea,87,dummy
2026-09-06,auto,begin_checkout,mobile,sea,29,dummy
2026-09-06,auto,add_payment_info,mobile,sea,16,dummy
2026-09-06,auto,purchase,mobile,sea,12,dummy
2026-09-06,auto,page_view,mobile,seo,599,dummy
2026-09-06,auto,view_item,mobile,seo,232,dummy
2026-09-06,auto,add_to_cart,mobile,seo,101,dummy
2026-09-06,auto,begin_checkout,mobile,seo,35,dummy
2026-09-06,auto,add_payment_info,mobile,seo,23,dummy
2026-09-06,auto,purchase,mobile,seo,20,dummy
2026-09-06,auto,page_view,mobile,direct,335,dummy
2026-09-06,auto,view_item,mobile,direct,134,dummy
2026-09-06,auto,add_to_cart,mobile,direct,69,dummy
2026-09-06,auto,begin_checkout,mobile,direct,21,dummy
2026-09-06,auto,add_payment_info,mobile,direct,15,dummy
2026-09-06,auto,purchase,mobile,direct,13,dummy
2026-09-06,auto,page_view,mobile,email,173,dummy
2026-09-06,auto,view_item,mobile,email,68,dummy
2026-09-06,auto,add_to_cart,mobile,email,35,dummy
2026-09-06,auto,begin_checkout,mobile,email,8,dummy
2026-09-06,auto,add_payment_info,mobile,email,7,dummy
2026-09-06,auto,purchase,mobile,email,5,dummy
2026-09-06,auto,page_view,mobile,paid_social,154,dummy
2026-09-06,auto,view_item,mobile,paid_social,61,dummy
2026-09-06,auto,add_to_cart,mobile,paid_social,27,dummy
2026-09-06,auto,begin_checkout,mobile,paid_social,6,dummy
2026-09-06,auto,add_payment_info,mobile,paid_social,4,dummy
2026-09-06,auto,purchase,mobile,paid_social,3,dummy
2026-09-06,auto,page_view,mobile,affiliate,257,dummy
2026-09-06,auto,view_item,mobile,affiliate,101,dummy
2026-09-06,auto,add_to_cart,mobile,affiliate,54,dummy
2026-09-06,auto,begin_checkout,mobile,affiliate,15,dummy
2026-09-06,auto,add_payment_info,mobile,affiliate,11,dummy
2026-09-06,auto,purchase,mobile,affiliate,10,dummy
2026-09-06,auto,page_view,mobile,referral,114,dummy
2026-09-06,auto,view_item,mobile,referral,47,dummy
2026-09-06,auto,add_to_cart,mobile,referral,15,dummy
2026-09-06,auto,begin_checkout,mobile,referral,3,dummy
2026-09-06,auto,add_payment_info,mobile,referral,3,dummy
2026-09-06,auto,purchase,mobile,referral,3,dummy
2026-09-06,auto,page_view,desktop,sea,400,dummy
2026-09-06,auto,view_item,desktop,sea,237,dummy
2026-09-06,auto,add_to_cart,desktop,sea,72,dummy
2026-09-06,auto,begin_checkout,desktop,sea,24,dummy
2026-09-06,auto,add_payment_info,desktop,sea,16,dummy
2026-09-06,auto,purchase,desktop,sea,14,dummy
2026-09-06,auto,page_view,desktop,seo,334,dummy
2026-09-06,auto,view_item,desktop,seo,199,dummy
2026-09-06,auto,add_to_cart,desktop,seo,95,dummy
2026-09-06,auto,begin_checkout,desktop,seo,30,dummy
2026-09-06,auto,add_payment_info,desktop,seo,22,dummy
2026-09-06,auto,purchase,desktop,seo,17,dummy
2026-09-06,auto,page_view,desktop,direct,193,dummy
2026-09-06,auto,view_item,desktop,direct,111,dummy
2026-09-06,auto,add_to_cart,desktop,direct,59,dummy
2026-09-06,auto,begin_checkout,desktop,direct,13,dummy
2026-09-06,auto,add_payment_info,desktop,direct,6,dummy
2026-09-06,auto,purchase,desktop,direct,6,dummy
2026-09-06,auto,page_view,desktop,email,104,dummy
2026-09-06,auto,view_item,desktop,email,51,dummy
2026-09-06,auto,add_to_cart,desktop,email,23,dummy
2026-09-06,auto,begin_checkout,desktop,email,8,dummy
2026-09-06,auto,add_payment_info,desktop,email,5,dummy
2026-09-06,auto,purchase,desktop,email,5,dummy
2026-09-06,auto,page_view,desktop,paid_social,81,dummy
2026-09-06,auto,view_item,desktop,paid_social,48,dummy
2026-09-06,auto,add_to_cart,desktop,paid_social,18,dummy
2026-09-06,auto,begin_checkout,desktop,paid_social,8,dummy
2026-09-06,auto,add_payment_info,desktop,paid_social,8,dummy
2026-09-06,auto,purchase,desktop,paid_social,4,dummy
2026-09-06,auto,page_view,desktop,affiliate,127,dummy
2026-09-06,auto,view_item,desktop,affiliate,70,dummy
2026-09-06,auto,add_to_cart,desktop,affiliate,38,dummy
2026-09-06,auto,begin_checkout,desktop,affiliate,12,dummy
2026-09-06,auto,add_payment_info,desktop,affiliate,10,dummy
2026-09-06,auto,purchase,desktop,affiliate,8,dummy
2026-09-06,auto,page_view,desktop,referral,60,dummy
2026-09-06,auto,view_item,desktop,referral,30,dummy
2026-09-06,auto,add_to_cart,desktop,referral,13,dummy
2026-09-06,auto,begin_checkout,desktop,referral,4,dummy
2026-09-06,auto,add_payment_info,desktop,referral,1,dummy
2026-09-06,auto,purchase,desktop,referral,1,dummy
2026-09-06,auto,page_view,tablet,sea,88,dummy
2026-09-06,auto,view_item,tablet,sea,45,dummy
2026-09-06,auto,add_to_cart,tablet,sea,16,dummy
2026-09-06,auto,begin_checkout,tablet,sea,8,dummy
2026-09-06,auto,add_payment_info,tablet,sea,5,dummy
2026-09-06,auto,purchase,tablet,sea,5,dummy
2026-09-06,auto,page_view,tablet,seo,68,dummy
2026-09-06,auto,view_item,tablet,seo,34,dummy
2026-09-06,auto,add_to_cart,tablet,seo,17,dummy
2026-09-06,auto,begin_checkout,tablet,seo,5,dummy
2026-09-06,auto,add_payment_info,tablet,seo,2,dummy
2026-09-06,auto,purchase,tablet,seo,1,dummy
2026-09-06,auto,page_view,tablet,direct,41,dummy
2026-09-06,auto,view_item,tablet,direct,24,dummy
2026-09-06,auto,add_to_cart,tablet,direct,15,dummy
2026-09-06,auto,begin_checkout,tablet,direct,4,dummy
2026-09-06,auto,add_payment_info,tablet,direct,4,dummy
2026-09-06,auto,purchase,tablet,direct,3,dummy
2026-09-06,auto,page_view,tablet,email,28,dummy
2026-09-06,auto,view_item,tablet,email,16,dummy
2026-09-06,auto,add_to_cart,tablet,email,5,dummy
2026-09-06,auto,begin_checkout,tablet,email,2,dummy
2026-09-06,auto,add_payment_info,tablet,email,1,dummy
2026-09-06,auto,purchase,tablet,email,1,dummy
2026-09-06,auto,page_view,tablet,paid_social,17,dummy
2026-09-06,auto,view_item,tablet,paid_social,9,dummy
2026-09-06,auto,add_to_cart,tablet,paid_social,4,dummy
2026-09-06,auto,begin_checkout,tablet,paid_social,2,dummy
2026-09-06,auto,add_payment_info,tablet,paid_social,1,dummy
2026-09-06,auto,purchase,tablet,paid_social,0,dummy
2026-09-06,auto,page_view,tablet,affiliate,32,dummy
2026-09-06,auto,view_item,tablet,affiliate,19,dummy
2026-09-06,auto,add_to_cart,tablet,affiliate,11,dummy
2026-09-06,auto,begin_checkout,tablet,affiliate,4,dummy
2026-09-06,auto,add_payment_info,tablet,affiliate,1,dummy
2026-09-06,auto,purchase,tablet,affiliate,1,dummy
2026-09-06,auto,page_view,tablet,referral,7,dummy
2026-09-06,auto,view_item,tablet,referral,2,dummy
2026-09-06,auto,add_to_cart,tablet,referral,1,dummy
2026-09-06,auto,begin_checkout,tablet,referral,1,dummy
2026-09-06,auto,add_payment_info,tablet,referral,1,dummy
2026-09-06,auto,purchase,tablet,referral,1,dummy
2026-09-07,auto,page_view,mobile,sea,911,dummy
2026-09-07,auto,view_item,mobile,sea,372,dummy
2026-09-07,auto,add_to_cart,mobile,sea,123,dummy
2026-09-07,auto,begin_checkout,mobile,sea,46,dummy
2026-09-07,auto,add_payment_info,mobile,sea,36,dummy
2026-09-07,auto,purchase,mobile,sea,31,dummy
2026-09-07,auto,page_view,mobile,seo,762,dummy
2026-09-07,auto,view_item,mobile,seo,302,dummy
2026-09-07,auto,add_to_cart,mobile,seo,146,dummy
2026-09-07,auto,begin_checkout,mobile,seo,46,dummy
2026-09-07,auto,add_payment_info,mobile,seo,28,dummy
2026-09-07,auto,purchase,mobile,seo,21,dummy
2026-09-07,auto,page_view,mobile,direct,402,dummy
2026-09-07,auto,view_item,mobile,direct,170,dummy
2026-09-07,auto,add_to_cart,mobile,direct,85,dummy
2026-09-07,auto,begin_checkout,mobile,direct,24,dummy
2026-09-07,auto,add_payment_info,mobile,direct,11,dummy
2026-09-07,auto,purchase,mobile,direct,10,dummy
2026-09-07,auto,page_view,mobile,email,255,dummy
2026-09-07,auto,view_item,mobile,email,106,dummy
2026-09-07,auto,add_to_cart,mobile,email,53,dummy
2026-09-07,auto,begin_checkout,mobile,email,17,dummy
2026-09-07,auto,add_payment_info,mobile,email,10,dummy
2026-09-07,auto,purchase,mobile,email,7,dummy
2026-09-07,auto,page_view,mobile,paid_social,216,dummy
2026-09-07,auto,view_item,mobile,paid_social,89,dummy
2026-09-07,auto,add_to_cart,mobile,paid_social,44,dummy
2026-09-07,auto,begin_checkout,mobile,paid_social,12,dummy
2026-09-07,auto,add_payment_info,mobile,paid_social,6,dummy
2026-09-07,auto,purchase,mobile,paid_social,2,dummy
2026-09-07,auto,page_view,mobile,affiliate,269,dummy
2026-09-07,auto,view_item,mobile,affiliate,97,dummy
2026-09-07,auto,add_to_cart,mobile,affiliate,34,dummy
2026-09-07,auto,begin_checkout,mobile,affiliate,6,dummy
2026-09-07,auto,add_payment_info,mobile,affiliate,3,dummy
2026-09-07,auto,purchase,mobile,affiliate,3,dummy
2026-09-07,auto,page_view,mobile,referral,142,dummy
2026-09-07,auto,view_item,mobile,referral,55,dummy
2026-09-07,auto,add_to_cart,mobile,referral,17,dummy
2026-09-07,auto,begin_checkout,mobile,referral,6,dummy
2026-09-07,auto,add_payment_info,mobile,referral,3,dummy
2026-09-07,auto,purchase,mobile,referral,3,dummy
2026-09-07,auto,page_view,desktop,sea,514,dummy
2026-09-07,auto,view_item,desktop,sea,267,dummy
2026-09-07,auto,add_to_cart,desktop,sea,86,dummy
2026-09-07,auto,begin_checkout,desktop,sea,30,dummy
2026-09-07,auto,add_payment_info,desktop,sea,13,dummy
2026-09-07,auto,purchase,desktop,sea,12,dummy
2026-09-07,auto,page_view,desktop,seo,398,dummy
2026-09-07,auto,view_item,desktop,seo,220,dummy
2026-09-07,auto,add_to_cart,desktop,seo,101,dummy
2026-09-07,auto,begin_checkout,desktop,seo,31,dummy
2026-09-07,auto,add_payment_info,desktop,seo,21,dummy
2026-09-07,auto,purchase,desktop,seo,19,dummy
2026-09-07,auto,page_view,desktop,direct,226,dummy
2026-09-07,auto,view_item,desktop,direct,114,dummy
2026-09-07,auto,add_to_cart,desktop,direct,49,dummy
2026-09-07,auto,begin_checkout,desktop,direct,15,dummy
2026-09-07,auto,add_payment_info,desktop,direct,11,dummy
2026-09-07,auto,purchase,desktop,direct,8,dummy
2026-09-07,auto,page_view,desktop,email,140,dummy
2026-09-07,auto,view_item,desktop,email,81,dummy
2026-09-07,auto,add_to_cart,desktop,email,38,dummy
2026-09-07,auto,begin_checkout,desktop,email,8,dummy
2026-09-07,auto,add_payment_info,desktop,email,5,dummy
2026-09-07,auto,purchase,desktop,email,4,dummy
2026-09-07,auto,page_view,desktop,paid_social,123,dummy
2026-09-07,auto,view_item,desktop,paid_social,69,dummy
2026-09-07,auto,add_to_cart,desktop,paid_social,28,dummy
2026-09-07,auto,begin_checkout,desktop,paid_social,8,dummy
2026-09-07,auto,add_payment_info,desktop,paid_social,5,dummy
2026-09-07,auto,purchase,desktop,paid_social,4,dummy
2026-09-07,auto,page_view,desktop,affiliate,162,dummy
2026-09-07,auto,view_item,desktop,affiliate,90,dummy
2026-09-07,auto,add_to_cart,desktop,affiliate,37,dummy
2026-09-07,auto,begin_checkout,desktop,affiliate,11,dummy
2026-09-07,auto,add_payment_info,desktop,affiliate,6,dummy
2026-09-07,auto,purchase,desktop,affiliate,5,dummy
2026-09-07,auto,page_view,desktop,referral,76,dummy
2026-09-07,auto,view_item,desktop,referral,43,dummy
2026-09-07,auto,add_to_cart,desktop,referral,20,dummy
2026-09-07,auto,begin_checkout,desktop,referral,4,dummy
2026-09-07,auto,add_payment_info,desktop,referral,2,dummy
2026-09-07,auto,purchase,desktop,referral,0,dummy
2026-09-07,auto,page_view,tablet,sea,94,dummy
2026-09-07,auto,view_item,tablet,sea,49,dummy
2026-09-07,auto,add_to_cart,tablet,sea,18,dummy
2026-09-07,auto,begin_checkout,tablet,sea,7,dummy
2026-09-07,auto,add_payment_info,tablet,sea,5,dummy
2026-09-07,auto,purchase,tablet,sea,4,dummy
2026-09-07,auto,page_view,tablet,seo,88,dummy
2026-09-07,auto,view_item,tablet,seo,50,dummy
2026-09-07,auto,add_to_cart,tablet,seo,21,dummy
2026-09-07,auto,begin_checkout,tablet,seo,7,dummy
2026-09-07,auto,add_payment_info,tablet,seo,6,dummy
2026-09-07,auto,purchase,tablet,seo,6,dummy
2026-09-07,auto,page_view,tablet,direct,49,dummy
2026-09-07,auto,view_item,tablet,direct,29,dummy
2026-09-07,auto,add_to_cart,tablet,direct,13,dummy
2026-09-07,auto,begin_checkout,tablet,direct,3,dummy
2026-09-07,auto,add_payment_info,tablet,direct,2,dummy
2026-09-07,auto,purchase,tablet,direct,2,dummy
2026-09-07,auto,page_view,tablet,email,32,dummy
2026-09-07,auto,view_item,tablet,email,15,dummy
2026-09-07,auto,add_to_cart,tablet,email,8,dummy
2026-09-07,auto,begin_checkout,tablet,email,3,dummy
2026-09-07,auto,add_payment_info,tablet,email,1,dummy
2026-09-07,auto,purchase,tablet,email,1,dummy
2026-09-07,auto,page_view,tablet,paid_social,18,dummy
2026-09-07,auto,view_item,tablet,paid_social,9,dummy
2026-09-07,auto,add_to_cart,tablet,paid_social,5,dummy
2026-09-07,auto,begin_checkout,tablet,paid_social,0,dummy
2026-09-07,auto,add_payment_info,tablet,paid_social,0,dummy
2026-09-07,auto,purchase,tablet,paid_social,0,dummy
2026-09-07,auto,page_view,tablet,affiliate,31,dummy
2026-09-07,auto,view_item,tablet,affiliate,18,dummy
2026-09-07,auto,add_to_cart,tablet,affiliate,5,dummy
2026-09-07,auto,begin_checkout,tablet,affiliate,2,dummy
2026-09-07,auto,add_payment_info,tablet,affiliate,1,dummy
2026-09-07,auto,purchase,tablet,affiliate,1,dummy
2026-09-07,auto,page_view,tablet,referral,12,dummy
2026-09-07,auto,view_item,tablet,referral,7,dummy
2026-09-07,auto,add_to_cart,tablet,referral,4,dummy
2026-09-07,auto,begin_checkout,tablet,referral,0,dummy
2026-09-07,auto,add_payment_info,tablet,referral,0,dummy
2026-09-07,auto,purchase,tablet,referral,0,dummy
2026-09-08,auto,page_view,mobile,sea,900,dummy
2026-09-08,auto,view_item,mobile,sea,341,dummy
2026-09-08,auto,add_to_cart,mobile,sea,97,dummy
2026-09-08,auto,begin_checkout,mobile,sea,28,dummy
2026-09-08,auto,add_payment_info,mobile,sea,21,dummy
2026-09-08,auto,purchase,mobile,sea,17,dummy
2026-09-08,auto,page_view,mobile,seo,777,dummy
2026-09-08,auto,view_item,mobile,seo,302,dummy
2026-09-08,auto,add_to_cart,mobile,seo,153,dummy
2026-09-08,auto,begin_checkout,mobile,seo,38,dummy
2026-09-08,auto,add_payment_info,mobile,seo,22,dummy
2026-09-08,auto,purchase,mobile,seo,17,dummy
2026-09-08,auto,page_view,mobile,direct,451,dummy
2026-09-08,auto,view_item,mobile,direct,160,dummy
2026-09-08,auto,add_to_cart,mobile,direct,76,dummy
2026-09-08,auto,begin_checkout,mobile,direct,24,dummy
2026-09-08,auto,add_payment_info,mobile,direct,14,dummy
2026-09-08,auto,purchase,mobile,direct,12,dummy
2026-09-08,auto,page_view,mobile,email,234,dummy
2026-09-08,auto,view_item,mobile,email,99,dummy
2026-09-08,auto,add_to_cart,mobile,email,47,dummy
2026-09-08,auto,begin_checkout,mobile,email,11,dummy
2026-09-08,auto,add_payment_info,mobile,email,6,dummy
2026-09-08,auto,purchase,mobile,email,5,dummy
2026-09-08,auto,page_view,mobile,paid_social,215,dummy
2026-09-08,auto,view_item,mobile,paid_social,76,dummy
2026-09-08,auto,add_to_cart,mobile,paid_social,24,dummy
2026-09-08,auto,begin_checkout,mobile,paid_social,4,dummy
2026-09-08,auto,add_payment_info,mobile,paid_social,3,dummy
2026-09-08,auto,purchase,mobile,paid_social,3,dummy
2026-09-08,auto,page_view,mobile,affiliate,296,dummy
2026-09-08,auto,view_item,mobile,affiliate,118,dummy
2026-09-08,auto,add_to_cart,mobile,affiliate,57,dummy
2026-09-08,auto,begin_checkout,mobile,affiliate,19,dummy
2026-09-08,auto,add_payment_info,mobile,affiliate,11,dummy
2026-09-08,auto,purchase,mobile,affiliate,10,dummy
2026-09-08,auto,page_view,mobile,referral,128,dummy
2026-09-08,auto,view_item,mobile,referral,39,dummy
2026-09-08,auto,add_to_cart,mobile,referral,12,dummy
2026-09-08,auto,begin_checkout,mobile,referral,2,dummy
2026-09-08,auto,add_payment_info,mobile,referral,2,dummy
2026-09-08,auto,purchase,mobile,referral,2,dummy
2026-09-08,auto,page_view,desktop,sea,454,dummy
2026-09-08,auto,view_item,desktop,sea,248,dummy
2026-09-08,auto,add_to_cart,desktop,sea,83,dummy
2026-09-08,auto,begin_checkout,desktop,sea,25,dummy
2026-09-08,auto,add_payment_info,desktop,sea,15,dummy
2026-09-08,auto,purchase,desktop,sea,12,dummy
2026-09-08,auto,page_view,desktop,seo,393,dummy
2026-09-08,auto,view_item,desktop,seo,220,dummy
2026-09-08,auto,add_to_cart,desktop,seo,96,dummy
2026-09-08,auto,begin_checkout,desktop,seo,23,dummy
2026-09-08,auto,add_payment_info,desktop,seo,13,dummy
2026-09-08,auto,purchase,desktop,seo,9,dummy
2026-09-08,auto,page_view,desktop,direct,258,dummy
2026-09-08,auto,view_item,desktop,direct,148,dummy
2026-09-08,auto,add_to_cart,desktop,direct,76,dummy
2026-09-08,auto,begin_checkout,desktop,direct,23,dummy
2026-09-08,auto,add_payment_info,desktop,direct,17,dummy
2026-09-08,auto,purchase,desktop,direct,16,dummy
2026-09-08,auto,page_view,desktop,email,140,dummy
2026-09-08,auto,view_item,desktop,email,82,dummy
2026-09-08,auto,add_to_cart,desktop,email,37,dummy
2026-09-08,auto,begin_checkout,desktop,email,8,dummy
2026-09-08,auto,add_payment_info,desktop,email,5,dummy
2026-09-08,auto,purchase,desktop,email,3,dummy
2026-09-08,auto,page_view,desktop,paid_social,105,dummy
2026-09-08,auto,view_item,desktop,paid_social,54,dummy
2026-09-08,auto,add_to_cart,desktop,paid_social,23,dummy
2026-09-08,auto,begin_checkout,desktop,paid_social,9,dummy
2026-09-08,auto,add_payment_info,desktop,paid_social,7,dummy
2026-09-08,auto,purchase,desktop,paid_social,6,dummy
2026-09-08,auto,page_view,desktop,affiliate,157,dummy
2026-09-08,auto,view_item,desktop,affiliate,81,dummy
2026-09-08,auto,add_to_cart,desktop,affiliate,40,dummy
2026-09-08,auto,begin_checkout,desktop,affiliate,8,dummy
2026-09-08,auto,add_payment_info,desktop,affiliate,4,dummy
2026-09-08,auto,purchase,desktop,affiliate,3,dummy
2026-09-08,auto,page_view,desktop,referral,79,dummy
2026-09-08,auto,view_item,desktop,referral,46,dummy
2026-09-08,auto,add_to_cart,desktop,referral,23,dummy
2026-09-08,auto,begin_checkout,desktop,referral,7,dummy
2026-09-08,auto,add_payment_info,desktop,referral,5,dummy
2026-09-08,auto,purchase,desktop,referral,4,dummy
2026-09-08,auto,page_view,tablet,sea,111,dummy
2026-09-08,auto,view_item,tablet,sea,60,dummy
2026-09-08,auto,add_to_cart,tablet,sea,21,dummy
2026-09-08,auto,begin_checkout,tablet,sea,7,dummy
2026-09-08,auto,add_payment_info,tablet,sea,3,dummy
2026-09-08,auto,purchase,tablet,sea,3,dummy
2026-09-08,auto,page_view,tablet,seo,86,dummy
2026-09-08,auto,view_item,tablet,seo,44,dummy
2026-09-08,auto,add_to_cart,tablet,seo,15,dummy
2026-09-08,auto,begin_checkout,tablet,seo,4,dummy
2026-09-08,auto,add_payment_info,tablet,seo,4,dummy
2026-09-08,auto,purchase,tablet,seo,1,dummy
2026-09-08,auto,page_view,tablet,direct,62,dummy
2026-09-08,auto,view_item,tablet,direct,27,dummy
2026-09-08,auto,add_to_cart,tablet,direct,11,dummy
2026-09-08,auto,begin_checkout,tablet,direct,2,dummy
2026-09-08,auto,add_payment_info,tablet,direct,2,dummy
2026-09-08,auto,purchase,tablet,direct,2,dummy
2026-09-08,auto,page_view,tablet,email,23,dummy
2026-09-08,auto,view_item,tablet,email,13,dummy
2026-09-08,auto,add_to_cart,tablet,email,8,dummy
2026-09-08,auto,begin_checkout,tablet,email,1,dummy
2026-09-08,auto,add_payment_info,tablet,email,1,dummy
2026-09-08,auto,purchase,tablet,email,1,dummy
2026-09-08,auto,page_view,tablet,paid_social,29,dummy
2026-09-08,auto,view_item,tablet,paid_social,19,dummy
2026-09-08,auto,add_to_cart,tablet,paid_social,12,dummy
2026-09-08,auto,begin_checkout,tablet,paid_social,4,dummy
2026-09-08,auto,add_payment_info,tablet,paid_social,3,dummy
2026-09-08,auto,purchase,tablet,paid_social,2,dummy
2026-09-08,auto,page_view,tablet,affiliate,32,dummy
2026-09-08,auto,view_item,tablet,affiliate,19,dummy
2026-09-08,auto,add_to_cart,tablet,affiliate,8,dummy
2026-09-08,auto,begin_checkout,tablet,affiliate,3,dummy
2026-09-08,auto,add_payment_info,tablet,affiliate,2,dummy
2026-09-08,auto,purchase,tablet,affiliate,1,dummy
2026-09-08,auto,page_view,tablet,referral,23,dummy
2026-09-08,auto,view_item,tablet,referral,13,dummy
2026-09-08,auto,add_to_cart,tablet,referral,2,dummy
2026-09-08,auto,begin_checkout,tablet,referral,0,dummy
2026-09-08,auto,add_payment_info,tablet,referral,0,dummy
2026-09-08,auto,purchase,tablet,referral,0,dummy
2026-09-09,auto,page_view,mobile,sea,938,dummy
2026-09-09,auto,view_item,mobile,sea,387,dummy
2026-09-09,auto,add_to_cart,mobile,sea,136,dummy
2026-09-09,auto,begin_checkout,mobile,sea,46,dummy
2026-09-09,auto,add_payment_info,mobile,sea,24,dummy
2026-09-09,auto,purchase,mobile,sea,16,dummy
2026-09-09,auto,page_view,mobile,seo,716,dummy
2026-09-09,auto,view_item,mobile,seo,281,dummy
2026-09-09,auto,add_to_cart,mobile,seo,119,dummy
2026-09-09,auto,begin_checkout,mobile,seo,41,dummy
2026-09-09,auto,add_payment_info,mobile,seo,23,dummy
2026-09-09,auto,purchase,mobile,seo,18,dummy
2026-09-09,auto,page_view,mobile,direct,483,dummy
2026-09-09,auto,view_item,mobile,direct,187,dummy
2026-09-09,auto,add_to_cart,mobile,direct,89,dummy
2026-09-09,auto,begin_checkout,mobile,direct,25,dummy
2026-09-09,auto,add_payment_info,mobile,direct,15,dummy
2026-09-09,auto,purchase,mobile,direct,13,dummy
2026-09-09,auto,page_view,mobile,email,226,dummy
2026-09-09,auto,view_item,mobile,email,92,dummy
2026-09-09,auto,add_to_cart,mobile,email,41,dummy
2026-09-09,auto,begin_checkout,mobile,email,12,dummy
2026-09-09,auto,add_payment_info,mobile,email,8,dummy
2026-09-09,auto,purchase,mobile,email,6,dummy
2026-09-09,auto,page_view,mobile,paid_social,205,dummy
2026-09-09,auto,view_item,mobile,paid_social,68,dummy
2026-09-09,auto,add_to_cart,mobile,paid_social,32,dummy
2026-09-09,auto,begin_checkout,mobile,paid_social,9,dummy
2026-09-09,auto,add_payment_info,mobile,paid_social,4,dummy
2026-09-09,auto,purchase,mobile,paid_social,3,dummy
2026-09-09,auto,page_view,mobile,affiliate,291,dummy
2026-09-09,auto,view_item,mobile,affiliate,113,dummy
2026-09-09,auto,add_to_cart,mobile,affiliate,49,dummy
2026-09-09,auto,begin_checkout,mobile,affiliate,18,dummy
2026-09-09,auto,add_payment_info,mobile,affiliate,12,dummy
2026-09-09,auto,purchase,mobile,affiliate,11,dummy
2026-09-09,auto,page_view,mobile,referral,154,dummy
2026-09-09,auto,view_item,mobile,referral,52,dummy
2026-09-09,auto,add_to_cart,mobile,referral,26,dummy
2026-09-09,auto,begin_checkout,mobile,referral,8,dummy
2026-09-09,auto,add_payment_info,mobile,referral,4,dummy
2026-09-09,auto,purchase,mobile,referral,2,dummy
2026-09-09,auto,page_view,desktop,sea,521,dummy
2026-09-09,auto,view_item,desktop,sea,277,dummy
2026-09-09,auto,add_to_cart,desktop,sea,104,dummy
2026-09-09,auto,begin_checkout,desktop,sea,33,dummy
2026-09-09,auto,add_payment_info,desktop,sea,22,dummy
2026-09-09,auto,purchase,desktop,sea,19,dummy
2026-09-09,auto,page_view,desktop,seo,406,dummy
2026-09-09,auto,view_item,desktop,seo,230,dummy
2026-09-09,auto,add_to_cart,desktop,seo,105,dummy
2026-09-09,auto,begin_checkout,desktop,seo,32,dummy
2026-09-09,auto,add_payment_info,desktop,seo,23,dummy
2026-09-09,auto,purchase,desktop,seo,18,dummy
2026-09-09,auto,page_view,desktop,direct,210,dummy
2026-09-09,auto,view_item,desktop,direct,106,dummy
2026-09-09,auto,add_to_cart,desktop,direct,47,dummy
2026-09-09,auto,begin_checkout,desktop,direct,11,dummy
2026-09-09,auto,add_payment_info,desktop,direct,6,dummy
2026-09-09,auto,purchase,desktop,direct,5,dummy
2026-09-09,auto,page_view,desktop,email,131,dummy
2026-09-09,auto,view_item,desktop,email,81,dummy
2026-09-09,auto,add_to_cart,desktop,email,41,dummy
2026-09-09,auto,begin_checkout,desktop,email,13,dummy
2026-09-09,auto,add_payment_info,desktop,email,6,dummy
2026-09-09,auto,purchase,desktop,email,6,dummy
2026-09-09,auto,page_view,desktop,paid_social,134,dummy
2026-09-09,auto,view_item,desktop,paid_social,81,dummy
2026-09-09,auto,add_to_cart,desktop,paid_social,35,dummy
2026-09-09,auto,begin_checkout,desktop,paid_social,8,dummy
2026-09-09,auto,add_payment_info,desktop,paid_social,6,dummy
2026-09-09,auto,purchase,desktop,paid_social,5,dummy
2026-09-09,auto,page_view,desktop,affiliate,151,dummy
2026-09-09,auto,view_item,desktop,affiliate,82,dummy
2026-09-09,auto,add_to_cart,desktop,affiliate,39,dummy
2026-09-09,auto,begin_checkout,desktop,affiliate,9,dummy
2026-09-09,auto,add_payment_info,desktop,affiliate,7,dummy
2026-09-09,auto,purchase,desktop,affiliate,7,dummy
2026-09-09,auto,page_view,desktop,referral,91,dummy
2026-09-09,auto,view_item,desktop,referral,53,dummy
2026-09-09,auto,add_to_cart,desktop,referral,23,dummy
2026-09-09,auto,begin_checkout,desktop,referral,7,dummy
2026-09-09,auto,add_payment_info,desktop,referral,2,dummy
2026-09-09,auto,purchase,desktop,referral,2,dummy
2026-09-09,auto,page_view,tablet,sea,84,dummy
2026-09-09,auto,view_item,tablet,sea,44,dummy
2026-09-09,auto,add_to_cart,tablet,sea,13,dummy
2026-09-09,auto,begin_checkout,tablet,sea,6,dummy
2026-09-09,auto,add_payment_info,tablet,sea,5,dummy
2026-09-09,auto,purchase,tablet,sea,5,dummy
2026-09-09,auto,page_view,tablet,seo,70,dummy
2026-09-09,auto,view_item,tablet,seo,39,dummy
2026-09-09,auto,add_to_cart,tablet,seo,21,dummy
2026-09-09,auto,begin_checkout,tablet,seo,4,dummy
2026-09-09,auto,add_payment_info,tablet,seo,2,dummy
2026-09-09,auto,purchase,tablet,seo,2,dummy
2026-09-09,auto,page_view,tablet,direct,49,dummy
2026-09-09,auto,view_item,tablet,direct,31,dummy
2026-09-09,auto,add_to_cart,tablet,direct,12,dummy
2026-09-09,auto,begin_checkout,tablet,direct,3,dummy
2026-09-09,auto,add_payment_info,tablet,direct,1,dummy
2026-09-09,auto,purchase,tablet,direct,1,dummy
2026-09-09,auto,page_view,tablet,email,39,dummy
2026-09-09,auto,view_item,tablet,email,21,dummy
2026-09-09,auto,add_to_cart,tablet,email,8,dummy
2026-09-09,auto,begin_checkout,tablet,email,0,dummy
2026-09-09,auto,add_payment_info,tablet,email,0,dummy
2026-09-09,auto,purchase,tablet,email,0,dummy
2026-09-09,auto,page_view,tablet,paid_social,24,dummy
2026-09-09,auto,view_item,tablet,paid_social,16,dummy
2026-09-09,auto,add_to_cart,tablet,paid_social,6,dummy
2026-09-09,auto,begin_checkout,tablet,paid_social,3,dummy
2026-09-09,auto,add_payment_info,tablet,paid_social,2,dummy
2026-09-09,auto,purchase,tablet,paid_social,1,dummy
2026-09-09,auto,page_view,tablet,affiliate,37,dummy
2026-09-09,auto,view_item,tablet,affiliate,20,dummy
2026-09-09,auto,add_to_cart,tablet,affiliate,10,dummy
2026-09-09,auto,begin_checkout,tablet,affiliate,5,dummy
2026-09-09,auto,add_payment_info,tablet,affiliate,5,dummy
2026-09-09,auto,purchase,tablet,affiliate,5,dummy
2026-09-09,auto,page_view,tablet,referral,16,dummy
2026-09-09,auto,view_item,tablet,referral,8,dummy
2026-09-09,auto,add_to_cart,tablet,referral,4,dummy
2026-09-09,auto,begin_checkout,tablet,referral,1,dummy
2026-09-09,auto,add_payment_info,tablet,referral,0,dummy
2026-09-09,auto,purchase,tablet,referral,0,dummy
2026-09-10,auto,page_view,mobile,sea,918,dummy
2026-09-10,auto,view_item,mobile,sea,402,dummy
2026-09-10,auto,add_to_cart,mobile,sea,136,dummy
2026-09-10,auto,begin_checkout,mobile,sea,46,dummy
2026-09-10,auto,add_payment_info,mobile,sea,22,dummy
2026-09-10,auto,purchase,mobile,sea,17,dummy
2026-09-10,auto,page_view,mobile,seo,712,dummy
2026-09-10,auto,view_item,mobile,seo,291,dummy
2026-09-10,auto,add_to_cart,mobile,seo,131,dummy
2026-09-10,auto,begin_checkout,mobile,seo,37,dummy
2026-09-10,auto,add_payment_info,mobile,seo,23,dummy
2026-09-10,auto,purchase,mobile,seo,20,dummy
2026-09-10,auto,page_view,mobile,direct,452,dummy
2026-09-10,auto,view_item,mobile,direct,193,dummy
2026-09-10,auto,add_to_cart,mobile,direct,86,dummy
2026-09-10,auto,begin_checkout,mobile,direct,28,dummy
2026-09-10,auto,add_payment_info,mobile,direct,19,dummy
2026-09-10,auto,purchase,mobile,direct,15,dummy
2026-09-10,auto,page_view,mobile,email,249,dummy
2026-09-10,auto,view_item,mobile,email,98,dummy
2026-09-10,auto,add_to_cart,mobile,email,43,dummy
2026-09-10,auto,begin_checkout,mobile,email,10,dummy
2026-09-10,auto,add_payment_info,mobile,email,6,dummy
2026-09-10,auto,purchase,mobile,email,5,dummy
2026-09-10,auto,page_view,mobile,paid_social,204,dummy
2026-09-10,auto,view_item,mobile,paid_social,64,dummy
2026-09-10,auto,add_to_cart,mobile,paid_social,21,dummy
2026-09-10,auto,begin_checkout,mobile,paid_social,3,dummy
2026-09-10,auto,add_payment_info,mobile,paid_social,0,dummy
2026-09-10,auto,purchase,mobile,paid_social,0,dummy
2026-09-10,auto,page_view,mobile,affiliate,302,dummy
2026-09-10,auto,view_item,mobile,affiliate,127,dummy
2026-09-10,auto,add_to_cart,mobile,affiliate,66,dummy
2026-09-10,auto,begin_checkout,mobile,affiliate,20,dummy
2026-09-10,auto,add_payment_info,mobile,affiliate,13,dummy
2026-09-10,auto,purchase,mobile,affiliate,11,dummy
2026-09-10,auto,page_view,mobile,referral,141,dummy
2026-09-10,auto,view_item,mobile,referral,51,dummy
2026-09-10,auto,add_to_cart,mobile,referral,17,dummy
2026-09-10,auto,begin_checkout,mobile,referral,1,dummy
2026-09-10,auto,add_payment_info,mobile,referral,1,dummy
2026-09-10,auto,purchase,mobile,referral,1,dummy
2026-09-10,auto,page_view,desktop,sea,497,dummy
2026-09-10,auto,view_item,desktop,sea,284,dummy
2026-09-10,auto,add_to_cart,desktop,sea,106,dummy
2026-09-10,auto,begin_checkout,desktop,sea,25,dummy
2026-09-10,auto,add_payment_info,desktop,sea,14,dummy
2026-09-10,auto,purchase,desktop,sea,11,dummy
2026-09-10,auto,page_view,desktop,seo,408,dummy
2026-09-10,auto,view_item,desktop,seo,215,dummy
2026-09-10,auto,add_to_cart,desktop,seo,85,dummy
2026-09-10,auto,begin_checkout,desktop,seo,25,dummy
2026-09-10,auto,add_payment_info,desktop,seo,17,dummy
2026-09-10,auto,purchase,desktop,seo,15,dummy
2026-09-10,auto,page_view,desktop,direct,248,dummy
2026-09-10,auto,view_item,desktop,direct,134,dummy
2026-09-10,auto,add_to_cart,desktop,direct,54,dummy
2026-09-10,auto,begin_checkout,desktop,direct,14,dummy
2026-09-10,auto,add_payment_info,desktop,direct,8,dummy
2026-09-10,auto,purchase,desktop,direct,7,dummy
2026-09-10,auto,page_view,desktop,email,139,dummy
2026-09-10,auto,view_item,desktop,email,82,dummy
2026-09-10,auto,add_to_cart,desktop,email,42,dummy
2026-09-10,auto,begin_checkout,desktop,email,16,dummy
2026-09-10,auto,add_payment_info,desktop,email,7,dummy
2026-09-10,auto,purchase,desktop,email,6,dummy
2026-09-10,auto,page_view,desktop,paid_social,133,dummy
2026-09-10,auto,view_item,desktop,paid_social,76,dummy
2026-09-10,auto,add_to_cart,desktop,paid_social,32,dummy
2026-09-10,auto,begin_checkout,desktop,paid_social,12,dummy
2026-09-10,auto,add_payment_info,desktop,paid_social,9,dummy
2026-09-10,auto,purchase,desktop,paid_social,5,dummy
2026-09-10,auto,page_view,desktop,affiliate,168,dummy
2026-09-10,auto,view_item,desktop,affiliate,85,dummy
2026-09-10,auto,add_to_cart,desktop,affiliate,43,dummy
2026-09-10,auto,begin_checkout,desktop,affiliate,15,dummy
2026-09-10,auto,add_payment_info,desktop,affiliate,9,dummy
2026-09-10,auto,purchase,desktop,affiliate,7,dummy
2026-09-10,auto,page_view,desktop,referral,75,dummy
2026-09-10,auto,view_item,desktop,referral,40,dummy
2026-09-10,auto,add_to_cart,desktop,referral,15,dummy
2026-09-10,auto,begin_checkout,desktop,referral,5,dummy
2026-09-10,auto,add_payment_info,desktop,referral,3,dummy
2026-09-10,auto,purchase,desktop,referral,3,dummy
2026-09-10,auto,page_view,tablet,sea,102,dummy
2026-09-10,auto,view_item,tablet,sea,57,dummy
2026-09-10,auto,add_to_cart,tablet,sea,19,dummy
2026-09-10,auto,begin_checkout,tablet,sea,4,dummy
2026-09-10,auto,add_payment_info,tablet,sea,2,dummy
2026-09-10,auto,purchase,tablet,sea,2,dummy
2026-09-10,auto,page_view,tablet,seo,84,dummy
2026-09-10,auto,view_item,tablet,seo,43,dummy
2026-09-10,auto,add_to_cart,tablet,seo,20,dummy
2026-09-10,auto,begin_checkout,tablet,seo,6,dummy
2026-09-10,auto,add_payment_info,tablet,seo,6,dummy
2026-09-10,auto,purchase,tablet,seo,6,dummy
2026-09-10,auto,page_view,tablet,direct,53,dummy
2026-09-10,auto,view_item,tablet,direct,28,dummy
2026-09-10,auto,add_to_cart,tablet,direct,13,dummy
2026-09-10,auto,begin_checkout,tablet,direct,4,dummy
2026-09-10,auto,add_payment_info,tablet,direct,3,dummy
2026-09-10,auto,purchase,tablet,direct,3,dummy
2026-09-10,auto,page_view,tablet,email,22,dummy
2026-09-10,auto,view_item,tablet,email,11,dummy
2026-09-10,auto,add_to_cart,tablet,email,7,dummy
2026-09-10,auto,begin_checkout,tablet,email,1,dummy
2026-09-10,auto,add_payment_info,tablet,email,1,dummy
2026-09-10,auto,purchase,tablet,email,1,dummy
2026-09-10,auto,page_view,tablet,paid_social,32,dummy
2026-09-10,auto,view_item,tablet,paid_social,14,dummy
2026-09-10,auto,add_to_cart,tablet,paid_social,7,dummy
2026-09-10,auto,begin_checkout,tablet,paid_social,2,dummy
2026-09-10,auto,add_payment_info,tablet,paid_social,1,dummy
2026-09-10,auto,purchase,tablet,paid_social,0,dummy
2026-09-10,auto,page_view,tablet,affiliate,37,dummy
2026-09-10,auto,view_item,tablet,affiliate,21,dummy
2026-09-10,auto,add_to_cart,tablet,affiliate,14,dummy
2026-09-10,auto,begin_checkout,tablet,affiliate,5,dummy
2026-09-10,auto,add_payment_info,tablet,affiliate,5,dummy
2026-09-10,auto,purchase,tablet,affiliate,5,dummy
2026-09-10,auto,page_view,tablet,referral,21,dummy
2026-09-10,auto,view_item,tablet,referral,12,dummy
2026-09-10,auto,add_to_cart,tablet,referral,6,dummy
2026-09-10,auto,begin_checkout,tablet,referral,2,dummy
2026-09-10,auto,add_payment_info,tablet,referral,1,dummy
2026-09-10,auto,purchase,tablet,referral,1,dummy
2026-09-11,auto,page_view,mobile,sea,898,dummy
2026-09-11,auto,view_item,mobile,sea,362,dummy
2026-09-11,auto,add_to_cart,mobile,sea,121,dummy
2026-09-11,auto,begin_checkout,mobile,sea,37,dummy
2026-09-11,auto,add_payment_info,mobile,sea,19,dummy
2026-09-11,auto,purchase,mobile,sea,15,dummy
2026-09-11,auto,page_view,mobile,seo,774,dummy
2026-09-11,auto,view_item,mobile,seo,331,dummy
2026-09-11,auto,add_to_cart,mobile,seo,153,dummy
2026-09-11,auto,begin_checkout,mobile,seo,46,dummy
2026-09-11,auto,add_payment_info,mobile,seo,25,dummy
2026-09-11,auto,purchase,mobile,seo,23,dummy
2026-09-11,auto,page_view,mobile,direct,430,dummy
2026-09-11,auto,view_item,mobile,direct,171,dummy
2026-09-11,auto,add_to_cart,mobile,direct,93,dummy
2026-09-11,auto,begin_checkout,mobile,direct,25,dummy
2026-09-11,auto,add_payment_info,mobile,direct,18,dummy
2026-09-11,auto,purchase,mobile,direct,15,dummy
2026-09-11,auto,page_view,mobile,email,218,dummy
2026-09-11,auto,view_item,mobile,email,88,dummy
2026-09-11,auto,add_to_cart,mobile,email,48,dummy
2026-09-11,auto,begin_checkout,mobile,email,12,dummy
2026-09-11,auto,add_payment_info,mobile,email,7,dummy
2026-09-11,auto,purchase,mobile,email,7,dummy
2026-09-11,auto,page_view,mobile,paid_social,207,dummy
2026-09-11,auto,view_item,mobile,paid_social,62,dummy
2026-09-11,auto,add_to_cart,mobile,paid_social,29,dummy
2026-09-11,auto,begin_checkout,mobile,paid_social,8,dummy
2026-09-11,auto,add_payment_info,mobile,paid_social,5,dummy
2026-09-11,auto,purchase,mobile,paid_social,4,dummy
2026-09-11,auto,page_view,mobile,affiliate,279,dummy
2026-09-11,auto,view_item,mobile,affiliate,105,dummy
2026-09-11,auto,add_to_cart,mobile,affiliate,48,dummy
2026-09-11,auto,begin_checkout,mobile,affiliate,22,dummy
2026-09-11,auto,add_payment_info,mobile,affiliate,16,dummy
2026-09-11,auto,purchase,mobile,affiliate,14,dummy
2026-09-11,auto,page_view,mobile,referral,151,dummy
2026-09-11,auto,view_item,mobile,referral,51,dummy
2026-09-11,auto,add_to_cart,mobile,referral,28,dummy
2026-09-11,auto,begin_checkout,mobile,referral,8,dummy
2026-09-11,auto,add_payment_info,mobile,referral,3,dummy
2026-09-11,auto,purchase,mobile,referral,2,dummy
2026-09-11,auto,page_view,desktop,sea,482,dummy
2026-09-11,auto,view_item,desktop,sea,254,dummy
2026-09-11,auto,add_to_cart,desktop,sea,77,dummy
2026-09-11,auto,begin_checkout,desktop,sea,24,dummy
2026-09-11,auto,add_payment_info,desktop,sea,16,dummy
2026-09-11,auto,purchase,desktop,sea,11,dummy
2026-09-11,auto,page_view,desktop,seo,407,dummy
2026-09-11,auto,view_item,desktop,seo,218,dummy
2026-09-11,auto,add_to_cart,desktop,seo,96,dummy
2026-09-11,auto,begin_checkout,desktop,seo,29,dummy
2026-09-11,auto,add_payment_info,desktop,seo,22,dummy
2026-09-11,auto,purchase,desktop,seo,18,dummy
2026-09-11,auto,page_view,desktop,direct,241,dummy
2026-09-11,auto,view_item,desktop,direct,127,dummy
2026-09-11,auto,add_to_cart,desktop,direct,68,dummy
2026-09-11,auto,begin_checkout,desktop,direct,20,dummy
2026-09-11,auto,add_payment_info,desktop,direct,15,dummy
2026-09-11,auto,purchase,desktop,direct,10,dummy
2026-09-11,auto,page_view,desktop,email,126,dummy
2026-09-11,auto,view_item,desktop,email,66,dummy
2026-09-11,auto,add_to_cart,desktop,email,33,dummy
2026-09-11,auto,begin_checkout,desktop,email,9,dummy
2026-09-11,auto,add_payment_info,desktop,email,5,dummy
2026-09-11,auto,purchase,desktop,email,5,dummy
2026-09-11,auto,page_view,desktop,paid_social,112,dummy
2026-09-11,auto,view_item,desktop,paid_social,49,dummy
2026-09-11,auto,add_to_cart,desktop,paid_social,21,dummy
2026-09-11,auto,begin_checkout,desktop,paid_social,6,dummy
2026-09-11,auto,add_payment_info,desktop,paid_social,4,dummy
2026-09-11,auto,purchase,desktop,paid_social,3,dummy
2026-09-11,auto,page_view,desktop,affiliate,162,dummy
2026-09-11,auto,view_item,desktop,affiliate,91,dummy
2026-09-11,auto,add_to_cart,desktop,affiliate,42,dummy
2026-09-11,auto,begin_checkout,desktop,affiliate,10,dummy
2026-09-11,auto,add_payment_info,desktop,affiliate,8,dummy
2026-09-11,auto,purchase,desktop,affiliate,6,dummy
2026-09-11,auto,page_view,desktop,referral,93,dummy
2026-09-11,auto,view_item,desktop,referral,53,dummy
2026-09-11,auto,add_to_cart,desktop,referral,30,dummy
2026-09-11,auto,begin_checkout,desktop,referral,10,dummy
2026-09-11,auto,add_payment_info,desktop,referral,8,dummy
2026-09-11,auto,purchase,desktop,referral,6,dummy
2026-09-11,auto,page_view,tablet,sea,107,dummy
2026-09-11,auto,view_item,tablet,sea,53,dummy
2026-09-11,auto,add_to_cart,tablet,sea,17,dummy
2026-09-11,auto,begin_checkout,tablet,sea,3,dummy
2026-09-11,auto,add_payment_info,tablet,sea,3,dummy
2026-09-11,auto,purchase,tablet,sea,2,dummy
2026-09-11,auto,page_view,tablet,seo,82,dummy
2026-09-11,auto,view_item,tablet,seo,33,dummy
2026-09-11,auto,add_to_cart,tablet,seo,12,dummy
2026-09-11,auto,begin_checkout,tablet,seo,4,dummy
2026-09-11,auto,add_payment_info,tablet,seo,3,dummy
2026-09-11,auto,purchase,tablet,seo,3,dummy
2026-09-11,auto,page_view,tablet,direct,60,dummy
2026-09-11,auto,view_item,tablet,direct,35,dummy
2026-09-11,auto,add_to_cart,tablet,direct,16,dummy
2026-09-11,auto,begin_checkout,tablet,direct,8,dummy
2026-09-11,auto,add_payment_info,tablet,direct,6,dummy
2026-09-11,auto,purchase,tablet,direct,6,dummy
2026-09-11,auto,page_view,tablet,email,33,dummy
2026-09-11,auto,view_item,tablet,email,23,dummy
2026-09-11,auto,add_to_cart,tablet,email,12,dummy
2026-09-11,auto,begin_checkout,tablet,email,5,dummy
2026-09-11,auto,add_payment_info,tablet,email,3,dummy
2026-09-11,auto,purchase,tablet,email,3,dummy
2026-09-11,auto,page_view,tablet,paid_social,20,dummy
2026-09-11,auto,view_item,tablet,paid_social,11,dummy
2026-09-11,auto,add_to_cart,tablet,paid_social,5,dummy
2026-09-11,auto,begin_checkout,tablet,paid_social,1,dummy
2026-09-11,auto,add_payment_info,tablet,paid_social,1,dummy
2026-09-11,auto,purchase,tablet,paid_social,1,dummy
2026-09-11,auto,page_view,tablet,affiliate,40,dummy
2026-09-11,auto,view_item,tablet,affiliate,22,dummy
2026-09-11,auto,add_to_cart,tablet,affiliate,7,dummy
2026-09-11,auto,begin_checkout,tablet,affiliate,3,dummy
2026-09-11,auto,add_payment_info,tablet,affiliate,2,dummy
2026-09-11,auto,purchase,tablet,affiliate,2,dummy
2026-09-11,auto,page_view,tablet,referral,12,dummy
2026-09-11,auto,view_item,tablet,referral,2,dummy
2026-09-11,auto,add_to_cart,tablet,referral,1,dummy
2026-09-11,auto,begin_checkout,tablet,referral,0,dummy
2026-09-11,auto,add_payment_info,tablet,referral,0,dummy
2026-09-11,auto,purchase,tablet,referral,0,dummy
2026-09-12,auto,page_view,mobile,sea,695,dummy
2026-09-12,auto,view_item,mobile,sea,270,dummy
2026-09-12,auto,add_to_cart,mobile,sea,97,dummy
2026-09-12,auto,begin_checkout,mobile,sea,30,dummy
2026-09-12,auto,add_payment_info,mobile,sea,20,dummy
2026-09-12,auto,purchase,mobile,sea,16,dummy
2026-09-12,auto,page_view,mobile,seo,580,dummy
2026-09-12,auto,view_item,mobile,seo,226,dummy
2026-09-12,auto,add_to_cart,mobile,seo,115,dummy
2026-09-12,auto,begin_checkout,mobile,seo,30,dummy
2026-09-12,auto,add_payment_info,mobile,seo,20,dummy
2026-09-12,auto,purchase,mobile,seo,17,dummy
2026-09-12,auto,page_view,mobile,direct,365,dummy
2026-09-12,auto,view_item,mobile,direct,143,dummy
2026-09-12,auto,add_to_cart,mobile,direct,69,dummy
2026-09-12,auto,begin_checkout,mobile,direct,26,dummy
2026-09-12,auto,add_payment_info,mobile,direct,17,dummy
2026-09-12,auto,purchase,mobile,direct,12,dummy
2026-09-12,auto,page_view,mobile,email,199,dummy
2026-09-12,auto,view_item,mobile,email,81,dummy
2026-09-12,auto,add_to_cart,mobile,email,48,dummy
2026-09-12,auto,begin_checkout,mobile,email,19,dummy
2026-09-12,auto,add_payment_info,mobile,email,11,dummy
2026-09-12,auto,purchase,mobile,email,8,dummy
2026-09-12,auto,page_view,mobile,paid_social,171,dummy
2026-09-12,auto,view_item,mobile,paid_social,63,dummy
2026-09-12,auto,add_to_cart,mobile,paid_social,30,dummy
2026-09-12,auto,begin_checkout,mobile,paid_social,9,dummy
2026-09-12,auto,add_payment_info,mobile,paid_social,5,dummy
2026-09-12,auto,purchase,mobile,paid_social,4,dummy
2026-09-12,auto,page_view,mobile,affiliate,250,dummy
2026-09-12,auto,view_item,mobile,affiliate,98,dummy
2026-09-12,auto,add_to_cart,mobile,affiliate,49,dummy
2026-09-12,auto,begin_checkout,mobile,affiliate,14,dummy
2026-09-12,auto,add_payment_info,mobile,affiliate,9,dummy
2026-09-12,auto,purchase,mobile,affiliate,8,dummy
2026-09-12,auto,page_view,mobile,referral,132,dummy
2026-09-12,auto,view_item,mobile,referral,51,dummy
2026-09-12,auto,add_to_cart,mobile,referral,23,dummy
2026-09-12,auto,begin_checkout,mobile,referral,3,dummy
2026-09-12,auto,add_payment_info,mobile,referral,3,dummy
2026-09-12,auto,purchase,mobile,referral,2,dummy
2026-09-12,auto,page_view,desktop,sea,377,dummy
2026-09-12,auto,view_item,desktop,sea,201,dummy
2026-09-12,auto,add_to_cart,desktop,sea,71,dummy
2026-09-12,auto,begin_checkout,desktop,sea,28,dummy
2026-09-12,auto,add_payment_info,desktop,sea,17,dummy
2026-09-12,auto,purchase,desktop,sea,14,dummy
2026-09-12,auto,page_view,desktop,seo,358,dummy
2026-09-12,auto,view_item,desktop,seo,195,dummy
2026-09-12,auto,add_to_cart,desktop,seo,92,dummy
2026-09-12,auto,begin_checkout,desktop,seo,31,dummy
2026-09-12,auto,add_payment_info,desktop,seo,23,dummy
2026-09-12,auto,purchase,desktop,seo,22,dummy
2026-09-12,auto,page_view,desktop,direct,215,dummy
2026-09-12,auto,view_item,desktop,direct,111,dummy
2026-09-12,auto,add_to_cart,desktop,direct,50,dummy
2026-09-12,auto,begin_checkout,desktop,direct,11,dummy
2026-09-12,auto,add_payment_info,desktop,direct,6,dummy
2026-09-12,auto,purchase,desktop,direct,6,dummy
2026-09-12,auto,page_view,desktop,email,96,dummy
2026-09-12,auto,view_item,desktop,email,52,dummy
2026-09-12,auto,add_to_cart,desktop,email,30,dummy
2026-09-12,auto,begin_checkout,desktop,email,8,dummy
2026-09-12,auto,add_payment_info,desktop,email,4,dummy
2026-09-12,auto,purchase,desktop,email,3,dummy
2026-09-12,auto,page_view,desktop,paid_social,90,dummy
2026-09-12,auto,view_item,desktop,paid_social,48,dummy
2026-09-12,auto,add_to_cart,desktop,paid_social,20,dummy
2026-09-12,auto,begin_checkout,desktop,paid_social,6,dummy
2026-09-12,auto,add_payment_info,desktop,paid_social,4,dummy
2026-09-12,auto,purchase,desktop,paid_social,4,dummy
2026-09-12,auto,page_view,desktop,affiliate,113,dummy
2026-09-12,auto,view_item,desktop,affiliate,63,dummy
2026-09-12,auto,add_to_cart,desktop,affiliate,27,dummy
2026-09-12,auto,begin_checkout,desktop,affiliate,6,dummy
2026-09-12,auto,add_payment_info,desktop,affiliate,4,dummy
2026-09-12,auto,purchase,desktop,affiliate,4,dummy
2026-09-12,auto,page_view,desktop,referral,71,dummy
2026-09-12,auto,view_item,desktop,referral,44,dummy
2026-09-12,auto,add_to_cart,desktop,referral,16,dummy
2026-09-12,auto,begin_checkout,desktop,referral,3,dummy
2026-09-12,auto,add_payment_info,desktop,referral,2,dummy
2026-09-12,auto,purchase,desktop,referral,2,dummy
2026-09-12,auto,page_view,tablet,sea,94,dummy
2026-09-12,auto,view_item,tablet,sea,52,dummy
2026-09-12,auto,add_to_cart,tablet,sea,17,dummy
2026-09-12,auto,begin_checkout,tablet,sea,7,dummy
2026-09-12,auto,add_payment_info,tablet,sea,4,dummy
2026-09-12,auto,purchase,tablet,sea,2,dummy
2026-09-12,auto,page_view,tablet,seo,74,dummy
2026-09-12,auto,view_item,tablet,seo,34,dummy
2026-09-12,auto,add_to_cart,tablet,seo,16,dummy
2026-09-12,auto,begin_checkout,tablet,seo,3,dummy
2026-09-12,auto,add_payment_info,tablet,seo,1,dummy
2026-09-12,auto,purchase,tablet,seo,1,dummy
2026-09-12,auto,page_view,tablet,direct,53,dummy
2026-09-12,auto,view_item,tablet,direct,30,dummy
2026-09-12,auto,add_to_cart,tablet,direct,12,dummy
2026-09-12,auto,begin_checkout,tablet,direct,2,dummy
2026-09-12,auto,add_payment_info,tablet,direct,1,dummy
2026-09-12,auto,purchase,tablet,direct,1,dummy
2026-09-12,auto,page_view,tablet,email,27,dummy
2026-09-12,auto,view_item,tablet,email,16,dummy
2026-09-12,auto,add_to_cart,tablet,email,7,dummy
2026-09-12,auto,begin_checkout,tablet,email,2,dummy
2026-09-12,auto,add_payment_info,tablet,email,2,dummy
2026-09-12,auto,purchase,tablet,email,2,dummy
2026-09-12,auto,page_view,tablet,paid_social,17,dummy
2026-09-12,auto,view_item,tablet,paid_social,11,dummy
2026-09-12,auto,add_to_cart,tablet,paid_social,5,dummy
2026-09-12,auto,begin_checkout,tablet,paid_social,1,dummy
2026-09-12,auto,add_payment_info,tablet,paid_social,1,dummy
2026-09-12,auto,purchase,tablet,paid_social,1,dummy
2026-09-12,auto,page_view,tablet,affiliate,24,dummy
2026-09-12,auto,view_item,tablet,affiliate,14,dummy
2026-09-12,auto,add_to_cart,tablet,affiliate,6,dummy
2026-09-12,auto,begin_checkout,tablet,affiliate,1,dummy
2026-09-12,auto,add_payment_info,tablet,affiliate,1,dummy
2026-09-12,auto,purchase,tablet,affiliate,1,dummy
2026-09-12,auto,page_view,tablet,referral,12,dummy
2026-09-12,auto,view_item,tablet,referral,6,dummy
2026-09-12,auto,add_to_cart,tablet,referral,2,dummy
2026-09-12,auto,begin_checkout,tablet,referral,0,dummy
2026-09-12,auto,add_payment_info,tablet,referral,0,dummy
2026-09-12,auto,purchase,tablet,referral,0,dummy
2026-09-13,auto,page_view,mobile,sea,756,dummy
2026-09-13,auto,view_item,mobile,sea,298,dummy
2026-09-13,auto,add_to_cart,mobile,sea,107,dummy
2026-09-13,auto,begin_checkout,mobile,sea,40,dummy
2026-09-13,auto,add_payment_info,mobile,sea,29,dummy
2026-09-13,auto,purchase,mobile,sea,24,dummy
2026-09-13,auto,page_view,mobile,seo,601,dummy
2026-09-13,auto,view_item,mobile,seo,232,dummy
2026-09-13,auto,add_to_cart,mobile,seo,116,dummy
2026-09-13,auto,begin_checkout,mobile,seo,36,dummy
2026-09-13,auto,add_payment_info,mobile,seo,22,dummy
2026-09-13,auto,purchase,mobile,seo,20,dummy
2026-09-13,auto,page_view,mobile,direct,333,dummy
2026-09-13,auto,view_item,mobile,direct,134,dummy
2026-09-13,auto,add_to_cart,mobile,direct,52,dummy
2026-09-13,auto,begin_checkout,mobile,direct,20,dummy
2026-09-13,auto,add_payment_info,mobile,direct,13,dummy
2026-09-13,auto,purchase,mobile,direct,13,dummy
2026-09-13,auto,page_view,mobile,email,207,dummy
2026-09-13,auto,view_item,mobile,email,76,dummy
2026-09-13,auto,add_to_cart,mobile,email,39,dummy
2026-09-13,auto,begin_checkout,mobile,email,10,dummy
2026-09-13,auto,add_payment_info,mobile,email,6,dummy
2026-09-13,auto,purchase,mobile,email,5,dummy
2026-09-13,auto,page_view,mobile,paid_social,164,dummy
2026-09-13,auto,view_item,mobile,paid_social,68,dummy
2026-09-13,auto,add_to_cart,mobile,paid_social,22,dummy
2026-09-13,auto,begin_checkout,mobile,paid_social,6,dummy
2026-09-13,auto,add_payment_info,mobile,paid_social,4,dummy
2026-09-13,auto,purchase,mobile,paid_social,4,dummy
2026-09-13,auto,page_view,mobile,affiliate,225,dummy
2026-09-13,auto,view_item,mobile,affiliate,95,dummy
2026-09-13,auto,add_to_cart,mobile,affiliate,34,dummy
2026-09-13,auto,begin_checkout,mobile,affiliate,9,dummy
2026-09-13,auto,add_payment_info,mobile,affiliate,6,dummy
2026-09-13,auto,purchase,mobile,affiliate,4,dummy
2026-09-13,auto,page_view,mobile,referral,116,dummy
2026-09-13,auto,view_item,mobile,referral,36,dummy
2026-09-13,auto,add_to_cart,mobile,referral,19,dummy
2026-09-13,auto,begin_checkout,mobile,referral,7,dummy
2026-09-13,auto,add_payment_info,mobile,referral,6,dummy
2026-09-13,auto,purchase,mobile,referral,3,dummy
2026-09-13,auto,page_view,desktop,sea,403,dummy
2026-09-13,auto,view_item,desktop,sea,224,dummy
2026-09-13,auto,add_to_cart,desktop,sea,72,dummy
2026-09-13,auto,begin_checkout,desktop,sea,23,dummy
2026-09-13,auto,add_payment_info,desktop,sea,16,dummy
2026-09-13,auto,purchase,desktop,sea,13,dummy
2026-09-13,auto,page_view,desktop,seo,337,dummy
2026-09-13,auto,view_item,desktop,seo,197,dummy
2026-09-13,auto,add_to_cart,desktop,seo,94,dummy
2026-09-13,auto,begin_checkout,desktop,seo,34,dummy
2026-09-13,auto,add_payment_info,desktop,seo,23,dummy
2026-09-13,auto,purchase,desktop,seo,17,dummy
2026-09-13,auto,page_view,desktop,direct,200,dummy
2026-09-13,auto,view_item,desktop,direct,118,dummy
2026-09-13,auto,add_to_cart,desktop,direct,46,dummy
2026-09-13,auto,begin_checkout,desktop,direct,13,dummy
2026-09-13,auto,add_payment_info,desktop,direct,9,dummy
2026-09-13,auto,purchase,desktop,direct,7,dummy
2026-09-13,auto,page_view,desktop,email,100,dummy
2026-09-13,auto,view_item,desktop,email,52,dummy
2026-09-13,auto,add_to_cart,desktop,email,21,dummy
2026-09-13,auto,begin_checkout,desktop,email,7,dummy
2026-09-13,auto,add_payment_info,desktop,email,5,dummy
2026-09-13,auto,purchase,desktop,email,5,dummy
2026-09-13,auto,page_view,desktop,paid_social,86,dummy
2026-09-13,auto,view_item,desktop,paid_social,41,dummy
2026-09-13,auto,add_to_cart,desktop,paid_social,11,dummy
2026-09-13,auto,begin_checkout,desktop,paid_social,2,dummy
2026-09-13,auto,add_payment_info,desktop,paid_social,1,dummy
2026-09-13,auto,purchase,desktop,paid_social,1,dummy
2026-09-13,auto,page_view,desktop,affiliate,131,dummy
2026-09-13,auto,view_item,desktop,affiliate,68,dummy
2026-09-13,auto,add_to_cart,desktop,affiliate,31,dummy
2026-09-13,auto,begin_checkout,desktop,affiliate,10,dummy
2026-09-13,auto,add_payment_info,desktop,affiliate,8,dummy
2026-09-13,auto,purchase,desktop,affiliate,6,dummy
2026-09-13,auto,page_view,desktop,referral,53,dummy
2026-09-13,auto,view_item,desktop,referral,28,dummy
2026-09-13,auto,add_to_cart,desktop,referral,14,dummy
2026-09-13,auto,begin_checkout,desktop,referral,3,dummy
2026-09-13,auto,add_payment_info,desktop,referral,2,dummy
2026-09-13,auto,purchase,desktop,referral,2,dummy
2026-09-13,auto,page_view,tablet,sea,77,dummy
2026-09-13,auto,view_item,tablet,sea,44,dummy
2026-09-13,auto,add_to_cart,tablet,sea,11,dummy
2026-09-13,auto,begin_checkout,tablet,sea,5,dummy
2026-09-13,auto,add_payment_info,tablet,sea,3,dummy
2026-09-13,auto,purchase,tablet,sea,3,dummy
2026-09-13,auto,page_view,tablet,seo,59,dummy
2026-09-13,auto,view_item,tablet,seo,29,dummy
2026-09-13,auto,add_to_cart,tablet,seo,15,dummy
2026-09-13,auto,begin_checkout,tablet,seo,3,dummy
2026-09-13,auto,add_payment_info,tablet,seo,2,dummy
2026-09-13,auto,purchase,tablet,seo,2,dummy
2026-09-13,auto,page_view,tablet,direct,35,dummy
2026-09-13,auto,view_item,tablet,direct,19,dummy
2026-09-13,auto,add_to_cart,tablet,direct,8,dummy
2026-09-13,auto,begin_checkout,tablet,direct,1,dummy
2026-09-13,auto,add_payment_info,tablet,direct,0,dummy
2026-09-13,auto,purchase,tablet,direct,0,dummy
2026-09-13,auto,page_view,tablet,email,20,dummy
2026-09-13,auto,view_item,tablet,email,13,dummy
2026-09-13,auto,add_to_cart,tablet,email,5,dummy
2026-09-13,auto,begin_checkout,tablet,email,1,dummy
2026-09-13,auto,add_payment_info,tablet,email,1,dummy
2026-09-13,auto,purchase,tablet,email,1,dummy
2026-09-13,auto,page_view,tablet,paid_social,25,dummy
2026-09-13,auto,view_item,tablet,paid_social,9,dummy
2026-09-13,auto,add_to_cart,tablet,paid_social,4,dummy
2026-09-13,auto,begin_checkout,tablet,paid_social,3,dummy
2026-09-13,auto,add_payment_info,tablet,paid_social,2,dummy
2026-09-13,auto,purchase,tablet,paid_social,2,dummy
2026-09-13,auto,page_view,tablet,affiliate,20,dummy
2026-09-13,auto,view_item,tablet,affiliate,9,dummy
2026-09-13,auto,add_to_cart,tablet,affiliate,2,dummy
2026-09-13,auto,begin_checkout,tablet,affiliate,0,dummy
2026-09-13,auto,add_payment_info,tablet,affiliate,0,dummy
2026-09-13,auto,purchase,tablet,affiliate,0,dummy
2026-09-13,auto,page_view,tablet,referral,16,dummy
2026-09-13,auto,view_item,tablet,referral,6,dummy
2026-09-13,auto,add_to_cart,tablet,referral,3,dummy
2026-09-13,auto,begin_checkout,tablet,referral,0,dummy
2026-09-13,auto,add_payment_info,tablet,referral,0,dummy
2026-09-13,auto,purchase,tablet,referral,0,dummy
2026-09-14,auto,page_view,mobile,sea,939,dummy
2026-09-14,auto,view_item,mobile,sea,330,dummy
2026-09-14,auto,add_to_cart,mobile,sea,109,dummy
2026-09-14,auto,begin_checkout,mobile,sea,31,dummy
2026-09-14,auto,add_payment_info,mobile,sea,19,dummy
2026-09-14,auto,purchase,mobile,sea,15,dummy
2026-09-14,auto,page_view,mobile,seo,802,dummy
2026-09-14,auto,view_item,mobile,seo,305,dummy
2026-09-14,auto,add_to_cart,mobile,seo,137,dummy
2026-09-14,auto,begin_checkout,mobile,seo,39,dummy
2026-09-14,auto,add_payment_info,mobile,seo,19,dummy
2026-09-14,auto,purchase,mobile,seo,18,dummy
2026-09-14,auto,page_view,mobile,direct,447,dummy
2026-09-14,auto,view_item,mobile,direct,156,dummy
2026-09-14,auto,add_to_cart,mobile,direct,74,dummy
2026-09-14,auto,begin_checkout,mobile,direct,17,dummy
2026-09-14,auto,add_payment_info,mobile,direct,11,dummy
2026-09-14,auto,purchase,mobile,direct,11,dummy
2026-09-14,auto,page_view,mobile,email,233,dummy
2026-09-14,auto,view_item,mobile,email,95,dummy
2026-09-14,auto,add_to_cart,mobile,email,41,dummy
2026-09-14,auto,begin_checkout,mobile,email,12,dummy
2026-09-14,auto,add_payment_info,mobile,email,7,dummy
2026-09-14,auto,purchase,mobile,email,4,dummy
2026-09-14,auto,page_view,mobile,paid_social,216,dummy
2026-09-14,auto,view_item,mobile,paid_social,90,dummy
2026-09-14,auto,add_to_cart,mobile,paid_social,39,dummy
2026-09-14,auto,begin_checkout,mobile,paid_social,11,dummy
2026-09-14,auto,add_payment_info,mobile,paid_social,8,dummy
2026-09-14,auto,purchase,mobile,paid_social,6,dummy
2026-09-14,auto,page_view,mobile,affiliate,306,dummy
2026-09-14,auto,view_item,mobile,affiliate,122,dummy
2026-09-14,auto,add_to_cart,mobile,affiliate,63,dummy
2026-09-14,auto,begin_checkout,mobile,affiliate,11,dummy
2026-09-14,auto,add_payment_info,mobile,affiliate,5,dummy
2026-09-14,auto,purchase,mobile,affiliate,4,dummy
2026-09-14,auto,page_view,mobile,referral,153,dummy
2026-09-14,auto,view_item,mobile,referral,59,dummy
2026-09-14,auto,add_to_cart,mobile,referral,24,dummy
2026-09-14,auto,begin_checkout,mobile,referral,8,dummy
2026-09-14,auto,add_payment_info,mobile,referral,5,dummy
2026-09-14,auto,purchase,mobile,referral,5,dummy
2026-09-14,auto,page_view,desktop,sea,508,dummy
2026-09-14,auto,view_item,desktop,sea,272,dummy
2026-09-14,auto,add_to_cart,desktop,sea,95,dummy
2026-09-14,auto,begin_checkout,desktop,sea,34,dummy
2026-09-14,auto,add_payment_info,desktop,sea,22,dummy
2026-09-14,auto,purchase,desktop,sea,20,dummy
2026-09-14,auto,page_view,desktop,seo,412,dummy
2026-09-14,auto,view_item,desktop,seo,235,dummy
2026-09-14,auto,add_to_cart,desktop,seo,120,dummy
2026-09-14,auto,begin_checkout,desktop,seo,28,dummy
2026-09-14,auto,add_payment_info,desktop,seo,20,dummy
2026-09-14,auto,purchase,desktop,seo,19,dummy
2026-09-14,auto,page_view,desktop,direct,214,dummy
2026-09-14,auto,view_item,desktop,direct,123,dummy
2026-09-14,auto,add_to_cart,desktop,direct,62,dummy
2026-09-14,auto,begin_checkout,desktop,direct,19,dummy
2026-09-14,auto,add_payment_info,desktop,direct,11,dummy
2026-09-14,auto,purchase,desktop,direct,11,dummy
2026-09-14,auto,page_view,desktop,email,159,dummy
2026-09-14,auto,view_item,desktop,email,92,dummy
2026-09-14,auto,add_to_cart,desktop,email,44,dummy
2026-09-14,auto,begin_checkout,desktop,email,18,dummy
2026-09-14,auto,add_payment_info,desktop,email,14,dummy
2026-09-14,auto,purchase,desktop,email,13,dummy
2026-09-14,auto,page_view,desktop,paid_social,114,dummy
2026-09-14,auto,view_item,desktop,paid_social,63,dummy
2026-09-14,auto,add_to_cart,desktop,paid_social,25,dummy
2026-09-14,auto,begin_checkout,desktop,paid_social,7,dummy
2026-09-14,auto,add_payment_info,desktop,paid_social,6,dummy
2026-09-14,auto,purchase,desktop,paid_social,4,dummy
2026-09-14,auto,page_view,desktop,affiliate,155,dummy
2026-09-14,auto,view_item,desktop,affiliate,94,dummy
2026-09-14,auto,add_to_cart,desktop,affiliate,40,dummy
2026-09-14,auto,begin_checkout,desktop,affiliate,10,dummy
2026-09-14,auto,add_payment_info,desktop,affiliate,5,dummy
2026-09-14,auto,purchase,desktop,affiliate,4,dummy
2026-09-14,auto,page_view,desktop,referral,69,dummy
2026-09-14,auto,view_item,desktop,referral,42,dummy
2026-09-14,auto,add_to_cart,desktop,referral,14,dummy
2026-09-14,auto,begin_checkout,desktop,referral,5,dummy
2026-09-14,auto,add_payment_info,desktop,referral,2,dummy
2026-09-14,auto,purchase,desktop,referral,2,dummy
2026-09-14,auto,page_view,tablet,sea,101,dummy
2026-09-14,auto,view_item,tablet,sea,55,dummy
2026-09-14,auto,add_to_cart,tablet,sea,22,dummy
2026-09-14,auto,begin_checkout,tablet,sea,2,dummy
2026-09-14,auto,add_payment_info,tablet,sea,2,dummy
2026-09-14,auto,purchase,tablet,sea,2,dummy
2026-09-14,auto,page_view,tablet,seo,110,dummy
2026-09-14,auto,view_item,tablet,seo,60,dummy
2026-09-14,auto,add_to_cart,tablet,seo,22,dummy
2026-09-14,auto,begin_checkout,tablet,seo,6,dummy
2026-09-14,auto,add_payment_info,tablet,seo,3,dummy
2026-09-14,auto,purchase,tablet,seo,3,dummy
2026-09-14,auto,page_view,tablet,direct,47,dummy
2026-09-14,auto,view_item,tablet,direct,21,dummy
2026-09-14,auto,add_to_cart,tablet,direct,13,dummy
2026-09-14,auto,begin_checkout,tablet,direct,3,dummy
2026-09-14,auto,add_payment_info,tablet,direct,2,dummy
2026-09-14,auto,purchase,tablet,direct,2,dummy
2026-09-14,auto,page_view,tablet,email,28,dummy
2026-09-14,auto,view_item,tablet,email,20,dummy
2026-09-14,auto,add_to_cart,tablet,email,12,dummy
2026-09-14,auto,begin_checkout,tablet,email,3,dummy
2026-09-14,auto,add_payment_info,tablet,email,1,dummy
2026-09-14,auto,purchase,tablet,email,1,dummy
2026-09-14,auto,page_view,tablet,paid_social,28,dummy
2026-09-14,auto,view_item,tablet,paid_social,14,dummy
2026-09-14,auto,add_to_cart,tablet,paid_social,8,dummy
2026-09-14,auto,begin_checkout,tablet,paid_social,2,dummy
2026-09-14,auto,add_payment_info,tablet,paid_social,2,dummy
2026-09-14,auto,purchase,tablet,paid_social,2,dummy
2026-09-14,auto,page_view,tablet,affiliate,40,dummy
2026-09-14,auto,view_item,tablet,affiliate,20,dummy
2026-09-14,auto,add_to_cart,tablet,affiliate,7,dummy
2026-09-14,auto,begin_checkout,tablet,affiliate,4,dummy
2026-09-14,auto,add_payment_info,tablet,affiliate,1,dummy
2026-09-14,auto,purchase,tablet,affiliate,1,dummy
2026-09-14,auto,page_view,tablet,referral,9,dummy
2026-09-14,auto,view_item,tablet,referral,7,dummy
2026-09-14,auto,add_to_cart,tablet,referral,4,dummy
2026-09-14,auto,begin_checkout,tablet,referral,0,dummy
2026-09-14,auto,add_payment_info,tablet,referral,0,dummy
2026-09-14,auto,purchase,tablet,referral,0,dummy
2026-09-15,auto,page_view,mobile,sea,855,dummy
2026-09-15,auto,view_item,mobile,sea,320,dummy
2026-09-15,auto,add_to_cart,mobile,sea,114,dummy
2026-09-15,auto,begin_checkout,mobile,sea,40,dummy
2026-09-15,auto,add_payment_info,mobile,sea,28,dummy
2026-09-15,auto,purchase,mobile,sea,27,dummy
2026-09-15,auto,page_view,mobile,seo,727,dummy
2026-09-15,auto,view_item,mobile,seo,269,dummy
2026-09-15,auto,add_to_cart,mobile,seo,110,dummy
2026-09-15,auto,begin_checkout,mobile,seo,34,dummy
2026-09-15,auto,add_payment_info,mobile,seo,21,dummy
2026-09-15,auto,purchase,mobile,seo,17,dummy
2026-09-15,auto,page_view,mobile,direct,453,dummy
2026-09-15,auto,view_item,mobile,direct,166,dummy
2026-09-15,auto,add_to_cart,mobile,direct,73,dummy
2026-09-15,auto,begin_checkout,mobile,direct,24,dummy
2026-09-15,auto,add_payment_info,mobile,direct,12,dummy
2026-09-15,auto,purchase,mobile,direct,10,dummy
2026-09-15,auto,page_view,mobile,email,223,dummy
2026-09-15,auto,view_item,mobile,email,88,dummy
2026-09-15,auto,add_to_cart,mobile,email,34,dummy
2026-09-15,auto,begin_checkout,mobile,email,13,dummy
2026-09-15,auto,add_payment_info,mobile,email,7,dummy
2026-09-15,auto,purchase,mobile,email,6,dummy
2026-09-15,auto,page_view,mobile,paid_social,184,dummy
2026-09-15,auto,view_item,mobile,paid_social,68,dummy
2026-09-15,auto,add_to_cart,mobile,paid_social,23,dummy
2026-09-15,auto,begin_checkout,mobile,paid_social,8,dummy
2026-09-15,auto,add_payment_info,mobile,paid_social,4,dummy
2026-09-15,auto,purchase,mobile,paid_social,3,dummy
2026-09-15,auto,page_view,mobile,affiliate,306,dummy
2026-09-15,auto,view_item,mobile,affiliate,110,dummy
2026-09-15,auto,add_to_cart,mobile,affiliate,50,dummy
2026-09-15,auto,begin_checkout,mobile,affiliate,10,dummy
2026-09-15,auto,add_payment_info,mobile,affiliate,7,dummy
2026-09-15,auto,purchase,mobile,affiliate,4,dummy
2026-09-15,auto,page_view,mobile,referral,145,dummy
2026-09-15,auto,view_item,mobile,referral,49,dummy
2026-09-15,auto,add_to_cart,mobile,referral,25,dummy
2026-09-15,auto,begin_checkout,mobile,referral,5,dummy
2026-09-15,auto,add_payment_info,mobile,referral,5,dummy
2026-09-15,auto,purchase,mobile,referral,5,dummy
2026-09-15,auto,page_view,desktop,sea,563,dummy
2026-09-15,auto,view_item,desktop,sea,312,dummy
2026-09-15,auto,add_to_cart,desktop,sea,112,dummy
2026-09-15,auto,begin_checkout,desktop,sea,35,dummy
2026-09-15,auto,add_payment_info,desktop,sea,20,dummy
2026-09-15,auto,purchase,desktop,sea,18,dummy
2026-09-15,auto,page_view,desktop,seo,400,dummy
2026-09-15,auto,view_item,desktop,seo,221,dummy
2026-09-15,auto,add_to_cart,desktop,seo,107,dummy
2026-09-15,auto,begin_checkout,desktop,seo,31,dummy
2026-09-15,auto,add_payment_info,desktop,seo,20,dummy
2026-09-15,auto,purchase,desktop,seo,17,dummy
2026-09-15,auto,page_view,desktop,direct,232,dummy
2026-09-15,auto,view_item,desktop,direct,120,dummy
2026-09-15,auto,add_to_cart,desktop,direct,63,dummy
2026-09-15,auto,begin_checkout,desktop,direct,18,dummy
2026-09-15,auto,add_payment_info,desktop,direct,10,dummy
2026-09-15,auto,purchase,desktop,direct,8,dummy
2026-09-15,auto,page_view,desktop,email,143,dummy
2026-09-15,auto,view_item,desktop,email,82,dummy
2026-09-15,auto,add_to_cart,desktop,email,37,dummy
2026-09-15,auto,begin_checkout,desktop,email,10,dummy
2026-09-15,auto,add_payment_info,desktop,email,9,dummy
2026-09-15,auto,purchase,desktop,email,9,dummy
2026-09-15,auto,page_view,desktop,paid_social,116,dummy
2026-09-15,auto,view_item,desktop,paid_social,57,dummy
2026-09-15,auto,add_to_cart,desktop,paid_social,27,dummy
2026-09-15,auto,begin_checkout,desktop,paid_social,7,dummy
2026-09-15,auto,add_payment_info,desktop,paid_social,5,dummy
2026-09-15,auto,purchase,desktop,paid_social,4,dummy
2026-09-15,auto,page_view,desktop,affiliate,161,dummy
2026-09-15,auto,view_item,desktop,affiliate,88,dummy
2026-09-15,auto,add_to_cart,desktop,affiliate,49,dummy
2026-09-15,auto,begin_checkout,desktop,affiliate,15,dummy
2026-09-15,auto,add_payment_info,desktop,affiliate,9,dummy
2026-09-15,auto,purchase,desktop,affiliate,8,dummy
2026-09-15,auto,page_view,desktop,referral,79,dummy
2026-09-15,auto,view_item,desktop,referral,42,dummy
2026-09-15,auto,add_to_cart,desktop,referral,12,dummy
2026-09-15,auto,begin_checkout,desktop,referral,3,dummy
2026-09-15,auto,add_payment_info,desktop,referral,2,dummy
2026-09-15,auto,purchase,desktop,referral,2,dummy
2026-09-15,auto,page_view,tablet,sea,109,dummy
2026-09-15,auto,view_item,tablet,sea,62,dummy
2026-09-15,auto,add_to_cart,tablet,sea,16,dummy
2026-09-15,auto,begin_checkout,tablet,sea,2,dummy
2026-09-15,auto,add_payment_info,tablet,sea,2,dummy
2026-09-15,auto,purchase,tablet,sea,2,dummy
2026-09-15,auto,page_view,tablet,seo,97,dummy
2026-09-15,auto,view_item,tablet,seo,50,dummy
2026-09-15,auto,add_to_cart,tablet,seo,14,dummy
2026-09-15,auto,begin_checkout,tablet,seo,4,dummy
2026-09-15,auto,add_payment_info,tablet,seo,2,dummy
2026-09-15,auto,purchase,tablet,seo,2,dummy
2026-09-15,auto,page_view,tablet,direct,51,dummy
2026-09-15,auto,view_item,tablet,direct,30,dummy
2026-09-15,auto,add_to_cart,tablet,direct,13,dummy
2026-09-15,auto,begin_checkout,tablet,direct,5,dummy
2026-09-15,auto,add_payment_info,tablet,direct,5,dummy
2026-09-15,auto,purchase,tablet,direct,4,dummy
2026-09-15,auto,page_view,tablet,email,31,dummy
2026-09-15,auto,view_item,tablet,email,20,dummy
2026-09-15,auto,add_to_cart,tablet,email,14,dummy
2026-09-15,auto,begin_checkout,tablet,email,3,dummy
2026-09-15,auto,add_payment_info,tablet,email,2,dummy
2026-09-15,auto,purchase,tablet,email,1,dummy
2026-09-15,auto,page_view,tablet,paid_social,34,dummy
2026-09-15,auto,view_item,tablet,paid_social,12,dummy
2026-09-15,auto,add_to_cart,tablet,paid_social,5,dummy
2026-09-15,auto,begin_checkout,tablet,paid_social,1,dummy
2026-09-15,auto,add_payment_info,tablet,paid_social,1,dummy
2026-09-15,auto,purchase,tablet,paid_social,0,dummy
2026-09-15,auto,page_view,tablet,affiliate,37,dummy
2026-09-15,auto,view_item,tablet,affiliate,17,dummy
2026-09-15,auto,add_to_cart,tablet,affiliate,8,dummy
2026-09-15,auto,begin_checkout,tablet,affiliate,5,dummy
2026-09-15,auto,add_payment_info,tablet,affiliate,1,dummy
2026-09-15,auto,purchase,tablet,affiliate,0,dummy
2026-09-15,auto,page_view,tablet,referral,13,dummy
2026-09-15,auto,view_item,tablet,referral,9,dummy
2026-09-15,auto,add_to_cart,tablet,referral,5,dummy
2026-09-15,auto,begin_checkout,tablet,referral,2,dummy
2026-09-15,auto,add_payment_info,tablet,referral,2,dummy
2026-09-15,auto,purchase,tablet,referral,1,dummy
2026-09-16,auto,page_view,mobile,sea,879,dummy
2026-09-16,auto,view_item,mobile,sea,350,dummy
2026-09-16,auto,add_to_cart,mobile,sea,121,dummy
2026-09-16,auto,begin_checkout,mobile,sea,34,dummy
2026-09-16,auto,add_payment_info,mobile,sea,24,dummy
2026-09-16,auto,purchase,mobile,sea,16,dummy
2026-09-16,auto,page_view,mobile,seo,749,dummy
2026-09-16,auto,view_item,mobile,seo,283,dummy
2026-09-16,auto,add_to_cart,mobile,seo,129,dummy
2026-09-16,auto,begin_checkout,mobile,seo,41,dummy
2026-09-16,auto,add_payment_info,mobile,seo,29,dummy
2026-09-16,auto,purchase,mobile,seo,23,dummy
2026-09-16,auto,page_view,mobile,direct,484,dummy
2026-09-16,auto,view_item,mobile,direct,191,dummy
2026-09-16,auto,add_to_cart,mobile,direct,86,dummy
2026-09-16,auto,begin_checkout,mobile,direct,28,dummy
2026-09-16,auto,add_payment_info,mobile,direct,21,dummy
2026-09-16,auto,purchase,mobile,direct,21,dummy
2026-09-16,auto,page_view,mobile,email,204,dummy
2026-09-16,auto,view_item,mobile,email,77,dummy
2026-09-16,auto,add_to_cart,mobile,email,39,dummy
2026-09-16,auto,begin_checkout,mobile,email,14,dummy
2026-09-16,auto,add_payment_info,mobile,email,11,dummy
2026-09-16,auto,purchase,mobile,email,10,dummy
2026-09-16,auto,page_view,mobile,paid_social,230,dummy
2026-09-16,auto,view_item,mobile,paid_social,78,dummy
2026-09-16,auto,add_to_cart,mobile,paid_social,34,dummy
2026-09-16,auto,begin_checkout,mobile,paid_social,10,dummy
2026-09-16,auto,add_payment_info,mobile,paid_social,6,dummy
2026-09-16,auto,purchase,mobile,paid_social,6,dummy
2026-09-16,auto,page_view,mobile,affiliate,291,dummy
2026-09-16,auto,view_item,mobile,affiliate,123,dummy
2026-09-16,auto,add_to_cart,mobile,affiliate,46,dummy
2026-09-16,auto,begin_checkout,mobile,affiliate,6,dummy
2026-09-16,auto,add_payment_info,mobile,affiliate,4,dummy
2026-09-16,auto,purchase,mobile,affiliate,3,dummy
2026-09-16,auto,page_view,mobile,referral,143,dummy
2026-09-16,auto,view_item,mobile,referral,38,dummy
2026-09-16,auto,add_to_cart,mobile,referral,18,dummy
2026-09-16,auto,begin_checkout,mobile,referral,3,dummy
2026-09-16,auto,add_payment_info,mobile,referral,3,dummy
2026-09-16,auto,purchase,mobile,referral,2,dummy
2026-09-16,auto,page_view,desktop,sea,499,dummy
2026-09-16,auto,view_item,desktop,sea,274,dummy
2026-09-16,auto,add_to_cart,desktop,sea,93,dummy
2026-09-16,auto,begin_checkout,desktop,sea,31,dummy
2026-09-16,auto,add_payment_info,desktop,sea,21,dummy
2026-09-16,auto,purchase,desktop,sea,16,dummy
2026-09-16,auto,page_view,desktop,seo,390,dummy
2026-09-16,auto,view_item,desktop,seo,212,dummy
2026-09-16,auto,add_to_cart,desktop,seo,94,dummy
2026-09-16,auto,begin_checkout,desktop,seo,29,dummy
2026-09-16,auto,add_payment_info,desktop,seo,19,dummy
2026-09-16,auto,purchase,desktop,seo,17,dummy
2026-09-16,auto,page_view,desktop,direct,234,dummy
2026-09-16,auto,view_item,desktop,direct,119,dummy
2026-09-16,auto,add_to_cart,desktop,direct,55,dummy
2026-09-16,auto,begin_checkout,desktop,direct,13,dummy
2026-09-16,auto,add_payment_info,desktop,direct,11,dummy
2026-09-16,auto,purchase,desktop,direct,11,dummy
2026-09-16,auto,page_view,desktop,email,137,dummy
2026-09-16,auto,view_item,desktop,email,78,dummy
2026-09-16,auto,add_to_cart,desktop,email,39,dummy
2026-09-16,auto,begin_checkout,desktop,email,5,dummy
2026-09-16,auto,add_payment_info,desktop,email,4,dummy
2026-09-16,auto,purchase,desktop,email,4,dummy
2026-09-16,auto,page_view,desktop,paid_social,114,dummy
2026-09-16,auto,view_item,desktop,paid_social,55,dummy
2026-09-16,auto,add_to_cart,desktop,paid_social,27,dummy
2026-09-16,auto,begin_checkout,desktop,paid_social,9,dummy
2026-09-16,auto,add_payment_info,desktop,paid_social,7,dummy
2026-09-16,auto,purchase,desktop,paid_social,4,dummy
2026-09-16,auto,page_view,desktop,affiliate,167,dummy
2026-09-16,auto,view_item,desktop,affiliate,91,dummy
2026-09-16,auto,add_to_cart,desktop,affiliate,40,dummy
2026-09-16,auto,begin_checkout,desktop,affiliate,13,dummy
2026-09-16,auto,add_payment_info,desktop,affiliate,12,dummy
2026-09-16,auto,purchase,desktop,affiliate,10,dummy
2026-09-16,auto,page_view,desktop,referral,97,dummy
2026-09-16,auto,view_item,desktop,referral,62,dummy
2026-09-16,auto,add_to_cart,desktop,referral,27,dummy
2026-09-16,auto,begin_checkout,desktop,referral,4,dummy
2026-09-16,auto,add_payment_info,desktop,referral,3,dummy
2026-09-16,auto,purchase,desktop,referral,2,dummy
2026-09-16,auto,page_view,tablet,sea,115,dummy
2026-09-16,auto,view_item,tablet,sea,69,dummy
2026-09-16,auto,add_to_cart,tablet,sea,18,dummy
2026-09-16,auto,begin_checkout,tablet,sea,6,dummy
2026-09-16,auto,add_payment_info,tablet,sea,5,dummy
2026-09-16,auto,purchase,tablet,sea,4,dummy
2026-09-16,auto,page_view,tablet,seo,112,dummy
2026-09-16,auto,view_item,tablet,seo,54,dummy
2026-09-16,auto,add_to_cart,tablet,seo,26,dummy
2026-09-16,auto,begin_checkout,tablet,seo,7,dummy
2026-09-16,auto,add_payment_info,tablet,seo,5,dummy
2026-09-16,auto,purchase,tablet,seo,5,dummy
2026-09-16,auto,page_view,tablet,direct,50,dummy
2026-09-16,auto,view_item,tablet,direct,27,dummy
2026-09-16,auto,add_to_cart,tablet,direct,9,dummy
2026-09-16,auto,begin_checkout,tablet,direct,5,dummy
2026-09-16,auto,add_payment_info,tablet,direct,3,dummy
2026-09-16,auto,purchase,tablet,direct,2,dummy
2026-09-16,auto,page_view,tablet,email,26,dummy
2026-09-16,auto,view_item,tablet,email,14,dummy
2026-09-16,auto,add_to_cart,tablet,email,7,dummy
2026-09-16,auto,begin_checkout,tablet,email,2,dummy
2026-09-16,auto,add_payment_info,tablet,email,2,dummy
2026-09-16,auto,purchase,tablet,email,2,dummy
2026-09-16,auto,page_view,tablet,paid_social,25,dummy
2026-09-16,auto,view_item,tablet,paid_social,14,dummy
2026-09-16,auto,add_to_cart,tablet,paid_social,6,dummy
2026-09-16,auto,begin_checkout,tablet,paid_social,2,dummy
2026-09-16,auto,add_payment_info,tablet,paid_social,2,dummy
2026-09-16,auto,purchase,tablet,paid_social,1,dummy
2026-09-16,auto,page_view,tablet,affiliate,34,dummy
2026-09-16,auto,view_item,tablet,affiliate,20,dummy
2026-09-16,auto,add_to_cart,tablet,affiliate,12,dummy
2026-09-16,auto,begin_checkout,tablet,affiliate,2,dummy
2026-09-16,auto,add_payment_info,tablet,affiliate,1,dummy
2026-09-16,auto,purchase,tablet,affiliate,1,dummy
2026-09-16,auto,page_view,tablet,referral,16,dummy
2026-09-16,auto,view_item,tablet,referral,8,dummy
2026-09-16,auto,add_to_cart,tablet,referral,3,dummy
2026-09-16,auto,begin_checkout,tablet,referral,1,dummy
2026-09-16,auto,add_payment_info,tablet,referral,1,dummy
2026-09-16,auto,purchase,tablet,referral,1,dummy
2026-09-17,auto,page_view,mobile,sea,854,dummy
2026-09-17,auto,view_item,mobile,sea,356,dummy
2026-09-17,auto,add_to_cart,mobile,sea,121,dummy
2026-09-17,auto,begin_checkout,mobile,sea,41,dummy
2026-09-17,auto,add_payment_info,mobile,sea,21,dummy
2026-09-17,auto,purchase,mobile,sea,17,dummy
2026-09-17,auto,page_view,mobile,seo,780,dummy
2026-09-17,auto,view_item,mobile,seo,285,dummy
2026-09-17,auto,add_to_cart,mobile,seo,138,dummy
2026-09-17,auto,begin_checkout,mobile,seo,39,dummy
2026-09-17,auto,add_payment_info,mobile,seo,26,dummy
2026-09-17,auto,purchase,mobile,seo,20,dummy
2026-09-17,auto,page_view,mobile,direct,462,dummy
2026-09-17,auto,view_item,mobile,direct,176,dummy
2026-09-17,auto,add_to_cart,mobile,direct,87,dummy
2026-09-17,auto,begin_checkout,mobile,direct,23,dummy
2026-09-17,auto,add_payment_info,mobile,direct,17,dummy
2026-09-17,auto,purchase,mobile,direct,14,dummy
2026-09-17,auto,page_view,mobile,email,216,dummy
2026-09-17,auto,view_item,mobile,email,73,dummy
2026-09-17,auto,add_to_cart,mobile,email,39,dummy
2026-09-17,auto,begin_checkout,mobile,email,18,dummy
2026-09-17,auto,add_payment_info,mobile,email,11,dummy
2026-09-17,auto,purchase,mobile,email,5,dummy
2026-09-17,auto,page_view,mobile,paid_social,220,dummy
2026-09-17,auto,view_item,mobile,paid_social,82,dummy
2026-09-17,auto,add_to_cart,mobile,paid_social,34,dummy
2026-09-17,auto,begin_checkout,mobile,paid_social,12,dummy
2026-09-17,auto,add_payment_info,mobile,paid_social,10,dummy
2026-09-17,auto,purchase,mobile,paid_social,6,dummy
2026-09-17,auto,page_view,mobile,affiliate,295,dummy
2026-09-17,auto,view_item,mobile,affiliate,97,dummy
2026-09-17,auto,add_to_cart,mobile,affiliate,45,dummy
2026-09-17,auto,begin_checkout,mobile,affiliate,19,dummy
2026-09-17,auto,add_payment_info,mobile,affiliate,14,dummy
2026-09-17,auto,purchase,mobile,affiliate,12,dummy
2026-09-17,auto,page_view,mobile,referral,163,dummy
2026-09-17,auto,view_item,mobile,referral,66,dummy
2026-09-17,auto,add_to_cart,mobile,referral,33,dummy
2026-09-17,auto,begin_checkout,mobile,referral,13,dummy
2026-09-17,auto,add_payment_info,mobile,referral,8,dummy
2026-09-17,auto,purchase,mobile,referral,5,dummy
2026-09-17,auto,page_view,desktop,sea,483,dummy
2026-09-17,auto,view_item,desktop,sea,276,dummy
2026-09-17,auto,add_to_cart,desktop,sea,87,dummy
2026-09-17,auto,begin_checkout,desktop,sea,21,dummy
2026-09-17,auto,add_payment_info,desktop,sea,12,dummy
2026-09-17,auto,purchase,desktop,sea,11,dummy
2026-09-17,auto,page_view,desktop,seo,437,dummy
2026-09-17,auto,view_item,desktop,seo,227,dummy
2026-09-17,auto,add_to_cart,desktop,seo,112,dummy
2026-09-17,auto,begin_checkout,desktop,seo,33,dummy
2026-09-17,auto,add_payment_info,desktop,seo,22,dummy
2026-09-17,auto,purchase,desktop,seo,20,dummy
2026-09-17,auto,page_view,desktop,direct,285,dummy
2026-09-17,auto,view_item,desktop,direct,142,dummy
2026-09-17,auto,add_to_cart,desktop,direct,66,dummy
2026-09-17,auto,begin_checkout,desktop,direct,18,dummy
2026-09-17,auto,add_payment_info,desktop,direct,9,dummy
2026-09-17,auto,purchase,desktop,direct,7,dummy
2026-09-17,auto,page_view,desktop,email,133,dummy
2026-09-17,auto,view_item,desktop,email,70,dummy
2026-09-17,auto,add_to_cart,desktop,email,30,dummy
2026-09-17,auto,begin_checkout,desktop,email,12,dummy
2026-09-17,auto,add_payment_info,desktop,email,7,dummy
2026-09-17,auto,purchase,desktop,email,6,dummy
2026-09-17,auto,page_view,desktop,paid_social,130,dummy
2026-09-17,auto,view_item,desktop,paid_social,74,dummy
2026-09-17,auto,add_to_cart,desktop,paid_social,25,dummy
2026-09-17,auto,begin_checkout,desktop,paid_social,6,dummy
2026-09-17,auto,add_payment_info,desktop,paid_social,3,dummy
2026-09-17,auto,purchase,desktop,paid_social,1,dummy
2026-09-17,auto,page_view,desktop,affiliate,179,dummy
2026-09-17,auto,view_item,desktop,affiliate,113,dummy
2026-09-17,auto,add_to_cart,desktop,affiliate,56,dummy
2026-09-17,auto,begin_checkout,desktop,affiliate,12,dummy
2026-09-17,auto,add_payment_info,desktop,affiliate,8,dummy
2026-09-17,auto,purchase,desktop,affiliate,6,dummy
2026-09-17,auto,page_view,desktop,referral,89,dummy
2026-09-17,auto,view_item,desktop,referral,41,dummy
2026-09-17,auto,add_to_cart,desktop,referral,14,dummy
2026-09-17,auto,begin_checkout,desktop,referral,5,dummy
2026-09-17,auto,add_payment_info,desktop,referral,4,dummy
2026-09-17,auto,purchase,desktop,referral,3,dummy
2026-09-17,auto,page_view,tablet,sea,116,dummy
2026-09-17,auto,view_item,tablet,sea,58,dummy
2026-09-17,auto,add_to_cart,tablet,sea,15,dummy
2026-09-17,auto,begin_checkout,tablet,sea,7,dummy
2026-09-17,auto,add_payment_info,tablet,sea,2,dummy
2026-09-17,auto,purchase,tablet,sea,2,dummy
2026-09-17,auto,page_view,tablet,seo,107,dummy
2026-09-17,auto,view_item,tablet,seo,58,dummy
2026-09-17,auto,add_to_cart,tablet,seo,29,dummy
2026-09-17,auto,begin_checkout,tablet,seo,10,dummy
2026-09-17,auto,add_payment_info,tablet,seo,6,dummy
2026-09-17,auto,purchase,tablet,seo,4,dummy
2026-09-17,auto,page_view,tablet,direct,53,dummy
2026-09-17,auto,view_item,tablet,direct,32,dummy
2026-09-17,auto,add_to_cart,tablet,direct,13,dummy
2026-09-17,auto,begin_checkout,tablet,direct,2,dummy
2026-09-17,auto,add_payment_info,tablet,direct,2,dummy
2026-09-17,auto,purchase,tablet,direct,1,dummy
2026-09-17,auto,page_view,tablet,email,27,dummy
2026-09-17,auto,view_item,tablet,email,10,dummy
2026-09-17,auto,add_to_cart,tablet,email,5,dummy
2026-09-17,auto,begin_checkout,tablet,email,1,dummy
2026-09-17,auto,add_payment_info,tablet,email,0,dummy
2026-09-17,auto,purchase,tablet,email,0,dummy
2026-09-17,auto,page_view,tablet,paid_social,21,dummy
2026-09-17,auto,view_item,tablet,paid_social,12,dummy
2026-09-17,auto,add_to_cart,tablet,paid_social,5,dummy
2026-09-17,auto,begin_checkout,tablet,paid_social,3,dummy
2026-09-17,auto,add_payment_info,tablet,paid_social,2,dummy
2026-09-17,auto,purchase,tablet,paid_social,2,dummy
2026-09-17,auto,page_view,tablet,affiliate,34,dummy
2026-09-17,auto,view_item,tablet,affiliate,17,dummy
2026-09-17,auto,add_to_cart,tablet,affiliate,6,dummy
2026-09-17,auto,begin_checkout,tablet,affiliate,2,dummy
2026-09-17,auto,add_payment_info,tablet,affiliate,2,dummy
2026-09-17,auto,purchase,tablet,affiliate,0,dummy
2026-09-17,auto,page_view,tablet,referral,25,dummy
2026-09-17,auto,view_item,tablet,referral,13,dummy
2026-09-17,auto,add_to_cart,tablet,referral,5,dummy
2026-09-17,auto,begin_checkout,tablet,referral,1,dummy
2026-09-17,auto,add_payment_info,tablet,referral,0,dummy
2026-09-17,auto,purchase,tablet,referral,0,dummy
2026-09-18,auto,page_view,mobile,sea,906,dummy
2026-09-18,auto,view_item,mobile,sea,365,dummy
2026-09-18,auto,add_to_cart,mobile,sea,134,dummy
2026-09-18,auto,begin_checkout,mobile,sea,46,dummy
2026-09-18,auto,add_payment_info,mobile,sea,37,dummy
2026-09-18,auto,purchase,mobile,sea,32,dummy
2026-09-18,auto,page_view,mobile,seo,751,dummy
2026-09-18,auto,view_item,mobile,seo,270,dummy
2026-09-18,auto,add_to_cart,mobile,seo,118,dummy
2026-09-18,auto,begin_checkout,mobile,seo,36,dummy
2026-09-18,auto,add_payment_info,mobile,seo,21,dummy
2026-09-18,auto,purchase,mobile,seo,19,dummy
2026-09-18,auto,page_view,mobile,direct,454,dummy
2026-09-18,auto,view_item,mobile,direct,163,dummy
2026-09-18,auto,add_to_cart,mobile,direct,92,dummy
2026-09-18,auto,begin_checkout,mobile,direct,32,dummy
2026-09-18,auto,add_payment_info,mobile,direct,18,dummy
2026-09-18,auto,purchase,mobile,direct,13,dummy
2026-09-18,auto,page_view,mobile,email,248,dummy
2026-09-18,auto,view_item,mobile,email,91,dummy
2026-09-18,auto,add_to_cart,mobile,email,44,dummy
2026-09-18,auto,begin_checkout,mobile,email,22,dummy
2026-09-18,auto,add_payment_info,mobile,email,13,dummy
2026-09-18,auto,purchase,mobile,email,12,dummy
2026-09-18,auto,page_view,mobile,paid_social,223,dummy
2026-09-18,auto,view_item,mobile,paid_social,74,dummy
2026-09-18,auto,add_to_cart,mobile,paid_social,33,dummy
2026-09-18,auto,begin_checkout,mobile,paid_social,9,dummy
2026-09-18,auto,add_payment_info,mobile,paid_social,6,dummy
2026-09-18,auto,purchase,mobile,paid_social,5,dummy
2026-09-18,auto,page_view,mobile,affiliate,275,dummy
2026-09-18,auto,view_item,mobile,affiliate,109,dummy
2026-09-18,auto,add_to_cart,mobile,affiliate,46,dummy
2026-09-18,auto,begin_checkout,mobile,affiliate,16,dummy
2026-09-18,auto,add_payment_info,mobile,affiliate,8,dummy
2026-09-18,auto,purchase,mobile,affiliate,4,dummy
2026-09-18,auto,page_view,mobile,referral,147,dummy
2026-09-18,auto,view_item,mobile,referral,59,dummy
2026-09-18,auto,add_to_cart,mobile,referral,30,dummy
2026-09-18,auto,begin_checkout,mobile,referral,8,dummy
2026-09-18,auto,add_payment_info,mobile,referral,4,dummy
2026-09-18,auto,purchase,mobile,referral,4,dummy
2026-09-18,auto,page_view,desktop,sea,523,dummy
2026-09-18,auto,view_item,desktop,sea,312,dummy
2026-09-18,auto,add_to_cart,desktop,sea,109,dummy
2026-09-18,auto,begin_checkout,desktop,sea,35,dummy
2026-09-18,auto,add_payment_info,desktop,sea,26,dummy
2026-09-18,auto,purchase,desktop,sea,22,dummy
2026-09-18,auto,page_view,desktop,seo,410,dummy
2026-09-18,auto,view_item,desktop,seo,231,dummy
2026-09-18,auto,add_to_cart,desktop,seo,95,dummy
2026-09-18,auto,begin_checkout,desktop,seo,23,dummy
2026-09-18,auto,add_payment_info,desktop,seo,16,dummy
2026-09-18,auto,purchase,desktop,seo,13,dummy
2026-09-18,auto,page_view,desktop,direct,239,dummy
2026-09-18,auto,view_item,desktop,direct,121,dummy
2026-09-18,auto,add_to_cart,desktop,direct,57,dummy
2026-09-18,auto,begin_checkout,desktop,direct,16,dummy
2026-09-18,auto,add_payment_info,desktop,direct,11,dummy
2026-09-18,auto,purchase,desktop,direct,10,dummy
2026-09-18,auto,page_view,desktop,email,120,dummy
2026-09-18,auto,view_item,desktop,email,67,dummy
2026-09-18,auto,add_to_cart,desktop,email,33,dummy
2026-09-18,auto,begin_checkout,desktop,email,8,dummy
2026-09-18,auto,add_payment_info,desktop,email,4,dummy
2026-09-18,auto,purchase,desktop,email,4,dummy
2026-09-18,auto,page_view,desktop,paid_social,110,dummy
2026-09-18,auto,view_item,desktop,paid_social,68,dummy
2026-09-18,auto,add_to_cart,desktop,paid_social,28,dummy
2026-09-18,auto,begin_checkout,desktop,paid_social,9,dummy
2026-09-18,auto,add_payment_info,desktop,paid_social,5,dummy
2026-09-18,auto,purchase,desktop,paid_social,5,dummy
2026-09-18,auto,page_view,desktop,affiliate,146,dummy
2026-09-18,auto,view_item,desktop,affiliate,87,dummy
2026-09-18,auto,add_to_cart,desktop,affiliate,38,dummy
2026-09-18,auto,begin_checkout,desktop,affiliate,9,dummy
2026-09-18,auto,add_payment_info,desktop,affiliate,5,dummy
2026-09-18,auto,purchase,desktop,affiliate,3,dummy
2026-09-18,auto,page_view,desktop,referral,83,dummy
2026-09-18,auto,view_item,desktop,referral,48,dummy
2026-09-18,auto,add_to_cart,desktop,referral,21,dummy
2026-09-18,auto,begin_checkout,desktop,referral,5,dummy
2026-09-18,auto,add_payment_info,desktop,referral,3,dummy
2026-09-18,auto,purchase,desktop,referral,2,dummy
2026-09-18,auto,page_view,tablet,sea,100,dummy
2026-09-18,auto,view_item,tablet,sea,50,dummy
2026-09-18,auto,add_to_cart,tablet,sea,18,dummy
2026-09-18,auto,begin_checkout,tablet,sea,3,dummy
2026-09-18,auto,add_payment_info,tablet,sea,2,dummy
2026-09-18,auto,purchase,tablet,sea,2,dummy
2026-09-18,auto,page_view,tablet,seo,73,dummy
2026-09-18,auto,view_item,tablet,seo,39,dummy
2026-09-18,auto,add_to_cart,tablet,seo,15,dummy
2026-09-18,auto,begin_checkout,tablet,seo,2,dummy
2026-09-18,auto,add_payment_info,tablet,seo,1,dummy
2026-09-18,auto,purchase,tablet,seo,0,dummy
2026-09-18,auto,page_view,tablet,direct,71,dummy
2026-09-18,auto,view_item,tablet,direct,38,dummy
2026-09-18,auto,add_to_cart,tablet,direct,22,dummy
2026-09-18,auto,begin_checkout,tablet,direct,7,dummy
2026-09-18,auto,add_payment_info,tablet,direct,5,dummy
2026-09-18,auto,purchase,tablet,direct,4,dummy
2026-09-18,auto,page_view,tablet,email,24,dummy
2026-09-18,auto,view_item,tablet,email,14,dummy
2026-09-18,auto,add_to_cart,tablet,email,6,dummy
2026-09-18,auto,begin_checkout,tablet,email,4,dummy
2026-09-18,auto,add_payment_info,tablet,email,1,dummy
2026-09-18,auto,purchase,tablet,email,1,dummy
2026-09-18,auto,page_view,tablet,paid_social,29,dummy
2026-09-18,auto,view_item,tablet,paid_social,17,dummy
2026-09-18,auto,add_to_cart,tablet,paid_social,7,dummy
2026-09-18,auto,begin_checkout,tablet,paid_social,1,dummy
2026-09-18,auto,add_payment_info,tablet,paid_social,0,dummy
2026-09-18,auto,purchase,tablet,paid_social,0,dummy
2026-09-18,auto,page_view,tablet,affiliate,41,dummy
2026-09-18,auto,view_item,tablet,affiliate,25,dummy
2026-09-18,auto,add_to_cart,tablet,affiliate,16,dummy
2026-09-18,auto,begin_checkout,tablet,affiliate,6,dummy
2026-09-18,auto,add_payment_info,tablet,affiliate,5,dummy
2026-09-18,auto,purchase,tablet,affiliate,3,dummy
2026-09-18,auto,page_view,tablet,referral,12,dummy
2026-09-18,auto,view_item,tablet,referral,5,dummy
2026-09-18,auto,add_to_cart,tablet,referral,5,dummy
2026-09-18,auto,begin_checkout,tablet,referral,2,dummy
2026-09-18,auto,add_payment_info,tablet,referral,2,dummy
2026-09-18,auto,purchase,tablet,referral,2,dummy
2026-09-19,auto,page_view,mobile,sea,728,dummy
2026-09-19,auto,view_item,mobile,sea,266,dummy
2026-09-19,auto,add_to_cart,mobile,sea,97,dummy
2026-09-19,auto,begin_checkout,mobile,sea,35,dummy
2026-09-19,auto,add_payment_info,mobile,sea,25,dummy
2026-09-19,auto,purchase,mobile,sea,20,dummy
2026-09-19,auto,page_view,mobile,seo,569,dummy
2026-09-19,auto,view_item,mobile,seo,205,dummy
2026-09-19,auto,add_to_cart,mobile,seo,107,dummy
2026-09-19,auto,begin_checkout,mobile,seo,28,dummy
2026-09-19,auto,add_payment_info,mobile,seo,18,dummy
2026-09-19,auto,purchase,mobile,seo,13,dummy
2026-09-19,auto,page_view,mobile,direct,356,dummy
2026-09-19,auto,view_item,mobile,direct,131,dummy
2026-09-19,auto,add_to_cart,mobile,direct,63,dummy
2026-09-19,auto,begin_checkout,mobile,direct,20,dummy
2026-09-19,auto,add_payment_info,mobile,direct,15,dummy
2026-09-19,auto,purchase,mobile,direct,13,dummy
2026-09-19,auto,page_view,mobile,email,208,dummy
2026-09-19,auto,view_item,mobile,email,83,dummy
2026-09-19,auto,add_to_cart,mobile,email,40,dummy
2026-09-19,auto,begin_checkout,mobile,email,10,dummy
2026-09-19,auto,add_payment_info,mobile,email,5,dummy
2026-09-19,auto,purchase,mobile,email,5,dummy
2026-09-19,auto,page_view,mobile,paid_social,164,dummy
2026-09-19,auto,view_item,mobile,paid_social,65,dummy
2026-09-19,auto,add_to_cart,mobile,paid_social,31,dummy
2026-09-19,auto,begin_checkout,mobile,paid_social,10,dummy
2026-09-19,auto,add_payment_info,mobile,paid_social,7,dummy
2026-09-19,auto,purchase,mobile,paid_social,6,dummy
2026-09-19,auto,page_view,mobile,affiliate,277,dummy
2026-09-19,auto,view_item,mobile,affiliate,112,dummy
2026-09-19,auto,add_to_cart,mobile,affiliate,54,dummy
2026-09-19,auto,begin_checkout,mobile,affiliate,15,dummy
2026-09-19,auto,add_payment_info,mobile,affiliate,8,dummy
2026-09-19,auto,purchase,mobile,affiliate,8,dummy
2026-09-19,auto,page_view,mobile,referral,138,dummy
2026-09-19,auto,view_item,mobile,referral,44,dummy
2026-09-19,auto,add_to_cart,mobile,referral,15,dummy
2026-09-19,auto,begin_checkout,mobile,referral,3,dummy
2026-09-19,auto,add_payment_info,mobile,referral,3,dummy
2026-09-19,auto,purchase,mobile,referral,1,dummy
2026-09-19,auto,page_view,desktop,sea,380,dummy
2026-09-19,auto,view_item,desktop,sea,191,dummy
2026-09-19,auto,add_to_cart,desktop,sea,55,dummy
2026-09-19,auto,begin_checkout,desktop,sea,23,dummy
2026-09-19,auto,add_payment_info,desktop,sea,14,dummy
2026-09-19,auto,purchase,desktop,sea,12,dummy
2026-09-19,auto,page_view,desktop,seo,329,dummy
2026-09-19,auto,view_item,desktop,seo,199,dummy
2026-09-19,auto,add_to_cart,desktop,seo,90,dummy
2026-09-19,auto,begin_checkout,desktop,seo,31,dummy
2026-09-19,auto,add_payment_info,desktop,seo,23,dummy
2026-09-19,auto,purchase,desktop,seo,16,dummy
2026-09-19,auto,page_view,desktop,direct,176,dummy
2026-09-19,auto,view_item,desktop,direct,95,dummy
2026-09-19,auto,add_to_cart,desktop,direct,51,dummy
2026-09-19,auto,begin_checkout,desktop,direct,14,dummy
2026-09-19,auto,add_payment_info,desktop,direct,6,dummy
2026-09-19,auto,purchase,desktop,direct,5,dummy
2026-09-19,auto,page_view,desktop,email,93,dummy
2026-09-19,auto,view_item,desktop,email,53,dummy
2026-09-19,auto,add_to_cart,desktop,email,25,dummy
2026-09-19,auto,begin_checkout,desktop,email,11,dummy
2026-09-19,auto,add_payment_info,desktop,email,9,dummy
2026-09-19,auto,purchase,desktop,email,8,dummy
2026-09-19,auto,page_view,desktop,paid_social,91,dummy
2026-09-19,auto,view_item,desktop,paid_social,49,dummy
2026-09-19,auto,add_to_cart,desktop,paid_social,21,dummy
2026-09-19,auto,begin_checkout,desktop,paid_social,4,dummy
2026-09-19,auto,add_payment_info,desktop,paid_social,2,dummy
2026-09-19,auto,purchase,desktop,paid_social,2,dummy
2026-09-19,auto,page_view,desktop,affiliate,131,dummy
2026-09-19,auto,view_item,desktop,affiliate,76,dummy
2026-09-19,auto,add_to_cart,desktop,affiliate,33,dummy
2026-09-19,auto,begin_checkout,desktop,affiliate,9,dummy
2026-09-19,auto,add_payment_info,desktop,affiliate,3,dummy
2026-09-19,auto,purchase,desktop,affiliate,2,dummy
2026-09-19,auto,page_view,desktop,referral,74,dummy
2026-09-19,auto,view_item,desktop,referral,42,dummy
2026-09-19,auto,add_to_cart,desktop,referral,16,dummy
2026-09-19,auto,begin_checkout,desktop,referral,4,dummy
2026-09-19,auto,add_payment_info,desktop,referral,1,dummy
2026-09-19,auto,purchase,desktop,referral,1,dummy
2026-09-19,auto,page_view,tablet,sea,92,dummy
2026-09-19,auto,view_item,tablet,sea,52,dummy
2026-09-19,auto,add_to_cart,tablet,sea,17,dummy
2026-09-19,auto,begin_checkout,tablet,sea,5,dummy
2026-09-19,auto,add_payment_info,tablet,sea,4,dummy
2026-09-19,auto,purchase,tablet,sea,2,dummy
2026-09-19,auto,page_view,tablet,seo,60,dummy
2026-09-19,auto,view_item,tablet,seo,32,dummy
2026-09-19,auto,add_to_cart,tablet,seo,11,dummy
2026-09-19,auto,begin_checkout,tablet,seo,3,dummy
2026-09-19,auto,add_payment_info,tablet,seo,1,dummy
2026-09-19,auto,purchase,tablet,seo,0,dummy
2026-09-19,auto,page_view,tablet,direct,42,dummy
2026-09-19,auto,view_item,tablet,direct,23,dummy
2026-09-19,auto,add_to_cart,tablet,direct,9,dummy
2026-09-19,auto,begin_checkout,tablet,direct,1,dummy
2026-09-19,auto,add_payment_info,tablet,direct,1,dummy
2026-09-19,auto,purchase,tablet,direct,1,dummy
2026-09-19,auto,page_view,tablet,email,20,dummy
2026-09-19,auto,view_item,tablet,email,10,dummy
2026-09-19,auto,add_to_cart,tablet,email,5,dummy
2026-09-19,auto,begin_checkout,tablet,email,1,dummy
2026-09-19,auto,add_payment_info,tablet,email,1,dummy
2026-09-19,auto,purchase,tablet,email,1,dummy
2026-09-19,auto,page_view,tablet,paid_social,13,dummy
2026-09-19,auto,view_item,tablet,paid_social,6,dummy
2026-09-19,auto,add_to_cart,tablet,paid_social,3,dummy
2026-09-19,auto,begin_checkout,tablet,paid_social,0,dummy
2026-09-19,auto,add_payment_info,tablet,paid_social,0,dummy
2026-09-19,auto,purchase,tablet,paid_social,0,dummy
2026-09-19,auto,page_view,tablet,affiliate,30,dummy
2026-09-19,auto,view_item,tablet,affiliate,20,dummy
2026-09-19,auto,add_to_cart,tablet,affiliate,9,dummy
2026-09-19,auto,begin_checkout,tablet,affiliate,5,dummy
2026-09-19,auto,add_payment_info,tablet,affiliate,2,dummy
2026-09-19,auto,purchase,tablet,affiliate,2,dummy
2026-09-19,auto,page_view,tablet,referral,12,dummy
2026-09-19,auto,view_item,tablet,referral,7,dummy
2026-09-19,auto,add_to_cart,tablet,referral,4,dummy
2026-09-19,auto,begin_checkout,tablet,referral,3,dummy
2026-09-19,auto,add_payment_info,tablet,referral,2,dummy
2026-09-19,auto,purchase,tablet,referral,2,dummy
2026-09-20,auto,page_view,mobile,sea,705,dummy
2026-09-20,auto,view_item,mobile,sea,268,dummy
2026-09-20,auto,add_to_cart,mobile,sea,81,dummy
2026-09-20,auto,begin_checkout,mobile,sea,22,dummy
2026-09-20,auto,add_payment_info,mobile,sea,13,dummy
2026-09-20,auto,purchase,mobile,sea,13,dummy
2026-09-20,auto,page_view,mobile,seo,592,dummy
2026-09-20,auto,view_item,mobile,seo,227,dummy
2026-09-20,auto,add_to_cart,mobile,seo,104,dummy
2026-09-20,auto,begin_checkout,mobile,seo,35,dummy
2026-09-20,auto,add_payment_info,mobile,seo,26,dummy
2026-09-20,auto,purchase,mobile,seo,23,dummy
2026-09-20,auto,page_view,mobile,direct,370,dummy
2026-09-20,auto,view_item,mobile,direct,128,dummy
2026-09-20,auto,add_to_cart,mobile,direct,62,dummy
2026-09-20,auto,begin_checkout,mobile,direct,21,dummy
2026-09-20,auto,add_payment_info,mobile,direct,13,dummy
2026-09-20,auto,purchase,mobile,direct,11,dummy
2026-09-20,auto,page_view,mobile,email,197,dummy
2026-09-20,auto,view_item,mobile,email,67,dummy
2026-09-20,auto,add_to_cart,mobile,email,29,dummy
2026-09-20,auto,begin_checkout,mobile,email,10,dummy
2026-09-20,auto,add_payment_info,mobile,email,6,dummy
2026-09-20,auto,purchase,mobile,email,4,dummy
2026-09-20,auto,page_view,mobile,paid_social,175,dummy
2026-09-20,auto,view_item,mobile,paid_social,62,dummy
2026-09-20,auto,add_to_cart,mobile,paid_social,28,dummy
2026-09-20,auto,begin_checkout,mobile,paid_social,10,dummy
2026-09-20,auto,add_payment_info,mobile,paid_social,7,dummy
2026-09-20,auto,purchase,mobile,paid_social,6,dummy
2026-09-20,auto,page_view,mobile,affiliate,249,dummy
2026-09-20,auto,view_item,mobile,affiliate,101,dummy
2026-09-20,auto,add_to_cart,mobile,affiliate,38,dummy
2026-09-20,auto,begin_checkout,mobile,affiliate,11,dummy
2026-09-20,auto,add_payment_info,mobile,affiliate,7,dummy
2026-09-20,auto,purchase,mobile,affiliate,7,dummy
2026-09-20,auto,page_view,mobile,referral,132,dummy
2026-09-20,auto,view_item,mobile,referral,48,dummy
2026-09-20,auto,add_to_cart,mobile,referral,19,dummy
2026-09-20,auto,begin_checkout,mobile,referral,9,dummy
2026-09-20,auto,add_payment_info,mobile,referral,6,dummy
2026-09-20,auto,purchase,mobile,referral,3,dummy
2026-09-20,auto,page_view,desktop,sea,388,dummy
2026-09-20,auto,view_item,desktop,sea,207,dummy
2026-09-20,auto,add_to_cart,desktop,sea,72,dummy
2026-09-20,auto,begin_checkout,desktop,sea,21,dummy
2026-09-20,auto,add_payment_info,desktop,sea,14,dummy
2026-09-20,auto,purchase,desktop,sea,11,dummy
2026-09-20,auto,page_view,desktop,seo,334,dummy
2026-09-20,auto,view_item,desktop,seo,182,dummy
2026-09-20,auto,add_to_cart,desktop,seo,88,dummy
2026-09-20,auto,begin_checkout,desktop,seo,27,dummy
2026-09-20,auto,add_payment_info,desktop,seo,19,dummy
2026-09-20,auto,purchase,desktop,seo,16,dummy
2026-09-20,auto,page_view,desktop,direct,212,dummy
2026-09-20,auto,view_item,desktop,direct,122,dummy
2026-09-20,auto,add_to_cart,desktop,direct,57,dummy
2026-09-20,auto,begin_checkout,desktop,direct,18,dummy
2026-09-20,auto,add_payment_info,desktop,direct,11,dummy
2026-09-20,auto,purchase,desktop,direct,8,dummy
2026-09-20,auto,page_view,desktop,email,104,dummy
2026-09-20,auto,view_item,desktop,email,58,dummy
2026-09-20,auto,add_to_cart,desktop,email,32,dummy
2026-09-20,auto,begin_checkout,desktop,email,12,dummy
2026-09-20,auto,add_payment_info,desktop,email,7,dummy
2026-09-20,auto,purchase,desktop,email,5,dummy
2026-09-20,auto,page_view,desktop,paid_social,101,dummy
2026-09-20,auto,view_item,desktop,paid_social,58,dummy
2026-09-20,auto,add_to_cart,desktop,paid_social,29,dummy
2026-09-20,auto,begin_checkout,desktop,paid_social,11,dummy
2026-09-20,auto,add_payment_info,desktop,paid_social,7,dummy
2026-09-20,auto,purchase,desktop,paid_social,3,dummy
2026-09-20,auto,page_view,desktop,affiliate,128,dummy
2026-09-20,auto,view_item,desktop,affiliate,81,dummy
2026-09-20,auto,add_to_cart,desktop,affiliate,36,dummy
2026-09-20,auto,begin_checkout,desktop,affiliate,8,dummy
2026-09-20,auto,add_payment_info,desktop,affiliate,5,dummy
2026-09-20,auto,purchase,desktop,affiliate,5,dummy
2026-09-20,auto,page_view,desktop,referral,55,dummy
2026-09-20,auto,view_item,desktop,referral,33,dummy
2026-09-20,auto,add_to_cart,desktop,referral,15,dummy
2026-09-20,auto,begin_checkout,desktop,referral,5,dummy
2026-09-20,auto,add_payment_info,desktop,referral,2,dummy
2026-09-20,auto,purchase,desktop,referral,2,dummy
2026-09-20,auto,page_view,tablet,sea,81,dummy
2026-09-20,auto,view_item,tablet,sea,44,dummy
2026-09-20,auto,add_to_cart,tablet,sea,11,dummy
2026-09-20,auto,begin_checkout,tablet,sea,3,dummy
2026-09-20,auto,add_payment_info,tablet,sea,3,dummy
2026-09-20,auto,purchase,tablet,sea,1,dummy
2026-09-20,auto,page_view,tablet,seo,65,dummy
2026-09-20,auto,view_item,tablet,seo,42,dummy
2026-09-20,auto,add_to_cart,tablet,seo,24,dummy
2026-09-20,auto,begin_checkout,tablet,seo,11,dummy
2026-09-20,auto,add_payment_info,tablet,seo,7,dummy
2026-09-20,auto,purchase,tablet,seo,5,dummy
2026-09-20,auto,page_view,tablet,direct,40,dummy
2026-09-20,auto,view_item,tablet,direct,23,dummy
2026-09-20,auto,add_to_cart,tablet,direct,13,dummy
2026-09-20,auto,begin_checkout,tablet,direct,3,dummy
2026-09-20,auto,add_payment_info,tablet,direct,3,dummy
2026-09-20,auto,purchase,tablet,direct,2,dummy
2026-09-20,auto,page_view,tablet,email,25,dummy
2026-09-20,auto,view_item,tablet,email,13,dummy
2026-09-20,auto,add_to_cart,tablet,email,8,dummy
2026-09-20,auto,begin_checkout,tablet,email,1,dummy
2026-09-20,auto,add_payment_info,tablet,email,0,dummy
2026-09-20,auto,purchase,tablet,email,0,dummy
2026-09-20,auto,page_view,tablet,paid_social,12,dummy
2026-09-20,auto,view_item,tablet,paid_social,4,dummy
2026-09-20,auto,add_to_cart,tablet,paid_social,1,dummy
2026-09-20,auto,begin_checkout,tablet,paid_social,1,dummy
2026-09-20,auto,add_payment_info,tablet,paid_social,0,dummy
2026-09-20,auto,purchase,tablet,paid_social,0,dummy
2026-09-20,auto,page_view,tablet,affiliate,25,dummy
2026-09-20,auto,view_item,tablet,affiliate,14,dummy
2026-09-20,auto,add_to_cart,tablet,affiliate,5,dummy
2026-09-20,auto,begin_checkout,tablet,affiliate,1,dummy
2026-09-20,auto,add_payment_info,tablet,affiliate,0,dummy
2026-09-20,auto,purchase,tablet,affiliate,0,dummy
2026-09-20,auto,page_view,tablet,referral,9,dummy
2026-09-20,auto,view_item,tablet,referral,3,dummy
2026-09-20,auto,add_to_cart,tablet,referral,1,dummy
2026-09-20,auto,begin_checkout,tablet,referral,0,dummy
2026-09-20,auto,add_payment_info,tablet,referral,0,dummy
2026-09-20,auto,purchase,tablet,referral,0,dummy
